[internal] load build definition from rtx5080_torch_all_uv.Dockerfile
	transferring 10416/0 0.006
resolve image config for docker-image://docker.io/docker/dockerfile:1
docker-image://docker.io/docker/dockerfile:1@sha256:b6afd42430b15f2d2a4c5a02b919e98a525b785b1aaff16747d2f623364e39b6
	resolve docker.io/docker/dockerfile:1@sha256:b6afd42430b15f2d2a4c5a02b919e98a525b785b1aaff16747d2f623364e39b6 0/0 203.308
[internal] load metadata for docker.io/nvidia/cuda:12.9.0-devel-ubuntu22.04
[internal] load .dockerignore
	transferring 2/0 0.003
[stage-0  1/23] FROM docker.io/nvidia/cuda:12.9.0-devel-ubuntu22.04@sha256:26cd7d00c09c1f3ff187929c7f4aa7e9273020cb18e86730f40e062e8ffa4d33
	resolve docker.io/nvidia/cuda:12.9.0-devel-ubuntu22.04@sha256:26cd7d00c09c1f3ff187929c7f4aa7e9273020cb18e86730f40e062e8ffa4d33 0/0 0.069
[stage-0  7/23] RUN python3 <<EOF
	Patched /usr/local/lib/python3.10/dist-packages/torch/include/tensorpipe/core/message.h
	Patched /usr/local/lib/python3.10/dist-packages/torch/include/tensorpipe/channel/context.h
	Patched /usr/local/lib/python3.10/dist-packages/torch/include/tensorpipe/common/device.h
	Patched /usr/local/lib/python3.10/dist-packages/torch/include/c10/core/TensorOptions.h
	Patched /usr/local/lib/python3.10/dist-packages/torch/include/c10/core/Storage.h
	Patched /usr/local/lib/python3.10/dist-packages/torch/include/c10/core/StorageImpl.h
	Patched /usr/local/lib/python3.10/dist-packages/torch/include/c10/core/DeviceGuard.h
	Patched /usr/local/lib/python3.10/dist-packages/torch/include/c10/core/Device.h
	Patched /usr/local/lib/python3.10/dist-packages/torch/include/c10/core/impl/DeviceGuardImplInterface.h
	Patched /usr/local/lib/python3.10/dist-packages/torch/include/c10/core/impl/InlineDeviceGuard.h
	Patched /usr/local/lib/python3.10/dist-packages/torch/include/c10/cuda/CUDAGuard.h
	Patched /usr/local/lib/python3.10/dist-packages/torch/include/c10/cuda/impl/CUDAGuardImpl.h
	Patched /usr/local/lib/python3.10/dist-packages/torch/include/torch/csrc/Device.h
	Patched /usr/local/lib/python3.10/dist-packages/torch/include/torch/csrc/CudaIPCTypes.h
	Patched /usr/local/lib/python3.10/dist-packages/torch/include/torch/csrc/lazy/ts_backend/ops/to_copy.h
	Patched /usr/local/lib/python3.10/dist-packages/torch/include/torch/csrc/lazy/backend/backend_interface.h
	Patched /usr/local/lib/python3.10/dist-packages/torch/include/torch/csrc/lazy/core/tensor.h
	Patched /usr/local/lib/python3.10/dist-packages/torch/include/torch/csrc/lazy/core/shape_inference.h
	Patched /usr/local/lib/python3.10/dist-packages/torch/include/torch/csrc/lazy/generated/LazyNativeFunctions.h
	Patched /usr/local/lib/python3.10/dist-packages/torch/include/torch/csrc/tensor/python_tensor.h
	Patched /usr/local/lib/python3.10/dist-packages/torch/include/torch/csrc/dynamo/guards.h
	Patched /usr/local/lib/python3.10/dist-packages/torch/include/torch/csrc/dynamo/compiled_autograd.h
	Patched /usr/local/lib/python3.10/dist-packages/torch/include/torch/csrc/api/include/torch/nested.h
	Patched /usr/local/lib/python3.10/dist-packages/torch/include/torch/csrc/api/include/torch/serialize/input-archive.h
	Patched /usr/local/lib/python3.10/dist-packages/torch/include/torch/csrc/api/include/torch/nn/module.h
	Patched /usr/local/lib/python3.10/dist-packages/torch/include/torch/csrc/api/include/torch/nn/cloneable.h
	Patched /usr/local/lib/python3.10/dist-packages/torch/include/torch/csrc/api/include/torch/nn/parallel/data_parallel.h
	Patched /usr/local/lib/python3.10/dist-packages/torch/include/torch/csrc/api/include/torch/nn/modules/rnn.h
	Patched /usr/local/lib/python3.10/dist-packages/torch/include/torch/csrc/api/include/torch/nn/modules/container/sequential.h
	Patched /usr/local/lib/python3.10/dist-packages/torch/include/torch/csrc/api/include/torch/nn/modules/container/modulelist.h
	Patched /usr/local/lib/python3.10/dist-packages/torch/include/torch/csrc/api/include/torch/nn/modules/container/moduledict.h
	Patched /usr/local/lib/python3.10/dist-packages/torch/include/torch/csrc/api/include/torch/nn/modules/container/any_module_holder.h
	Patched /usr/local/lib/python3.10/dist-packages/torch/include/torch/csrc/api/include/torch/nn/modules/container/any.h
	Patched /usr/local/lib/python3.10/dist-packages/torch/include/torch/csrc/api/include/torch/nn/utils/rnn.h
	Patched /usr/local/lib/python3.10/dist-packages/torch/include/torch/csrc/autograd/function.h
	Patched /usr/local/lib/python3.10/dist-packages/torch/include/torch/csrc/autograd/python_variable_indexing.h
	Patched /usr/local/lib/python3.10/dist-packages/torch/include/torch/csrc/autograd/variable_info.h
	Patched /usr/local/lib/python3.10/dist-packages/torch/include/torch/csrc/autograd/engine.h
	Patched /usr/local/lib/python3.10/dist-packages/torch/include/torch/csrc/autograd/input_metadata.h
	Patched /usr/local/lib/python3.10/dist-packages/torch/include/torch/csrc/autograd/functions/comm.h
	Patched /usr/local/lib/python3.10/dist-packages/torch/include/torch/csrc/autograd/generated/VariableType.h
	Patched /usr/local/lib/python3.10/dist-packages/torch/include/torch/csrc/autograd/utils/python_arg_parsing.h
	Patched /usr/local/lib/python3.10/dist-packages/torch/include/torch/csrc/inductor/aoti_torch/mkldnn_tensor.h
	Patched /usr/local/lib/python3.10/dist-packages/torch/include/torch/csrc/jit/codegen/fuser/compiler.h
	Patched /usr/local/lib/python3.10/dist-packages/torch/include/torch/csrc/jit/codegen/fuser/cuda/fused_kernel.h
	Patched /usr/local/lib/python3.10/dist-packages/torch/include/torch/csrc/jit/codegen/onednn/kernel.h
	Patched /usr/local/lib/python3.10/dist-packages/torch/include/torch/csrc/jit/tensorexpr/cpp_codegen.h
	Patched /usr/local/lib/python3.10/dist-packages/torch/include/torch/csrc/jit/tensorexpr/eval.h
	Patched /usr/local/lib/python3.10/dist-packages/torch/include/torch/csrc/jit/tensorexpr/kernel.h
	Patched /usr/local/lib/python3.10/dist-packages/torch/include/torch/csrc/jit/tensorexpr/codegen.h
	Patched /usr/local/lib/python3.10/dist-packages/torch/include/torch/csrc/jit/tensorexpr/lowerings.h
	Patched /usr/local/lib/python3.10/dist-packages/torch/include/torch/csrc/jit/tensorexpr/cuda_codegen.h
	Patched /usr/local/lib/python3.10/dist-packages/torch/include/torch/csrc/jit/tensorexpr/llvm_codegen.h
	Patched /usr/local/lib/python3.10/dist-packages/torch/include/torch/csrc/jit/tensorexpr/block_codegen.h
	Patched /usr/local/lib/python3.10/dist-packages/torch/include/torch/csrc/jit/tensorexpr/operators/conv2d.h
	Patched /usr/local/lib/python3.10/dist-packages/torch/include/torch/csrc/jit/tensorexpr/operators/norm.h
	Patched /usr/local/lib/python3.10/dist-packages/torch/include/torch/csrc/jit/tensorexpr/operators/misc.h
	Patched /usr/local/lib/python3.10/dist-packages/torch/include/torch/csrc/jit/tensorexpr/operators/pointwise.h
	Patched /usr/local/lib/python3.10/dist-packages/torch/include/torch/csrc/jit/tensorexpr/operators/reduction.h
	Patched /usr/local/lib/python3.10/dist-packages/torch/include/torch/csrc/jit/tensorexpr/operators/quantization.h
	Patched /usr/local/lib/python3.10/dist-packages/torch/include/torch/csrc/jit/tensorexpr/operators/matmul.h
	Patched /usr/local/lib/python3.10/dist-packages/torch/include/torch/csrc/jit/mobile/import.h
	Patched /usr/local/lib/python3.10/dist-packages/torch/include/torch/csrc/jit/mobile/flatbuffer_loader.h
	Patched /usr/local/lib/python3.10/dist-packages/torch/include/torch/csrc/jit/mobile/import_data.h
	Patched /usr/local/lib/python3.10/dist-packages/torch/include/torch/csrc/jit/mobile/register_ops_common_utils.h
	Patched /usr/local/lib/python3.10/dist-packages/torch/include/torch/csrc/jit/mobile/model_tracer/MobileModelRunner.h
	Patched /usr/local/lib/python3.10/dist-packages/torch/include/torch/csrc/jit/api/module.h
	Patched /usr/local/lib/python3.10/dist-packages/torch/include/torch/csrc/jit/frontend/sugared_value.h
	Patched /usr/local/lib/python3.10/dist-packages/torch/include/torch/csrc/jit/frontend/tracer.h
	Patched /usr/local/lib/python3.10/dist-packages/torch/include/torch/csrc/jit/runtime/argument_spec.h
	Patched /usr/local/lib/python3.10/dist-packages/torch/include/torch/csrc/jit/serialization/import_read.h
	Patched /usr/local/lib/python3.10/dist-packages/torch/include/torch/csrc/jit/serialization/import.h
	Patched /usr/local/lib/python3.10/dist-packages/torch/include/torch/csrc/jit/serialization/mobile_bytecode_generated.h
	Patched /usr/local/lib/python3.10/dist-packages/torch/include/torch/csrc/jit/serialization/unpickler.h
	Patched /usr/local/lib/python3.10/dist-packages/torch/include/torch/csrc/jit/python/python_arg_flatten.h
	Patched /usr/local/lib/python3.10/dist-packages/torch/include/torch/csrc/utils/out_types.h
	Patched /usr/local/lib/python3.10/dist-packages/torch/include/torch/csrc/utils/python_arg_parser.h
	Patched /usr/local/lib/python3.10/dist-packages/torch/include/torch/csrc/utils/pybind.h
	Patched /usr/local/lib/python3.10/dist-packages/torch/include/torch/csrc/utils/device_lazy_init.h
	Patched /usr/local/lib/python3.10/dist-packages/torch/include/torch/csrc/utils/tensor_new.h
	Patched /usr/local/lib/python3.10/dist-packages/torch/include/torch/csrc/utils/generated_serialization_types.h
	Patched /usr/local/lib/python3.10/dist-packages/torch/include/ATen/TensorUtils.h
	Patched /usr/local/lib/python3.10/dist-packages/torch/include/ATen/autocast_mode.h
	Patched /usr/local/lib/python3.10/dist-packages/torch/include/ATen/TensorIndexing.h
	Patched /usr/local/lib/python3.10/dist-packages/torch/include/ATen/DeviceGuard.h
	Patched /usr/local/lib/python3.10/dist-packages/torch/include/ATen/VmapGeneratedPlumbing.h
	Patched /usr/local/lib/python3.10/dist-packages/torch/include/ATen/ScalarOps.h
	Patched /usr/local/lib/python3.10/dist-packages/torch/include/ATen/SparseCsrTensorImpl.h
	Patched /usr/local/lib/python3.10/dist-packages/torch/include/ATen/TensorIterator.h
	Patched /usr/local/lib/python3.10/dist-packages/torch/include/ATen/RedispatchFunctions.h
	Patched /usr/local/lib/python3.10/dist-packages/torch/include/ATen/DLConvertor.h
	Patched /usr/local/lib/python3.10/dist-packages/torch/include/ATen/RegistrationDeclarations.h
	Patched /usr/local/lib/python3.10/dist-packages/torch/include/ATen/EmptyTensor.h
	Patched /usr/local/lib/python3.10/dist-packages/torch/include/ATen/hip/impl/HIPGuardImplMasqueradingAsCUDA.h
	Patched /usr/local/lib/python3.10/dist-packages/torch/include/ATen/ops/new_ones_ops.h
	Patched /usr/local/lib/python3.10/dist-packages/torch/include/ATen/ops/full_ops.h
	Patched /usr/local/lib/python3.10/dist-packages/torch/include/ATen/ops/randperm_compositeexplicitautograd_dispatch.h
	Patched /usr/local/lib/python3.10/dist-packages/torch/include/ATen/ops/randn_like.h
	Patched /usr/local/lib/python3.10/dist-packages/torch/include/ATen/ops/new_empty_ops.h
	Patched /usr/local/lib/python3.10/dist-packages/torch/include/ATen/ops/scalar_tensor_native.h
	Patched /usr/local/lib/python3.10/dist-packages/torch/include/ATen/ops/_cufft_set_plan_cache_max_size_ops.h
	Patched /usr/local/lib/python3.10/dist-packages/torch/include/ATen/ops/rand_compositeexplicitautograd_dispatch.h
	Patched /usr/local/lib/python3.10/dist-packages/torch/include/ATen/ops/empty_compositeexplicitautograd_dispatch.h
	Patched /usr/local/lib/python3.10/dist-packages/torch/include/ATen/ops/empty_ops.h
	Patched /usr/local/lib/python3.10/dist-packages/torch/include/ATen/ops/ones_like_native.h
	Patched /usr/local/lib/python3.10/dist-packages/torch/include/ATen/ops/_cudnn_init_dropout_state.h
	Patched /usr/local/lib/python3.10/dist-packages/torch/include/ATen/ops/full.h
	Patched /usr/local/lib/python3.10/dist-packages/torch/include/ATen/ops/_sparse_csr_tensor_unsafe_compositeimplicitautograd_dispatch.h
	Patched /usr/local/lib/python3.10/dist-packages/torch/include/ATen/ops/_to_copy.h
	Patched /usr/local/lib/python3.10/dist-packages/torch/include/ATen/ops/zeros_compositeexplicitautograd_dispatch.h
	Patched /usr/local/lib/python3.10/dist-packages/torch/include/ATen/ops/sparse_compressed_tensor_ops.h
	Patched /usr/local/lib/python3.10/dist-packages/torch/include/ATen/ops/_sparse_csr_tensor_unsafe_ops.h
	Patched /usr/local/lib/python3.10/dist-packages/torch/include/ATen/ops/from_file.h
	Patched /usr/local/lib/python3.10/dist-packages/torch/include/ATen/ops/_nested_tensor_from_tensor_list_ops.h
	Patched /usr/local/lib/python3.10/dist-packages/torch/include/ATen/ops/_to_copy_compositeexplicitautograd_dispatch.h
	Patched /usr/local/lib/python3.10/dist-packages/torch/include/ATen/ops/sparse_coo_tensor_compositeexplicitautograd_dispatch.h
	Patched /usr/local/lib/python3.10/dist-packages/torch/include/ATen/ops/randperm_native.h
	Patched /usr/local/lib/python3.10/dist-packages/torch/include/ATen/ops/empty_quantized_ops.h
	Patched /usr/local/lib/python3.10/dist-packages/torch/include/ATen/ops/tril_indices_cuda_dispatch.h
	Patched /usr/local/lib/python3.10/dist-packages/torch/include/ATen/ops/tril_indices_cpu_dispatch.h
	Patched /usr/local/lib/python3.10/dist-packages/torch/include/ATen/ops/_sparse_csc_tensor_unsafe.h
	Patched /usr/local/lib/python3.10/dist-packages/torch/include/ATen/ops/_empty_affine_quantized_ops.h
	Patched /usr/local/lib/python3.10/dist-packages/torch/include/ATen/ops/full_native.h
	Patched /usr/local/lib/python3.10/dist-packages/torch/include/ATen/ops/new_full.h
	Patched /usr/local/lib/python3.10/dist-packages/torch/include/ATen/ops/_sparse_coo_tensor_with_dims_meta_dispatch.h
	Patched /usr/local/lib/python3.10/dist-packages/torch/include/ATen/ops/_sparse_csc_tensor_unsafe_native.h
	Patched /usr/local/lib/python3.10/dist-packages/torch/include/ATen/ops/zeros_like_native.h
	Patched /usr/local/lib/python3.10/dist-packages/torch/include/ATen/ops/_sparse_coo_tensor_with_dims_and_tensors_native.h
	Patched /usr/local/lib/python3.10/dist-packages/torch/include/ATen/ops/randint.h
	Patched /usr/local/lib/python3.10/dist-packages/torch/include/ATen/ops/blackman_window_native.h
	Patched /usr/local/lib/python3.10/dist-packages/torch/include/ATen/ops/_sparse_bsc_tensor_unsafe_compositeimplicitautograd_dispatch.h
	Patched /usr/local/lib/python3.10/dist-packages/torch/include/ATen/ops/_sparse_coo_tensor_unsafe_compositeimplicitautograd_dispatch.h
	Patched /usr/local/lib/python3.10/dist-packages/torch/include/ATen/ops/empty_strided_ops.h
	Patched /usr/local/lib/python3.10/dist-packages/torch/include/ATen/ops/eye.h
	Patched /usr/local/lib/python3.10/dist-packages/torch/include/ATen/ops/empty_like_ops.h
	Patched /usr/local/lib/python3.10/dist-packages/torch/include/ATen/ops/empty.h
	Patched /usr/local/lib/python3.10/dist-packages/torch/include/ATen/ops/triu_indices.h
	Patched /usr/local/lib/python3.10/dist-packages/torch/include/ATen/ops/new_empty.h
	Patched /usr/local/lib/python3.10/dist-packages/torch/include/ATen/ops/_cudnn_init_dropout_state_ops.h
	Patched /usr/local/lib/python3.10/dist-packages/torch/include/ATen/ops/sparse_bsc_tensor.h
	Patched /usr/local/lib/python3.10/dist-packages/torch/include/ATen/ops/zeros_like_ops.h
	Patched /usr/local/lib/python3.10/dist-packages/torch/include/ATen/ops/eye_compositeexplicitautograd_dispatch.h
	Patched /usr/local/lib/python3.10/dist-packages/torch/include/ATen/ops/_sparse_coo_tensor_with_dims_and_tensors_ops.h
	Patched /usr/local/lib/python3.10/dist-packages/torch/include/ATen/ops/sparse_coo_tensor_native.h
	Patched /usr/local/lib/python3.10/dist-packages/torch/include/ATen/ops/range_native.h
	Patched /usr/local/lib/python3.10/dist-packages/torch/include/ATen/ops/range_ops.h
	Patched /usr/local/lib/python3.10/dist-packages/torch/include/ATen/ops/range_compositeexplicitautograd_dispatch.h
	Patched /usr/local/lib/python3.10/dist-packages/torch/include/ATen/ops/sparse_bsr_tensor_ops.h
	Patched /usr/local/lib/python3.10/dist-packages/torch/include/ATen/ops/sparse_bsr_tensor_compositeimplicitautograd_dispatch.h
	Patched /usr/local/lib/python3.10/dist-packages/torch/include/ATen/ops/_sparse_compressed_tensor_with_dims_ops.h
	Patched /usr/local/lib/python3.10/dist-packages/torch/include/ATen/ops/randn_like_native.h
	Patched /usr/local/lib/python3.10/dist-packages/torch/include/ATen/ops/_empty_affine_quantized_cpu_dispatch.h
	Patched /usr/local/lib/python3.10/dist-packages/torch/include/ATen/ops/sparse_coo_tensor.h
	Patched /usr/local/lib/python3.10/dist-packages/torch/include/ATen/ops/kaiser_window.h
	Patched /usr/local/lib/python3.10/dist-packages/torch/include/ATen/ops/empty_meta_dispatch.h
	Patched /usr/local/lib/python3.10/dist-packages/torch/include/ATen/ops/sparse_csr_tensor_native.h
	Patched /usr/local/lib/python3.10/dist-packages/torch/include/ATen/ops/tril_indices_ops.h
	Patched /usr/local/lib/python3.10/dist-packages/torch/include/ATen/ops/_cufft_get_plan_cache_max_size_compositeimplicitautograd_dispatch.h
	Patched /usr/local/lib/python3.10/dist-packages/torch/include/ATen/ops/fft_rfftfreq.h
	Patched /usr/local/lib/python3.10/dist-packages/torch/include/ATen/ops/_cufft_get_plan_cache_max_size.h
	Patched /usr/local/lib/python3.10/dist-packages/torch/include/ATen/ops/randint_ops.h
	Patched /usr/local/lib/python3.10/dist-packages/torch/include/ATen/ops/bartlett_window_compositeexplicitautograd_dispatch.h
	Patched /usr/local/lib/python3.10/dist-packages/torch/include/ATen/ops/_resize_output_native.h
	Patched /usr/local/lib/python3.10/dist-packages/torch/include/ATen/ops/scalar_tensor_compositeexplicitautograd_dispatch.h
	Patched /usr/local/lib/python3.10/dist-packages/torch/include/ATen/ops/ones_like_compositeexplicitautograd_dispatch.h
	Patched /usr/local/lib/python3.10/dist-packages/torch/include/ATen/ops/_empty_affine_quantized.h
	Patched /usr/local/lib/python3.10/dist-packages/torch/include/ATen/ops/randint_compositeexplicitautograd_dispatch.h
	Patched /usr/local/lib/python3.10/dist-packages/torch/include/ATen/ops/new_full_ops.h
	Patched /usr/local/lib/python3.10/dist-packages/torch/include/ATen/ops/empty_permuted.h
	Patched /usr/local/lib/python3.10/dist-packages/torch/include/ATen/ops/logspace.h
	Patched /usr/local/lib/python3.10/dist-packages/torch/include/ATen/ops/logspace_compositeexplicitautograd_dispatch.h
	Patched /usr/local/lib/python3.10/dist-packages/torch/include/ATen/ops/_empty_per_channel_affine_quantized_native.h
	Patched /usr/local/lib/python3.10/dist-packages/torch/include/ATen/ops/empty_strided_cpu_dispatch.h
	Patched /usr/local/lib/python3.10/dist-packages/torch/include/ATen/ops/_efficientzerotensor.h
	Patched /usr/local/lib/python3.10/dist-packages/torch/include/ATen/ops/sparse_csr_tensor_ops.h
	Patched /usr/local/lib/python3.10/dist-packages/torch/include/ATen/ops/_pin_memory_native.h
	Patched /usr/local/lib/python3.10/dist-packages/torch/include/ATen/ops/full_like_native.h
	Patched /usr/local/lib/python3.10/dist-packages/torch/include/ATen/ops/_sparse_coo_tensor_with_dims.h
	Patched /usr/local/lib/python3.10/dist-packages/torch/include/ATen/ops/_assert_tensor_metadata_meta_dispatch.h
	Patched /usr/local/lib/python3.10/dist-packages/torch/include/ATen/ops/tril_indices_native.h
	Patched /usr/local/lib/python3.10/dist-packages/torch/include/ATen/ops/hann_window_ops.h
	Patched /usr/local/lib/python3.10/dist-packages/torch/include/ATen/ops/_cufft_clear_plan_cache.h
	Patched /usr/local/lib/python3.10/dist-packages/torch/include/ATen/ops/randperm.h
	Patched /usr/local/lib/python3.10/dist-packages/torch/include/ATen/ops/_sparse_bsr_tensor_unsafe_ops.h
	Patched /usr/local/lib/python3.10/dist-packages/torch/include/ATen/ops/_sparse_coo_tensor_with_dims_and_tensors.h
	Patched /usr/local/lib/python3.10/dist-packages/torch/include/ATen/ops/sparse_bsr_tensor_native.h
	Patched /usr/local/lib/python3.10/dist-packages/torch/include/ATen/ops/hamming_window_native.h
	Patched /usr/local/lib/python3.10/dist-packages/torch/include/ATen/ops/sparse_csc_tensor_compositeimplicitautograd_dispatch.h
	Patched /usr/local/lib/python3.10/dist-packages/torch/include/ATen/ops/new_empty_strided_native.h
	Patched /usr/local/lib/python3.10/dist-packages/torch/include/ATen/ops/_sparse_compressed_tensor_with_dims_compositeexplicitautograd_dispatch.h
	Patched /usr/local/lib/python3.10/dist-packages/torch/include/ATen/ops/_sparse_coo_tensor_with_dims_native.h
	Patched /usr/local/lib/python3.10/dist-packages/torch/include/ATen/ops/sparse_bsr_tensor.h
	Patched /usr/local/lib/python3.10/dist-packages/torch/include/ATen/ops/zeros_like_compositeimplicitautogradnestedtensor_dispatch.h
	Patched /usr/local/lib/python3.10/dist-packages/torch/include/ATen/ops/_efficientzerotensor_meta_dispatch.h
	Patched /usr/local/lib/python3.10/dist-packages/torch/include/ATen/ops/_nested_tensor_from_tensor_list.h
	Patched /usr/local/lib/python3.10/dist-packages/torch/include/ATen/ops/to_ops.h
	Patched /usr/local/lib/python3.10/dist-packages/torch/include/ATen/ops/range.h
	Patched /usr/local/lib/python3.10/dist-packages/torch/include/ATen/ops/_cufft_get_plan_cache_size_native.h
	Patched /usr/local/lib/python3.10/dist-packages/torch/include/ATen/ops/rand_native.h
	Patched /usr/local/lib/python3.10/dist-packages/torch/include/ATen/ops/zeros_native.h
	Patched /usr/local/lib/python3.10/dist-packages/torch/include/ATen/ops/blackman_window_ops.h
	Patched /usr/local/lib/python3.10/dist-packages/torch/include/ATen/ops/from_file_cpu_dispatch.h
	Patched /usr/local/lib/python3.10/dist-packages/torch/include/ATen/ops/empty_strided_native.h
	Patched /usr/local/lib/python3.10/dist-packages/torch/include/ATen/ops/eye_ops.h
	Patched /usr/local/lib/python3.10/dist-packages/torch/include/ATen/ops/_sparse_csr_tensor_unsafe_native.h
	Patched /usr/local/lib/python3.10/dist-packages/torch/include/ATen/ops/_cufft_clear_plan_cache_ops.h
	Patched /usr/local/lib/python3.10/dist-packages/torch/include/ATen/ops/fft_rfftfreq_native.h
	Patched /usr/local/lib/python3.10/dist-packages/torch/include/ATen/ops/new_ones_native.h
	Patched /usr/local/lib/python3.10/dist-packages/torch/include/ATen/ops/_cufft_set_plan_cache_max_size_compositeimplicitautograd_dispatch.h
	Patched /usr/local/lib/python3.10/dist-packages/torch/include/ATen/ops/_assert_tensor_metadata_native.h
	Patched /usr/local/lib/python3.10/dist-packages/torch/include/ATen/ops/_efficientzerotensor_cuda_dispatch.h
	Patched /usr/local/lib/python3.10/dist-packages/torch/include/ATen/ops/sparse_csc_tensor_native.h
	Patched /usr/local/lib/python3.10/dist-packages/torch/include/ATen/ops/_sparse_compressed_tensor_unsafe_compositeimplicitautograd_dispatch.h
	Patched /usr/local/lib/python3.10/dist-packages/torch/include/ATen/ops/randn_like_ops.h
	Patched /usr/local/lib/python3.10/dist-packages/torch/include/ATen/ops/kaiser_window_ops.h
	Patched /usr/local/lib/python3.10/dist-packages/torch/include/ATen/ops/empty_quantized_native.h
	Patched /usr/local/lib/python3.10/dist-packages/torch/include/ATen/ops/_sparse_compressed_tensor_unsafe.h
	Patched /usr/local/lib/python3.10/dist-packages/torch/include/ATen/ops/_cufft_set_plan_cache_max_size_native.h
	Patched /usr/local/lib/python3.10/dist-packages/torch/include/ATen/ops/bartlett_window_ops.h
	Patched /usr/local/lib/python3.10/dist-packages/torch/include/ATen/ops/_resize_output_compositeexplicitautograd_dispatch.h
	Patched /usr/local/lib/python3.10/dist-packages/torch/include/ATen/ops/_sparse_csr_tensor_unsafe.h
	Patched /usr/local/lib/python3.10/dist-packages/torch/include/ATen/ops/randn_ops.h
	Patched /usr/local/lib/python3.10/dist-packages/torch/include/ATen/ops/triu_indices_cuda_dispatch.h
	Patched /usr/local/lib/python3.10/dist-packages/torch/include/ATen/ops/_cudnn_init_dropout_state_cuda_dispatch.h
	Patched /usr/local/lib/python3.10/dist-packages/torch/include/ATen/ops/fft_rfftfreq_ops.h
	Patched /usr/local/lib/python3.10/dist-packages/torch/include/ATen/ops/empty_permuted_native.h
	Patched /usr/local/lib/python3.10/dist-packages/torch/include/ATen/ops/ones_ops.h
	Patched /usr/local/lib/python3.10/dist-packages/torch/include/ATen/ops/tril_indices.h
	Patched /usr/local/lib/python3.10/dist-packages/torch/include/ATen/ops/_resize_output_ops.h
	Patched /usr/local/lib/python3.10/dist-packages/torch/include/ATen/ops/kaiser_window_native.h
	Patched /usr/local/lib/python3.10/dist-packages/torch/include/ATen/ops/fft_fftfreq_ops.h
	Patched /usr/local/lib/python3.10/dist-packages/torch/include/ATen/ops/new_empty_strided.h
	Patched /usr/local/lib/python3.10/dist-packages/torch/include/ATen/ops/full_like_ops.h
	Patched /usr/local/lib/python3.10/dist-packages/torch/include/ATen/ops/_cufft_get_plan_cache_max_size_native.h
	Patched /usr/local/lib/python3.10/dist-packages/torch/include/ATen/ops/empty_strided_cuda_dispatch.h
	Patched /usr/local/lib/python3.10/dist-packages/torch/include/ATen/ops/bartlett_window.h
	Patched /usr/local/lib/python3.10/dist-packages/torch/include/ATen/ops/empty_native.h
	Patched /usr/local/lib/python3.10/dist-packages/torch/include/ATen/ops/new_zeros_ops.h
	Patched /usr/local/lib/python3.10/dist-packages/torch/include/ATen/ops/_sparse_bsr_tensor_unsafe_compositeimplicitautograd_dispatch.h
	Patched /usr/local/lib/python3.10/dist-packages/torch/include/ATen/ops/new_zeros_compositeexplicitautograd_dispatch.h
	Patched /usr/local/lib/python3.10/dist-packages/torch/include/ATen/ops/_cufft_set_plan_cache_max_size.h
	Patched /usr/local/lib/python3.10/dist-packages/torch/include/ATen/ops/hamming_window_ops.h
	Patched /usr/local/lib/python3.10/dist-packages/torch/include/ATen/ops/ones.h
	Patched /usr/local/lib/python3.10/dist-packages/torch/include/ATen/ops/zeros_like_compositeexplicitautograd_dispatch.h
	Patched /usr/local/lib/python3.10/dist-packages/torch/include/ATen/ops/_to_copy_native.h
	Patched /usr/local/lib/python3.10/dist-packages/torch/include/ATen/ops/from_file_native.h
	Patched /usr/local/lib/python3.10/dist-packages/torch/include/ATen/ops/fft_fftfreq_compositeexplicitautograd_dispatch.h
	Patched /usr/local/lib/python3.10/dist-packages/torch/include/ATen/ops/randn.h
	Patched /usr/local/lib/python3.10/dist-packages/torch/include/ATen/ops/arange_ops.h
	Patched /usr/local/lib/python3.10/dist-packages/torch/include/ATen/ops/_assert_tensor_metadata.h
	Patched /usr/local/lib/python3.10/dist-packages/torch/include/ATen/ops/sparse_bsc_tensor_native.h
	Patched /usr/local/lib/python3.10/dist-packages/torch/include/ATen/ops/_empty_affine_quantized_native.h
	Patched /usr/local/lib/python3.10/dist-packages/torch/include/ATen/ops/normal_compositeexplicitautograd_dispatch.h
	Patched /usr/local/lib/python3.10/dist-packages/torch/include/ATen/ops/rand_like_ops.h
	Patched /usr/local/lib/python3.10/dist-packages/torch/include/ATen/ops/_nested_tensor_from_tensor_list_native.h
	Patched /usr/local/lib/python3.10/dist-packages/torch/include/ATen/ops/_to_copy_ops.h
	Patched /usr/local/lib/python3.10/dist-packages/torch/include/ATen/ops/new_empty_strided_compositeexplicitautogradnonfunctional_dispatch.h
	Patched /usr/local/lib/python3.10/dist-packages/torch/include/ATen/ops/pin_memory_native.h
	Patched /usr/local/lib/python3.10/dist-packages/torch/include/ATen/ops/_cufft_get_plan_cache_size_compositeimplicitautograd_dispatch.h
	Patched /usr/local/lib/python3.10/dist-packages/torch/include/ATen/ops/sparse_coo_tensor_ops.h
	Patched /usr/local/lib/python3.10/dist-packages/torch/include/ATen/ops/hann_window_native.h
	Patched /usr/local/lib/python3.10/dist-packages/torch/include/ATen/ops/_sparse_coo_tensor_unsafe_ops.h
	Patched /usr/local/lib/python3.10/dist-packages/torch/include/ATen/ops/hamming_window.h
	Patched /usr/local/lib/python3.10/dist-packages/torch/include/ATen/ops/hann_window_compositeexplicitautograd_dispatch.h
	Patched /usr/local/lib/python3.10/dist-packages/torch/include/ATen/ops/sparse_compressed_tensor_native.h
	Patched /usr/local/lib/python3.10/dist-packages/torch/include/ATen/ops/_empty_per_channel_affine_quantized_cpu_dispatch.h
	Patched /usr/local/lib/python3.10/dist-packages/torch/include/ATen/ops/zeros.h
	Patched /usr/local/lib/python3.10/dist-packages/torch/include/ATen/ops/fft_fftfreq.h
	Patched /usr/local/lib/python3.10/dist-packages/torch/include/ATen/ops/sparse_csc_tensor_ops.h
	Patched /usr/local/lib/python3.10/dist-packages/torch/include/ATen/ops/randperm_ops.h
	Patched /usr/local/lib/python3.10/dist-packages/torch/include/ATen/ops/full_like.h
	Patched /usr/local/lib/python3.10/dist-packages/torch/include/ATen/ops/scalar_tensor.h
	Patched /usr/local/lib/python3.10/dist-packages/torch/include/ATen/ops/is_pinned_native.h
	Patched /usr/local/lib/python3.10/dist-packages/torch/include/ATen/ops/full_compositeexplicitautograd_dispatch.h
	Patched /usr/local/lib/python3.10/dist-packages/torch/include/ATen/ops/empty_permuted_ops.h
	Patched /usr/local/lib/python3.10/dist-packages/torch/include/ATen/ops/_sparse_compressed_tensor_unsafe_ops.h
	Patched /usr/local/lib/python3.10/dist-packages/torch/include/ATen/ops/sparse_bsc_tensor_compositeimplicitautograd_dispatch.h
	Patched /usr/local/lib/python3.10/dist-packages/torch/include/ATen/ops/ones_native.h
	Patched /usr/local/lib/python3.10/dist-packages/torch/include/ATen/ops/new_empty_native.h
	Patched /usr/local/lib/python3.10/dist-packages/torch/include/ATen/ops/new_empty_strided_ops.h
	Patched /usr/local/lib/python3.10/dist-packages/torch/include/ATen/ops/_resize_output.h
	Patched /usr/local/lib/python3.10/dist-packages/torch/include/ATen/ops/triu_indices_native.h
	Patched /usr/local/lib/python3.10/dist-packages/torch/include/ATen/ops/_cufft_get_plan_cache_max_size_ops.h
	Patched /usr/local/lib/python3.10/dist-packages/torch/include/ATen/ops/pin_memory_compositeimplicitautograd_dispatch.h
	Patched /usr/local/lib/python3.10/dist-packages/torch/include/ATen/ops/from_blob.h
	Patched /usr/local/lib/python3.10/dist-packages/torch/include/ATen/ops/new_zeros_native.h
	Patched /usr/local/lib/python3.10/dist-packages/torch/include/ATen/ops/_pin_memory_compositeexplicitautograd_dispatch.h
	Patched /usr/local/lib/python3.10/dist-packages/torch/include/ATen/ops/rand_like.h
	Patched /usr/local/lib/python3.10/dist-packages/torch/include/ATen/ops/eye_native.h
	Patched /usr/local/lib/python3.10/dist-packages/torch/include/ATen/ops/new_full_native.h
	Patched /usr/local/lib/python3.10/dist-packages/torch/include/ATen/ops/randint_like_compositeexplicitautograd_dispatch.h
	Patched /usr/local/lib/python3.10/dist-packages/torch/include/ATen/ops/_sparse_coo_tensor_with_dims_ops.h
	Patched /usr/local/lib/python3.10/dist-packages/torch/include/ATen/ops/full_like_compositeexplicitautograd_dispatch.h
	Patched /usr/local/lib/python3.10/dist-packages/torch/include/ATen/ops/linspace_native.h
	Patched /usr/local/lib/python3.10/dist-packages/torch/include/ATen/ops/linspace.h
	Patched /usr/local/lib/python3.10/dist-packages/torch/include/ATen/ops/hann_window.h
	Patched /usr/local/lib/python3.10/dist-packages/torch/include/ATen/ops/_sparse_bsr_tensor_unsafe_native.h
	Patched /usr/local/lib/python3.10/dist-packages/torch/include/ATen/ops/randn_native.h
	Patched /usr/local/lib/python3.10/dist-packages/torch/include/ATen/ops/randint_like_native.h
	Patched /usr/local/lib/python3.10/dist-packages/torch/include/ATen/ops/fft_rfftfreq_compositeexplicitautograd_dispatch.h
	Patched /usr/local/lib/python3.10/dist-packages/torch/include/ATen/ops/_sparse_csc_tensor_unsafe_compositeimplicitautograd_dispatch.h
	Patched /usr/local/lib/python3.10/dist-packages/torch/include/ATen/ops/rand_ops.h
	Patched /usr/local/lib/python3.10/dist-packages/torch/include/ATen/ops/_sparse_bsc_tensor_unsafe_ops.h
	Patched /usr/local/lib/python3.10/dist-packages/torch/include/ATen/ops/triu_indices_cpu_dispatch.h
	Patched /usr/local/lib/python3.10/dist-packages/torch/include/ATen/ops/from_file_ops.h
	Patched /usr/local/lib/python3.10/dist-packages/torch/include/ATen/ops/_make_dep_token.h
	Patched /usr/local/lib/python3.10/dist-packages/torch/include/ATen/ops/is_pinned_ops.h
	Patched /usr/local/lib/python3.10/dist-packages/torch/include/ATen/ops/randint_like.h
	Patched /usr/local/lib/python3.10/dist-packages/torch/include/ATen/ops/new_empty_compositeexplicitautograd_dispatch.h
	Patched /usr/local/lib/python3.10/dist-packages/torch/include/ATen/ops/to_native.h
	Patched /usr/local/lib/python3.10/dist-packages/torch/include/ATen/ops/_efficientzerotensor_cpu_dispatch.h
	Patched /usr/local/lib/python3.10/dist-packages/torch/include/ATen/ops/arange_compositeexplicitautograd_dispatch.h
	Patched /usr/local/lib/python3.10/dist-packages/torch/include/ATen/ops/hamming_window_compositeexplicitautograd_dispatch.h
	Patched /usr/local/lib/python3.10/dist-packages/torch/include/ATen/ops/randn_like_compositeimplicitautogradnestedtensor_dispatch.h
	Patched /usr/local/lib/python3.10/dist-packages/torch/include/ATen/ops/_cufft_clear_plan_cache_native.h
	Patched /usr/local/lib/python3.10/dist-packages/torch/include/ATen/ops/rand_like_native.h
	Patched /usr/local/lib/python3.10/dist-packages/torch/include/ATen/ops/_sparse_compressed_tensor_with_dims_native.h
	Patched /usr/local/lib/python3.10/dist-packages/torch/include/ATen/ops/empty_strided_meta_dispatch.h
	Patched /usr/local/lib/python3.10/dist-packages/torch/include/ATen/ops/rand_like_compositeexplicitautograd_dispatch.h
	Patched /usr/local/lib/python3.10/dist-packages/torch/include/ATen/ops/sparse_csc_tensor.h
	Patched /usr/local/lib/python3.10/dist-packages/torch/include/ATen/ops/_sparse_coo_tensor_unsafe_native.h
	Patched /usr/local/lib/python3.10/dist-packages/torch/include/ATen/ops/_sparse_compressed_tensor_with_dims.h
	Patched /usr/local/lib/python3.10/dist-packages/torch/include/ATen/ops/_cufft_get_plan_cache_size.h
	Patched /usr/local/lib/python3.10/dist-packages/torch/include/ATen/ops/ones_compositeexplicitautograd_dispatch.h
	Patched /usr/local/lib/python3.10/dist-packages/torch/include/ATen/ops/_cufft_get_plan_cache_size_ops.h
	Patched /usr/local/lib/python3.10/dist-packages/torch/include/ATen/ops/_pin_memory.h
	Patched /usr/local/lib/python3.10/dist-packages/torch/include/ATen/ops/_cufft_clear_plan_cache_compositeimplicitautograd_dispatch.h
	Patched /usr/local/lib/python3.10/dist-packages/torch/include/ATen/ops/normal_native.h
	Patched /usr/local/lib/python3.10/dist-packages/torch/include/ATen/ops/zeros_ops.h
	Patched /usr/local/lib/python3.10/dist-packages/torch/include/ATen/ops/linspace_ops.h
	Patched /usr/local/lib/python3.10/dist-packages/torch/include/ATen/ops/_empty_per_channel_affine_quantized.h
	Patched /usr/local/lib/python3.10/dist-packages/torch/include/ATen/ops/scalar_tensor_ops.h
	Patched /usr/local/lib/python3.10/dist-packages/torch/include/ATen/ops/_sparse_coo_tensor_unsafe.h
	Patched /usr/local/lib/python3.10/dist-packages/torch/include/ATen/ops/empty_strided.h
	Patched /usr/local/lib/python3.10/dist-packages/torch/include/ATen/ops/arange_native.h
	Patched /usr/local/lib/python3.10/dist-packages/torch/include/ATen/ops/_pin_memory_ops.h
	Patched /usr/local/lib/python3.10/dist-packages/torch/include/ATen/ops/randn_compositeexplicitautograd_dispatch.h
	Patched /usr/local/lib/python3.10/dist-packages/torch/include/ATen/ops/_sparse_compressed_tensor_unsafe_native.h
	Patched /usr/local/lib/python3.10/dist-packages/torch/include/ATen/ops/_sparse_csc_tensor_unsafe_ops.h
	Patched /usr/local/lib/python3.10/dist-packages/torch/include/ATen/ops/ones_like_ops.h
	Patched /usr/local/lib/python3.10/dist-packages/torch/include/ATen/ops/empty_quantized.h
	Patched /usr/local/lib/python3.10/dist-packages/torch/include/ATen/ops/rand.h
	Patched /usr/local/lib/python3.10/dist-packages/torch/include/ATen/ops/normal.h
	Patched /usr/local/lib/python3.10/dist-packages/torch/include/ATen/ops/bartlett_window_native.h
	Patched /usr/local/lib/python3.10/dist-packages/torch/include/ATen/ops/empty_cuda_dispatch.h
	Patched /usr/local/lib/python3.10/dist-packages/torch/include/ATen/ops/_assert_tensor_metadata_compositeexplicitautograd_dispatch.h
	Patched /usr/local/lib/python3.10/dist-packages/torch/include/ATen/ops/to_compositeimplicitautograd_dispatch.h
	Patched /usr/local/lib/python3.10/dist-packages/torch/include/ATen/ops/is_pinned_compositeexplicitautograd_dispatch.h
	Patched /usr/local/lib/python3.10/dist-packages/torch/include/ATen/ops/logspace_ops.h
	Patched /usr/local/lib/python3.10/dist-packages/torch/include/ATen/ops/_efficientzerotensor_ops.h
	Patched /usr/local/lib/python3.10/dist-packages/torch/include/ATen/ops/kaiser_window_compositeexplicitautograd_dispatch.h
	Patched /usr/local/lib/python3.10/dist-packages/torch/include/ATen/ops/_make_dep_token_ops.h
	Patched /usr/local/lib/python3.10/dist-packages/torch/include/ATen/ops/sparse_bsc_tensor_ops.h
	Patched /usr/local/lib/python3.10/dist-packages/torch/include/ATen/ops/ones_like.h
	Patched /usr/local/lib/python3.10/dist-packages/torch/include/ATen/ops/randn_like_compositeexplicitautograd_dispatch.h
	Patched /usr/local/lib/python3.10/dist-packages/torch/include/ATen/ops/fft_fftfreq_native.h
	Patched /usr/local/lib/python3.10/dist-packages/torch/include/ATen/ops/normal_ops.h
	Patched /usr/local/lib/python3.10/dist-packages/torch/include/ATen/ops/_make_dep_token_cpu_dispatch.h
	Patched /usr/local/lib/python3.10/dist-packages/torch/include/ATen/ops/empty_like_compositeexplicitautograd_dispatch.h
	Patched /usr/local/lib/python3.10/dist-packages/torch/include/ATen/ops/_empty_per_channel_affine_quantized_ops.h
	Patched /usr/local/lib/python3.10/dist-packages/torch/include/ATen/ops/_sparse_bsc_tensor_unsafe_native.h
	Patched /usr/local/lib/python3.10/dist-packages/torch/include/ATen/ops/new_full_compositeexplicitautograd_dispatch.h
	Patched /usr/local/lib/python3.10/dist-packages/torch/include/ATen/ops/_make_dep_token_native.h
	Patched /usr/local/lib/python3.10/dist-packages/torch/include/ATen/ops/zeros_like.h
	Patched /usr/local/lib/python3.10/dist-packages/torch/include/ATen/ops/pin_memory_ops.h
	Patched /usr/local/lib/python3.10/dist-packages/torch/include/ATen/ops/logspace_native.h
	Patched /usr/local/lib/python3.10/dist-packages/torch/include/ATen/ops/_assert_tensor_metadata_ops.h
	Patched /usr/local/lib/python3.10/dist-packages/torch/include/ATen/ops/new_ones_compositeexplicitautograd_dispatch.h
	Patched /usr/local/lib/python3.10/dist-packages/torch/include/ATen/ops/sparse_csr_tensor_compositeimplicitautograd_dispatch.h
	Patched /usr/local/lib/python3.10/dist-packages/torch/include/ATen/ops/arange.h
	Patched /usr/local/lib/python3.10/dist-packages/torch/include/ATen/ops/_sparse_bsr_tensor_unsafe.h
	Patched /usr/local/lib/python3.10/dist-packages/torch/include/ATen/ops/new_ones.h
	Patched /usr/local/lib/python3.10/dist-packages/torch/include/ATen/ops/empty_like.h
	Patched /usr/local/lib/python3.10/dist-packages/torch/include/ATen/ops/linspace_compositeexplicitautograd_dispatch.h
	Patched /usr/local/lib/python3.10/dist-packages/torch/include/ATen/ops/sparse_coo_tensor_compositeimplicitautograd_dispatch.h
	Patched /usr/local/lib/python3.10/dist-packages/torch/include/ATen/ops/triu_indices_ops.h
	Patched /usr/local/lib/python3.10/dist-packages/torch/include/ATen/ops/_sparse_coo_tensor_with_dims_and_tensors_meta_dispatch.h
	Patched /usr/local/lib/python3.10/dist-packages/torch/include/ATen/ops/sparse_csr_tensor.h
	Patched /usr/local/lib/python3.10/dist-packages/torch/include/ATen/ops/empty_like_native.h
	Patched /usr/local/lib/python3.10/dist-packages/torch/include/ATen/ops/_cudnn_init_dropout_state_native.h
	Patched /usr/local/lib/python3.10/dist-packages/torch/include/ATen/ops/sparse_compressed_tensor_compositeexplicitautograd_dispatch.h
	Patched /usr/local/lib/python3.10/dist-packages/torch/include/ATen/ops/_efficientzerotensor_native.h
	Patched /usr/local/lib/python3.10/dist-packages/torch/include/ATen/ops/empty_cpu_dispatch.h
	Patched /usr/local/lib/python3.10/dist-packages/torch/include/ATen/ops/empty_permuted_compositeexplicitautograd_dispatch.h
	Patched /usr/local/lib/python3.10/dist-packages/torch/include/ATen/ops/new_zeros.h
	Patched /usr/local/lib/python3.10/dist-packages/torch/include/ATen/ops/blackman_window.h
	Patched /usr/local/lib/python3.10/dist-packages/torch/include/ATen/ops/_sparse_bsc_tensor_unsafe.h
	Patched /usr/local/lib/python3.10/dist-packages/torch/include/ATen/ops/_resize_output_meta_dispatch.h
	Patched /usr/local/lib/python3.10/dist-packages/torch/include/ATen/ops/randint_native.h
	Patched /usr/local/lib/python3.10/dist-packages/torch/include/ATen/ops/randint_like_ops.h
	Patched /usr/local/lib/python3.10/dist-packages/torch/include/ATen/ops/_nested_tensor_from_tensor_list_compositeexplicitautograd_dispatch.h
	Patched /usr/local/lib/python3.10/dist-packages/torch/include/ATen/ops/sparse_compressed_tensor.h
	Patched /usr/local/lib/python3.10/dist-packages/torch/include/ATen/ops/blackman_window_compositeexplicitautograd_dispatch.h
	Patched /usr/local/lib/python3.10/dist-packages/torch/include/ATen/core/Dict_inl.h
	Patched /usr/local/lib/python3.10/dist-packages/torch/include/ATen/core/TensorBody.h
	Patched /usr/local/lib/python3.10/dist-packages/torch/include/ATen/core/DeprecatedTypeProperties.h
	Patched /usr/local/lib/python3.10/dist-packages/torch/include/ATen/core/CachingHostAllocator.h
	Patched /usr/local/lib/python3.10/dist-packages/torch/include/ATen/core/ivalue_inl.h
	Patched /usr/local/lib/python3.10/dist-packages/torch/include/ATen/core/jit_type.h
	Patched /usr/local/lib/python3.10/dist-packages/torch/include/ATen/core/ivalue.h
	Patched /usr/local/lib/python3.10/dist-packages/torch/include/ATen/core/op_registration/adaption.h
	Patched /usr/local/lib/python3.10/dist-packages/torch/include/ATen/mps/MPSGuardImpl.h
	Patched /usr/local/lib/python3.10/dist-packages/torch/include/ATen/mps/MPSAllocator.h
	Patched /usr/local/lib/python3.10/dist-packages/torch/include/ATen/mps/EmptyTensor.h
	Patched /usr/local/lib/python3.10/dist-packages/torch/include/ATen/native/ForeachUtils.h
	Patched /usr/local/lib/python3.10/dist-packages/torch/include/ATen/native/TensorFactories.h
	Patched /usr/local/lib/python3.10/dist-packages/torch/include/ATen/native/NonSymbolicBC.h
	Patched /usr/local/lib/python3.10/dist-packages/torch/include/ATen/native/TensorConversions.h
	Patched /usr/local/lib/python3.10/dist-packages/torch/include/ATen/native/nested/NestedTensorUtils.h
	Patched /usr/local/lib/python3.10/dist-packages/torch/include/ATen/native/mkldnn/xpu/detail/oneDNNContext.h
	Patched /usr/local/lib/python3.10/dist-packages/torch/include/ATen/native/mtia/EmptyTensor.h
	Patched /usr/local/lib/python3.10/dist-packages/torch/include/ATen/native/transformers/cuda/mem_eff_attention/kernel_backward.h
	Patched /usr/local/lib/python3.10/dist-packages/torch/include/ATen/native/transformers/cuda/mem_eff_attention/kernel_forward.h
	Patched /usr/local/lib/python3.10/dist-packages/torch/include/ATen/detail/PrivateUse1HooksInterface.h
	Patched /usr/local/lib/python3.10/dist-packages/torch/include/ATen/detail/XPUHooksInterface.h
	Patched /usr/local/lib/python3.10/dist-packages/torch/include/ATen/xpu/XPUEvent.h
	Patched /usr/local/lib/python3.10/dist-packages/torch/include/ATen/xpu/detail/XPUHooks.h
	Patched /usr/local/lib/python3.10/dist-packages/torch/include/ATen/cuda/CUDAEvent.h
	Patched /usr/local/lib/python3.10/dist-packages/torch/include/ATen/cuda/EmptyTensor.h
	Total files patched: 419
[stage-0  6/23] RUN --mount=type=cache,target=/root/.cache/uv     uv pip install --system numpy cython &&     uv pip install --system torch torchvision torchaudio --index-url https://download.pytorch.org/whl/cu129
[stage-0  3/23] RUN apt-get update && apt-get install -y wget gnupg &&     wget -O- https://apt.repos.intel.com/intel-gpg-keys/GPG-PUB-KEY-INTEL-SW-PRODUCTS.PUB     | gpg --dearmor | tee /usr/share/keyrings/oneapi-archive-keyring.gpg > /dev/null &&     echo "deb [signed-by=/usr/share/keyrings/oneapi-archive-keyring.gpg] https://apt.repos.intel.com/oneapi all main"     | tee /etc/apt/sources.list.d/oneAPI.list &&     rm -rf /var/lib/apt/lists/*
[stage-0  5/23] RUN --mount=type=cache,target=/root/.cache/pip python3 -m pip install --upgrade pip &&     python3 -m pip install uv
[stage-0  4/23] RUN apt-get update && apt-get install -y     build-essential     cmake     git     gfortran     wget     openmpi-bin     libopenmpi-dev     libkim-api-dev     openkim-models     python3     python3-dev     python3-pip     python3.10-venv     ffmpeg     pkg-config     libhdf5-dev     libnetcdf-dev     libblas-dev     liblapack-dev     libgsl-dev     libfftw3-mpi-dev     intel-oneapi-mkl-devel     && rm -rf /var/lib/apt/lists/*
[stage-0  2/23] RUN ln -s /usr/local/cuda/lib64/stubs/libcuda.so /usr/local/cuda/lib64/stubs/libcuda.so.1 || true
[stage-0  8/23] RUN --mount=type=cache,target=/root/.cache/uv uv pip install --system nequip nequip-allegro
	Using Python 3.10.12 environment at: /usr
	Resolved 69 packages in 2.24s
	warning:Failed to hardlink files; falling back to full copy. This may lead to degraded performance.
	If the cache and target directories are on different filesystems, hardlinking may not be supported.
	If this is intentional, set `export UV_LINK_MODE=copy` or use `--link-mode=copy` to suppress this warning.
	Installed 42 packages in 868ms
	+ aiohappyeyeballs==2.6.1
	+ aiohttp==3.13.2
	+ aiosignal==1.4.0
	+ antlr4-python3-runtime==4.9.3
	+ ase==3.26.0
	+ async-timeout==5.0.1
	+ attrs==25.4.0
	+ certifi==2025.11.12
	+ charset-normalizer==3.4.4
	+ contourpy==1.3.2
	+ cycler==0.12.1
	+ e3nn==0.5.9
	+ fonttools==4.61.1
	+ frozenlist==1.8.0
	+ hydra-core==1.3.2
	+ idna==3.11
	+ kiwisolver==1.4.9+ lightning==2.6.0+ lightning-utilities==0.15.2
	+lmdb==1.7.5
	+ matplotlib==3.10.8
	+matscipy==1.2.0
	+multidict==6.7.0
	+nequip==0.16.1+ nequip-allegro==0.8.0+omegaconf==2.3.0
	+opt-einsum==3.4.0
	+opt-einsum-fx==0.1.4
	+packaging==25.0+propcache==0.4.1+ pyparsing==3.2.5
	+python-dateutil==2.9.0.post0
	+pytorch-lightning==2.6.0+pyyaml==6.0.3
	+requests==2.32.5+scipy==1.15.3
	+setuptools==80.9.0
	+six==1.17.0
	+torchmetrics==1.8.2+tqdm==4.67.1
	+ urllib3==2.6.2
	+ yarl==1.22.0
[stage-0  9/23] WORKDIR /opt
[stage-0 10/23] RUN git clone -b patch_10Dec2025 --depth=1 https://github.com/lammps/lammps.git my_lammps
	Cloning into 'my_lammps'...
	Note: switching to 'cd8851c4e75c42744e221ae3c457c6e4645f0ad5'.
	
	You are in 'detached HEAD' state. You can look around, make experimental
	changes and commit them, and you can discard any commits you make in this
	state without impacting any branches by switching back to a branch.
	
	If you want to create a new branch to retain commits you create, you may
	do so (now or later) by using -c with the switch command. Example:
	
	git switch -c <new-branch-name>
	
	Or undo this operation with:
	
	git switch -
	
	Turn off this advice by setting config variable advice.detachedHead to false
	Updating files:  23% (3025/13122)Updating files:  24% (3150/13122)Updating files:  25% (3281/13122)Updating files:  26% (3412/13122)Updating files:  27% (3543/13122)Updating files:  28% (3675/13122)Updating files:  29% (3806/13122)Updating files:  30% (3937/13122)Updating files:  31% (4068/13122)Updating files:  32% (4200/13122)Updating files:  33% (4331/13122)Updating files:  34% (4462/13122)Updating files:  35% (4593/13122)Updating files:  36% (4724/13122)Updating files:  37% (4856/13122)Updating files:  38% (4987/13122)Updating files:  39% (5118/13122)Updating files:  40% (5249/13122)Updating files:  41% (5381/13122)Updating files:  42% (5512/13122)Updating files:  43% (5643/13122)Updating files:  44% (5774/13122)Updating files:  45% (5905/13122)Updating files:  46% (6037/13122)Updating files:  47% (6168/13122)Updating files:  48% (6299/13122)Updating files:  49% (6430/13122)Updating files:  50% (6561/13122)Updating files:  51% (6693/13122)Updating files:  52% (6824/13122)Updating files:  53% (6955/13122)Updating files:  54% (7086/13122)Updating files:  55% (7218/13122)Updating files:  56% (7349/13122)Updating files:  57% (7480/13122)Updating files:  58% (7611/13122)Updating files:  59% (7742/13122)Updating files:  60% (7874/13122)Updating files:  61% (8005/13122)Updating files:  62% (8136/13122)Updating files:  63% (8267/13122)Updating files:  64% (8399/13122)Updating files:  65% (8530/13122)Updating files:  66% (8661/13122)Updating files:  67% (8792/13122)Updating files:  68% (8923/13122)Updating files:  69% (9055/13122)Updating files:  70% (9186/13122)Updating files:  71% (9317/13122)Updating files:  72% (9448/13122)Updating files:  73% (9580/13122)Updating files:  74% (9711/13122)Updating files:  75% (9842/13122)Updating files:  76% (9973/13122)Updating files:  77% (10104/13122)Updating files:  78% (10236/13122)Updating files:  79% (10367/13122)Updating files:  80% (10498/13122)Updating files:  81% (10629/13122)Updating files:  82% (10761/13122)Updating files:  83% (10892/13122)Updating files:  84% (11023/13122)Updating files:  85% (11154/13122)Updating files:  86% (11285/13122)Updating files:  86% (11307/13122)Updating files:  87% (11417/13122)Updating files:  88% (11548/13122)Updating files:  89% (11679/13122)Updating files:  90% (11810/13122)Updating files:  91% (11942/13122)Updating files:  92% (12073/13122)Updating files:  93% (12204/13122)Updating files:  94% (12335/13122)Updating files:  95% (12466/13122)Updating files:  96% (12598/13122)Updating files:  97% (12729/13122)Updating files:  98% (12860/13122)Updating files:  99% (12991/13122)Updating files: 100% (13122/13122)
Updating files: 100% (13122/13122), done.
[stage-0 11/23] RUN cd /opt &&     wget -q https://download.lammps.org/thirdparty/voro++-0.4.6.tar.gz &&     tar xzf voro++-0.4.6.tar.gz &&     cd voro++-0.4.6 &&     make CFLAGS="-fPIC" CXXFLAGS="-fPIC"
	make -C src
	make[1]: Entering directory '/opt/voro++-0.4.6/src'
	g++ -fPIC -c cell.cc
	g++ -fPIC -c common.cc
	g++ -fPIC -c container.cc
	g++ -fPIC -c unitcell.cc
	g++ -fPIC -c v_compute.cc
	g++ -fPIC -c c_loops.cc
	g++ -fPIC -c v_base.cc
	g++ -fPIC -c wall.cc
	g++ -fPIC -c pre_container.cc
	g++ -fPIC -c container_prd.cc
	rm -f libvoro++.a
	ar rs libvoro++.a cell.o common.o container.o unitcell.o v_compute.o c_loops.o v_base.o wall.o pre_container.o container_prd.o
	ar: creating libvoro++.a
	g++ -fPIC -L. -o voro++ cmd_line.cc -lvoro++
	make[1]: Leaving directory '/opt/voro++-0.4.6/src'
	make -C examples
	make[1]: Entering directory '/opt/voro++-0.4.6/examples'
	make -C basic
	make[2]: Entering directory '/opt/voro++-0.4.6/examples/basic'
	g++ -fPIC -I../../src -L../../src -o single_cell single_cell.cc -lvoro++
	g++ -fPIC -I../../src -L../../src -o platonic platonic.cc -lvoro++
	g++ -fPIC -I../../src -L../../src -o random_points random_points.cc -lvoro++
	g++ -fPIC -I../../src -L../../src -o import import.cc -lvoro++
	make[2]: Leaving directory '/opt/voro++-0.4.6/examples/basic'
	make -C walls
	make[2]: Entering directory '/opt/voro++-0.4.6/examples/walls'
	g++ -fPIC -I../../src -L../../src -o cylinder cylinder.cc -lvoro++
	g++ -fPIC -I../../src -L../../src -o tetrahedron tetrahedron.cc -lvoro++
	g++ -fPIC -I../../src -L../../src -o frustum frustum.cc -lvoro++
	g++ -fPIC -I../../src -L../../src -o torus torus.cc -lvoro++
	make[2]: Leaving directory '/opt/voro++-0.4.6/examples/walls'
	make -C custom
	make[2]: Entering directory '/opt/voro++-0.4.6/examples/custom'
	g++ -fPIC -I../../src -L../../src -o cell_statistics cell_statistics.cc -lvoro++
	g++ -fPIC -I../../src -L../../src -o custom_output custom_output.cc -lvoro++
	g++ -fPIC -I../../src -L../../src -o radical radical.cc -lvoro++
	make[2]: Leaving directory '/opt/voro++-0.4.6/examples/custom'
	make -C extra
	make[2]: Entering directory '/opt/voro++-0.4.6/examples/extra'
	g++ -fPIC -I../../src -L../../src -o box_cut box_cut.cc -lvoro++
	g++ -fPIC -I../../src -L../../src -o cut_region cut_region.cc -lvoro++
	g++ -fPIC -I../../src -L../../src -o superellipsoid superellipsoid.cc -lvoro++
	g++ -fPIC -I../../src -L../../src -o irregular irregular.cc -lvoro++
	make[2]: Leaving directory '/opt/voro++-0.4.6/examples/extra'
	make -C degenerate
	make[2]: Entering directory '/opt/voro++-0.4.6/examples/degenerate'
	g++ -fPIC -I../../src -L../../src -o degenerate degenerate.cc -lvoro++
	g++ -fPIC -I../../src -L../../src -o degenerate2 degenerate2.cc -lvoro++
	make[2]: Leaving directory '/opt/voro++-0.4.6/examples/degenerate'
	make -C interface
	make[2]: Entering directory '/opt/voro++-0.4.6/examples/interface'
	g++ -fPIC -I../../src -L../../src -o loops loops.cc -lvoro++
	g++ -fPIC -I../../src -L../../src -o polygons polygons.cc -lvoro++
	g++ -fPIC -I../../src -L../../src -o odd_even odd_even.cc -lvoro++
	g++ -fPIC -I../../src -L../../src -o find_voro_cell find_voro_cell.cc -lvoro++
	make[2]: Leaving directory '/opt/voro++-0.4.6/examples/interface'
	make[1]: Leaving directory '/opt/voro++-0.4.6/examples'
[stage-0 12/23] RUN cd /opt &&     git clone --depth=1 https://github.com/mir-group/pair_nequip_allegro.git &&     cd pair_nequip_allegro &&     ./patch_lammps.sh /opt/my_lammps
	Cloning into 'pair_nequip_allegro'...
	Copying files...
	Updating CMakeLists.txt...
	Done!
[stage-0 13/23] WORKDIR /opt/my_lammps/build
[stage-0 14/23] RUN cmake ../cmake     -D CMAKE_BUILD_TYPE=Release     -D BUILD_LIB=ON     -D BUILD_SHARED_LIBS=ON     -D LAMMPS_EXCEPTIONS=yes     -D FFT=MKL     -D FFT_MKL_THREADS=ON     -D FFT_KOKKOS=cufft     -D CMAKE_PREFIX_PATH="/opt/intel/oneapi/mkl/latest;$(python3 -c 'import torch;print(torch.utils.cmake_prefix_path)')"     -D BLA_VENDOR=Intel10_64lp     -D MKL_INCLUDE_DIR=/opt/intel/oneapi/mkl/latest/include     -D BLAS_LIBRARIES="/opt/intel/oneapi/mkl/latest/lib/intel64/libmkl_intel_lp64.so;/opt/intel/oneapi/mkl/latest/lib/intel64/libmkl_sequential.so;/opt/intel/oneapi/mkl/latest/lib/intel64/libmkl_core.so"     -D LAPACK_LIBRARIES="/opt/intel/oneapi/mkl/latest/lib/intel64/libmkl_intel_lp64.so;/opt/intel/oneapi/mkl/latest/lib/intel64/libmkl_sequential.so;/opt/intel/oneapi/mkl/latest/lib/intel64/libmkl_core.so"     -D NEQUIP_AOT_COMPILE=ON     -D PKG_CORESHELL=ON     -D PKG_DIELECTRIC=ON     -D PKG_DIFFRACTION=ON     -D PKG_DIPOLE=ON     -D PKG_DRUDE=ON     -D PKG_KOKKOS=ON     -D Kokkos_ENABLE_CUDA=ON     -D Kokkos_ENABLE_OPENMP=ON     -D CMAKE_CXX_COMPILER=/opt/my_lammps/lib/kokkos/bin/nvcc_wrapper     -D Kokkos_ARCH_BLACKWELL120=ON     -D PKG_MOLECULE=ON     -D PKG_RIGID=ON     -D PKG_KSPACE=ON     -D PKG_DPD-BASIC=ON     -D PKG_DPD-MESO=ON     -D PKG_DPD-SMOOTH=ON     -D PKG_DPD-REACT=ON     -D PKG_CG-SPICA=ON     -D PKG_CG-DNA=ON     -D PKG_MOLFILE=ON     -D PKG_MC=ON     -D PKG_MOFFF=ON     -D PKG_MANYBODY=ON     -D PKG_MEAM=ON     -D PKG_REAXFF=ON     -D PKG_QEQ=ON     -D PKG_SPIN=ON     -D PKG_ELECTRODE=ON     -D PKG_FEP=ON     -D PKG_EXTRA-COMMAND=ON     -D PKG_EXTRA-COMPUTE=ON     -D PKG_EXTRA-DUMP=ON     -D PKG_EXTRA-FIX=ON     -D PKG_EXTRA-MOLECULE=ON     -D PKG_EXTRA-PAIR=ON     -D PKG_TALLY=ON     -D PKG_REACTION=ON     -D PKG_ML-HDNNP=ON     -D PKG_ML-IAP=ON     -D PKG_ML-PACE=ON     -D PKG_ML-POD=ON     -D PKG_ML-QUIP=ON     -D PKG_ML-SNAP=ON     -D PKG_ML-RANN=ON     -D PKG_ML-UF3=ON     -D PKG_KIM=ON     -D PKG_MDI=ON     -D PKG_COLVARS=ON     -D PKG_PYTHON=ON     -D MLIAP_ENABLE_PYTHON=ON     -D PKG_COMPRESS=ON     -D PKG_H5MD=ON     -D PKG_INTERLAYER=ON     -D PKG_NETCDF=ON     -D PKG_VORONOI=ON     -D PKG_PLUMED=ON     -D PKG_OPENMP=ON     -D PKG_OPT=ON     -D PKG_REPLICA=ON     -D PKG_COLLOID=ON     -D PKG_GRANULAR=ON     -D PKG_LEPTON=ON     -D PKG_PHONON=ON     -D DOWNLOAD_N2P2=yes     -D DOWNLOAD_QUIP=yes     -D DOWNLOAD_MDI=yes     -D USE_INTERNAL_LINALG=OFF     -D DOWNLOAD_VORO=OFF     -D VORO_LIBRARY=/opt/voro++-0.4.6/src/libvoro++.a     -D VORO_INCLUDE_DIR=/opt/voro++-0.4.6/src     -D DOWNLOAD_PLUMED=yes     -D PLUMED_MODE=static     && make -j$(nproc)     && make install-python
	-- The CXX compiler identification is GNU 11.4.0
	-- The C compiler identification is GNU 11.4.0
	-- Detecting CXX compiler ABI info
	-- Detecting CXX compiler ABI info - done
	-- Check for working CXX compiler: /opt/my_lammps/lib/kokkos/bin/nvcc_wrapper - skipped
	-- Detecting CXX compile features
	-- Detecting CXX compile features - done
	-- Detecting C compiler ABI info
	-- Detecting C compiler ABI info - done
	-- Check for working C compiler: /usr/bin/cc - skipped
	-- Detecting C compile features
	-- Detecting C compile features - done
	-- Found Git: /usr/bin/git (found version "2.34.1")
	-- Appending /opt/intel/oneapi/mkl/latest/lib/intel64:/usr/local/cuda/lib64/stubs:/usr/local/cuda/lib64/stubs to CMAKE_LIBRARY_PATH: /opt/intel/oneapi/mkl/latest/lib/intel64:/usr/local/cuda/lib64/stubs:/usr/local/cuda/lib64/stubs
	-- Running check for auto-generated files from make-based build system
	-- Found MPI_CXX: /usr/lib/x86_64-linux-gnu/openmpi/lib/libmpi_cxx.so (found version "3.1")
	-- Found MPI: TRUE (found version "3.1") found components: CXX
	CMake Warning at Modules/LAMMPSUtils.cmake:126 (message):
	The CG-DNA package depends on the ASPHERE package.  Enabling it.
	Call Stack (most recent call first):
	CMakeLists.txt:446 (pkg_depends)
	-- Looking for C++ include omp.h
	-- Looking for C++ include omp.h - found
	-- Found OpenMP_CXX: -fopenmp (found version "4.5")
	-- Found OpenMP: TRUE (found version "4.5") found components: CXX
	-- Found BLAS: /opt/intel/oneapi/mkl/latest/lib/intel64/libmkl_intel_lp64.so;/opt/intel/oneapi/mkl/latest/lib/intel64/libmkl_sequential.so;/opt/intel/oneapi/mkl/latest/lib/intel64/libmkl_core.so
	-- Found LAPACK: /opt/intel/oneapi/mkl/latest/lib/intel64/libmkl_intel_lp64.so;/opt/intel/oneapi/mkl/latest/lib/intel64/libmkl_sequential.so;/opt/intel/oneapi/mkl/latest/lib/intel64/libmkl_core.so
	-- Found JPEG: /usr/lib/x86_64-linux-gnu/libjpeg.so (found version "80")
	-- Found GZIP: /usr/bin/gzip
	-- Found FFMPEG: /usr/bin/ffmpeg
	-- Found PkgConfig: /usr/bin/pkg-config (found version "0.29.2")
	-- Checking for module 'fftw3'
	--   No package 'fftw3' found
	-- Found MKL: /opt/intel/oneapi/mkl/latest/lib/libmkl_rt.so
	-- Found Python: /usr/bin/python3.10 (found version "3.10.12") found components: Interpreter
	-- Found Python: /usr/bin/python3.10 (found version "3.10.12") found components: Interpreter Development Development.Module Development.Embed
	-- Found Cythonize: /usr/local/bin/cythonize
	-- Found Python: /usr/include/python3.10 (found version "3.10.12") found components: NumPy Interpreter Development.Module
	-- Found VORO: /opt/voro++-0.4.6/src/libvoro++.a
	-- N2P2 BUILD OPTIONS: INTERFACES=LAMMPS;COMP=gnu;PROJECT_OPTIONS= -I/usr/lib/x86_64-linux-gnu/openmpi/include -I/usr/lib/x86_64-linux-gnu/openmpi/include/openmpi;PROJECT_DEBUG=;PROJECT_CC=/opt/my_lammps/lib/kokkos/bin/nvcc_wrapper;PROJECT_MPICC=/opt/my_lammps/lib/kokkos/bin/nvcc_wrapper;PROJECT_CFLAGS=-fPIC  -Xcudafe --diag_suppress=unrecognized_pragma,--diag_suppress=128,--diag_suppress=186 -O3 -DNDEBUG -std=gnu++11;PROJECT_AR=/usr/bin/gcc-ar-11;APP_CORE=nnp-convert;APP_TRAIN=nnp-train;APP=nnp-convert
	-- MDI download requested - we will build our own
	-- Found NetCDF: /usr/lib/x86_64-linux-gnu/libnetcdf.so
	-- Trying to find PNetCDF using LD_LIBRARY_PATH (we're desperate)...
	-- Could NOT find PNetCDF (missing: PNETCDF_LIBRARIES PNETCDF_INCLUDES)
	-- Found GSL: /usr/include (found version "2.7.1")
	-- Checking for module 'fftw3'
	--   No package 'fftw3' found
	-- PLUMED download requested - we will build our own
	-- The Fortran compiler identification is GNU 11.4.0
	-- Detecting Fortran compiler ABI info
	-- Detecting Fortran compiler ABI info - done
	-- Check for working Fortran compiler: /usr/bin/gfortran - skipped
	-- QUIP download via git requested - we will build our own
	-- Found CURL: /usr/lib/x86_64-linux-gnu/libcurl.so (found version "7.81.0")
	-- Found ZLIB: /usr/lib/x86_64-linux-gnu/libz.so (found version "1.2.11")
	-- Checking for module 'libzstd>=1.4'
	--   No package 'libzstd' found
	-- Downloading https://github.com/ICAMS/lammps-user-pace/archive/refs/tags/v.2023.11.25.fix2.tar.gz
	-- Found HDF5: /usr/lib/x86_64-linux-gnu/hdf5/serial/libhdf5.so;/usr/lib/x86_64-linux-gnu/libcrypto.so;/usr/lib/x86_64-linux-gnu/libcurl.so;/usr/lib/x86_64-linux-gnu/libpthread.a;/usr/lib/x86_64-linux-gnu/libsz.so;/usr/lib/x86_64-linux-gnu/libz.so;/usr/lib/x86_64-linux-gnu/libdl.a;/usr/lib/x86_64-linux-gnu/libm.so (found version "1.10.7") found components: C
	-- Using double precision for KOKKOS package
	-- Using legacy view layout for KOKKOS package
	-- Setting default Kokkos CXX standard to 17
	-- Kokkos version: 4.7.1
	-- The project name is: Kokkos
	-- Using internal gtest for testing
	-- Compiler Version: 12.9.41
	-- Using -std=c++17 for C++17 standard as feature
	-- Built-in Execution Spaces:
	--     Device Parallel: Kokkos::Cuda
	--     Host Parallel: Kokkos::OpenMP
	--       Host Serial: NONE
	--
	-- Architectures:
	--  BLACKWELL120
	-- Found CUDAToolkit: /usr/local/cuda/include (found version "12.9.41")
	-- Looking for pthread.h
	-- Looking for pthread.h - found
	-- Performing Test CMAKE_HAVE_LIBC_PTHREAD
	-- Performing Test CMAKE_HAVE_LIBC_PTHREAD - Success
	-- Found Threads: TRUE
	-- Found TPLLIBDL: /usr/include
	-- Found OpenMP_CXX: -fopenmp (found suitable version "4.5", minimum required is "3.0")
	-- Found OpenMP: TRUE (found suitable version "4.5", minimum required is "3.0") found components: CXX
	-- Using internal desul_atomics copy
	-- Performing Test KOKKOS_LINK_OPTIONS_CHECK
	-- Performing Test KOKKOS_LINK_OPTIONS_CHECK - Success
	-- Performing Test KOKKOS_COMPILE_OPTIONS_CHECK
	-- Performing Test KOKKOS_COMPILE_OPTIONS_CHECK - Success
	-- Experimental mdspan support is enabled
	-- Using internal mdspan directory /opt/my_lammps/lib/kokkos/tpls/mdspan/include
	-- Kokkos Backends: OPENMP;CUDA
	-- Generating style headers...
	-- Generating package headers...
	-- Generating lmpinstalledpkgs.h...
	-- Found Python: /usr/bin/python3.10 (found version "3.10.12") found components: Interpreter
	-- Found Python3: /usr/bin/python3.10 (found version "3.10.12") found components: Interpreter
	-- The following tools and libraries have been found and configured:
	* MPI
	* JPEG
	* MKL
	* Cythonize
	* VORO
	* NetCDF
	* LAPACK
	* BLAS
	* GSL
	* KIM-API (required version >= 2.2.0)
	* ZLIB
	* CURL
	* HDF5
	* TPLLIBDL
	* OpenMP (required version >= 3.0)
	* Threads
	* CUDAToolkit
	* Python
	* Python3
	-- <<< Build configuration >>>
	LAMMPS Version:   2025.12.10.0 patch_10Dec2025-modified
	Operating System: Linux Ubuntu" 22.04
	CMake Version:    3.22.1
	Build type:       Release
	Install path:     /root/.local
	Generator:        Unix Makefiles using /usr/bin/gmake
	-- Enabled packages: ASPHERE;CG-DNA;CG-SPICA;COLLOID;COLVARS;COMPRESS;CORESHELL;DIELECTRIC;DIFFRACTION;DIPOLE;DPD-BASIC;DPD-MESO;DPD-REACT;DPD-SMOOTH;DRUDE;ELECTRODE;EXTRA-COMMAND;EXTRA-COMPUTE;EXTRA-DUMP;EXTRA-FIX;EXTRA-MOLECULE;EXTRA-PAIR;FEP;GRANULAR;H5MD;INTERLAYER;KIM;KOKKOS;KSPACE;LEPTON;MANYBODY;MC;MDI;MEAM;ML-HDNNP;ML-IAP;ML-PACE;ML-POD;ML-QUIP;ML-RANN;ML-SNAP;ML-UF3;MOFFF;MOLECULE;MOLFILE;NETCDF;OPENMP;OPT;PHONON;PLUMED;PYTHON;QEQ;REACTION;REAXFF;REPLICA;RIGID;SPIN;TALLY;VORONOI
	-- <<< Compilers and Flags: >>>
	-- C++ Compiler:     /opt/my_lammps/lib/kokkos/bin/nvcc_wrapper
	Type:          GNU
	Version:       11.4.0
	C++ Standard:  17
	C++ Flags:     -Xcudafe --diag_suppress=unrecognized_pragma,--diag_suppress=128,--diag_suppress=186 -O3 -DNDEBUG
	Defines:       LAMMPS_SMALLBIG;LAMMPS_MEMALIGN=64;LAMMPS_OMP_COMPAT=4;LAMMPS_JPEG;LAMMPS_GZIP;LAMMPS_FFMPEG;FFT_MKL;FFT_MKL_THREADS;LMP_PYTHON;MLIAP_PYTHON;MLIAP_ACE;LMP_MDI;LMP_HAS_NETCDF;NC_64BIT_DATA=0x0020;LMP_KIM_CURL;LAMMPS_CURL;LMP_OPENMP;LMP_KOKKOS_DOUBLE_DOUBLE;LMP_KOKKOS_LAYOUT_LEGACY;$<BUILD_INTERFACE:LMP_KOKKOS>;FFT_KOKKOS_CUFFT
	-- Fortran Compiler: /usr/bin/gfortran
	Type:          GNU
	Version:       11.4.0
	Fortran Flags: -O3 -DNDEBUG -O3
	-- C compiler:       /usr/bin/cc
	Type:          GNU
	Version:       11.4.0
	C Flags:       -O3 -DNDEBUG
	-- <<< Linker flags: >>>
	-- Executable name:  lmp
	-- Shared library flags:
	-- <<< MPI flags >>>
	-- MPI_defines:      MPICH_SKIP_MPICXX;OMPI_SKIP_MPICXX;_MPICC_H
	-- MPI includes:     /usr/lib/x86_64-linux-gnu/openmpi/include;/usr/lib/x86_64-linux-gnu/openmpi/include/openmpi
	-- MPI libraries:    /usr/lib/x86_64-linux-gnu/openmpi/lib/libmpi_cxx.so;/usr/lib/x86_64-linux-gnu/openmpi/lib/libmpi.so;
	-- Kokkos Devices: CUDA;CUDA_LAMBDA;OPENMP
	-- Kokkos Architecture: BLACKWELL120
	-- <<< FFT settings >>>
	-- Primary FFT lib:  MKL
	-- Using double precision FFTs
	-- Using threaded FFTs
	-- Using builtin distributed FFT algorithms
	-- Kokkos FFT: CUFFT
	-- << NEQUIP flags >>
	-- NEQUIP_AOT_COMPILE is enabled.
	-- Found CUDA: /usr/local/cuda (found version "12.9")
	-- The CUDA compiler identification is NVIDIA 12.9.41
	-- Detecting CUDA compiler ABI info
	-- Detecting CUDA compiler ABI info - done
	-- Check for working CUDA compiler: /usr/local/cuda/bin/nvcc - skipped
	-- Detecting CUDA compile features
	-- Detecting CUDA compile features - done
	-- Found CUDAToolkit: /usr/local/cuda/include (found version "12.9.41")
	-- PyTorch: CUDA detected: 12.9
	-- PyTorch: CUDA nvcc is: /usr/local/cuda/bin/nvcc
	-- PyTorch: CUDA toolkit directory: /usr/local/cuda
	-- PyTorch: Header version is: 12.9
	CMake Warning at /usr/local/lib/python3.10/dist-packages/torch/share/cmake/Caffe2/public/cuda.cmake:140 (message):
	Failed to compute shorthash for libnvrtc.so
	Call Stack (most recent call first):
	/usr/local/lib/python3.10/dist-packages/torch/share/cmake/Caffe2/Caffe2Config.cmake:86 (include)
	/usr/local/lib/python3.10/dist-packages/torch/share/cmake/Torch/TorchConfig.cmake:68 (find_package)
	CMakeLists.txt:1109 (find_package)
	-- USE_CUDNN is set to 0. Compiling without cuDNN support
	-- USE_CUSPARSELT is set to 0. Compiling without cuSPARSELt support
	-- USE_CUDSS is set to 0. Compiling without cuDSS support
	-- USE_CUFILE is set to 0. Compiling without cuFile support
	-- Automatic GPU detection failed. Building for common architectures.
	-- Autodetected CUDA architecture(s): 5.0;8.0;8.6;8.9;9.0;9.0a;10.0;10.0a;10.1a;12.0;12.0a
	-- Added CUDA NVCC flags for: -gencode;arch=compute_50,code=sm_50;-gencode;arch=compute_80,code=sm_80;-gencode;arch=compute_86,code=sm_86;-gencode;arch=compute_89,code=sm_89;-gencode;arch=compute_90,code=sm_90;-gencode;arch=compute_90a,code=sm_90a;-gencode;arch=compute_100,code=sm_100;-gencode;arch=compute_100a,code=sm_100a;-gencode;arch=compute_101a,code=sm_101a;-gencode;arch=compute_120,code=sm_120;-gencode;arch=compute_120a,code=sm_120a
	CMake Warning at /usr/local/lib/python3.10/dist-packages/torch/share/cmake/Caffe2/public/cuda.cmake:323 (message):
	pytorch is not compatible with `CMAKE_CUDA_ARCHITECTURES` and will ignore
	its value.  Please configure `TORCH_CUDA_ARCH_LIST` instead.
	Call Stack (most recent call first):
	/usr/local/lib/python3.10/dist-packages/torch/share/cmake/Caffe2/Caffe2Config.cmake:86 (include)
	/usr/local/lib/python3.10/dist-packages/torch/share/cmake/Torch/TorchConfig.cmake:68 (find_package)
	CMakeLists.txt:1109 (find_package)
	CMake Warning at /usr/local/lib/python3.10/dist-packages/torch/share/cmake/Torch/TorchConfig.cmake:22 (message):
	static library kineto_LIBRARY-NOTFOUND not found.
	Call Stack (most recent call first):
	/usr/local/lib/python3.10/dist-packages/torch/share/cmake/Torch/TorchConfig.cmake:125 (append_torchlib_if_found)
	CMakeLists.txt:1109 (find_package)
	-- Found Torch: /usr/local/lib/python3.10/dist-packages/torch/lib/libtorch.so
	-- Configuring done
	CMake Warning at CMakeLists.txt:238 (add_library):
	Cannot generate a safe runtime search path for target lammps because files
	in some directories may conflict with libraries in implicit directories:
	
	runtime library [libgomp.so.1] in /usr/lib/gcc/x86_64-linux-gnu/11 may be hidden by files in:
	/usr/local/lib/python3.10/dist-packages/torch/lib
	
	Some of these libraries may not be found correctly.
	CMake Warning at CMakeLists.txt:252 (add_executable):
	Cannot generate a safe runtime search path for target lmp because files in
	some directories may conflict with libraries in implicit directories:
	
	runtime library [libgomp.so.1] in /usr/lib/gcc/x86_64-linux-gnu/11 may be hidden by files in:
	/usr/local/lib/python3.10/dist-packages/torch/lib
	
	Some of these libraries may not be found correctly.
	-- Generating done
	-- Build files have been written to: /opt/my_lammps/build
	[  0%] Building CXX object lib/kokkos/simd/src/CMakeFiles/kokkossimd.dir/Kokkos_SIMD_dummy.cpp.o
	[  0%] Linking CXX static library libkokkossimd.a
	[  0%] Built target kokkossimd
	[  0%] Building CXX object CMakeFiles/lepton.dir/opt/my_lammps/lib/lepton/src/CompiledExpression.cpp.o
	[  0%] Building CXX object CMakeFiles/lepton.dir/opt/my_lammps/lib/lepton/src/CompiledVectorExpression.cpp.o
	[  0%] Building CXX object CMakeFiles/lepton.dir/opt/my_lammps/lib/lepton/src/ExpressionProgram.cpp.o
	[  0%] Building CXX object CMakeFiles/lepton.dir/opt/my_lammps/lib/lepton/src/ExpressionTreeNode.cpp.o
	[  0%] Building CXX object CMakeFiles/lepton.dir/opt/my_lammps/lib/lepton/src/Operation.cpp.o
	[  1%] Building CXX object CMakeFiles/lepton.dir/opt/my_lammps/lib/lepton/src/ParsedExpression.cpp.o
	[  1%] Building CXX object CMakeFiles/lepton.dir/opt/my_lammps/lib/lepton/src/Parser.cpp.o
	[  1%] Building CXX object CMakeFiles/lepton.dir/opt/my_lammps/lib/lepton/asmjit/arm/a64assembler.cpp.o
	[  1%] Building CXX object CMakeFiles/lepton.dir/opt/my_lammps/lib/lepton/asmjit/arm/a64builder.cpp.o
	[  1%] Building CXX object CMakeFiles/lepton.dir/opt/my_lammps/lib/lepton/asmjit/arm/a64compiler.cpp.o
	[  1%] Building CXX object CMakeFiles/lepton.dir/opt/my_lammps/lib/lepton/asmjit/arm/a64emithelper.cpp.o
	[  1%] Building CXX object CMakeFiles/lepton.dir/opt/my_lammps/lib/lepton/asmjit/arm/a64formatter.cpp.o
	[  1%] Building CXX object CMakeFiles/lepton.dir/opt/my_lammps/lib/lepton/asmjit/arm/a64func.cpp.o
	[  1%] Building CXX object CMakeFiles/lepton.dir/opt/my_lammps/lib/lepton/asmjit/arm/a64instapi.cpp.o
	[  1%] Building CXX object CMakeFiles/lepton.dir/opt/my_lammps/lib/lepton/asmjit/arm/a64instdb.cpp.o
	[  1%] Building CXX object CMakeFiles/lepton.dir/opt/my_lammps/lib/lepton/asmjit/arm/a64operand.cpp.o
	[  1%] Building CXX object CMakeFiles/lepton.dir/opt/my_lammps/lib/lepton/asmjit/arm/a64rapass.cpp.o
	[  1%] Building CXX object CMakeFiles/lepton.dir/opt/my_lammps/lib/lepton/asmjit/arm/armformatter.cpp.o
	[  1%] Building CXX object CMakeFiles/lepton.dir/opt/my_lammps/lib/lepton/asmjit/core/archtraits.cpp.o
	[  1%] Building CXX object CMakeFiles/lepton.dir/opt/my_lammps/lib/lepton/asmjit/core/assembler.cpp.o
	[  1%] Building CXX object CMakeFiles/lepton.dir/opt/my_lammps/lib/lepton/asmjit/core/builder.cpp.o
	[  1%] Building CXX object CMakeFiles/lepton.dir/opt/my_lammps/lib/lepton/asmjit/core/codeholder.cpp.o
	[  2%] Building CXX object CMakeFiles/lepton.dir/opt/my_lammps/lib/lepton/asmjit/core/codewriter.cpp.o
	[  2%] Building CXX object CMakeFiles/lepton.dir/opt/my_lammps/lib/lepton/asmjit/core/compiler.cpp.o
	[  2%] Building CXX object CMakeFiles/lepton.dir/opt/my_lammps/lib/lepton/asmjit/core/constpool.cpp.o
	[  2%] Building CXX object CMakeFiles/lepton.dir/opt/my_lammps/lib/lepton/asmjit/core/cpuinfo.cpp.o
	[  2%] Building CXX object CMakeFiles/lepton.dir/opt/my_lammps/lib/lepton/asmjit/core/emithelper.cpp.o
	[  2%] Building CXX object CMakeFiles/lepton.dir/opt/my_lammps/lib/lepton/asmjit/core/emitter.cpp.o
	[  2%] Building CXX object CMakeFiles/lepton.dir/opt/my_lammps/lib/lepton/asmjit/core/emitterutils.cpp.o
	[  2%] Building CXX object CMakeFiles/lepton.dir/opt/my_lammps/lib/lepton/asmjit/core/environment.cpp.o
	[  2%] Building CXX object CMakeFiles/lepton.dir/opt/my_lammps/lib/lepton/asmjit/core/errorhandler.cpp.o
	[  2%] Building CXX object CMakeFiles/lepton.dir/opt/my_lammps/lib/lepton/asmjit/core/formatter.cpp.o
	[  2%] Building CXX object CMakeFiles/lepton.dir/opt/my_lammps/lib/lepton/asmjit/core/func.cpp.o
	[  2%] Building CXX object CMakeFiles/lepton.dir/opt/my_lammps/lib/lepton/asmjit/core/funcargscontext.cpp.o
	[  2%] Building CXX object CMakeFiles/lepton.dir/opt/my_lammps/lib/lepton/asmjit/core/globals.cpp.o
	[  2%] Building CXX object CMakeFiles/lepton.dir/opt/my_lammps/lib/lepton/asmjit/core/inst.cpp.o
	[  2%] Building CXX object CMakeFiles/lepton.dir/opt/my_lammps/lib/lepton/asmjit/core/jitallocator.cpp.o
	[  2%] Building CXX object CMakeFiles/lepton.dir/opt/my_lammps/lib/lepton/asmjit/core/jitruntime.cpp.o
	[  2%] Building CXX object CMakeFiles/lepton.dir/opt/my_lammps/lib/lepton/asmjit/core/logger.cpp.o
	[  2%] Building CXX object CMakeFiles/lepton.dir/opt/my_lammps/lib/lepton/asmjit/core/operand.cpp.o
	[  3%] Building CXX object CMakeFiles/lepton.dir/opt/my_lammps/lib/lepton/asmjit/core/osutils.cpp.o
	[  3%] Building CXX object CMakeFiles/lepton.dir/opt/my_lammps/lib/lepton/asmjit/core/ralocal.cpp.o
	[  3%] Building CXX object CMakeFiles/lepton.dir/opt/my_lammps/lib/lepton/asmjit/core/rapass.cpp.o
	[  3%] Building CXX object CMakeFiles/lepton.dir/opt/my_lammps/lib/lepton/asmjit/core/rastack.cpp.o
	[  3%] Building CXX object CMakeFiles/lepton.dir/opt/my_lammps/lib/lepton/asmjit/core/string.cpp.o
	[  3%] Building CXX object CMakeFiles/lepton.dir/opt/my_lammps/lib/lepton/asmjit/core/support.cpp.o
	[  3%] Building CXX object CMakeFiles/lepton.dir/opt/my_lammps/lib/lepton/asmjit/core/target.cpp.o
	[  3%] Building CXX object CMakeFiles/lepton.dir/opt/my_lammps/lib/lepton/asmjit/core/type.cpp.o
	[  3%] Building CXX object CMakeFiles/lepton.dir/opt/my_lammps/lib/lepton/asmjit/core/virtmem.cpp.o
	[  3%] Building CXX object CMakeFiles/lepton.dir/opt/my_lammps/lib/lepton/asmjit/core/zone.cpp.o
	[  3%] Building CXX object CMakeFiles/lepton.dir/opt/my_lammps/lib/lepton/asmjit/core/zonehash.cpp.o
	[  3%] Building CXX object CMakeFiles/lepton.dir/opt/my_lammps/lib/lepton/asmjit/core/zonelist.cpp.o
	[  3%] Building CXX object CMakeFiles/lepton.dir/opt/my_lammps/lib/lepton/asmjit/core/zonestack.cpp.o
	[  3%] Building CXX object CMakeFiles/lepton.dir/opt/my_lammps/lib/lepton/asmjit/core/zonetree.cpp.o
	[  3%] Building CXX object CMakeFiles/lepton.dir/opt/my_lammps/lib/lepton/asmjit/core/zonevector.cpp.o
	[  3%] Building CXX object CMakeFiles/lepton.dir/opt/my_lammps/lib/lepton/asmjit/x86/x86assembler.cpp.o
	[  3%] Building CXX object CMakeFiles/lepton.dir/opt/my_lammps/lib/lepton/asmjit/x86/x86builder.cpp.o
	[  4%] Building CXX object CMakeFiles/lepton.dir/opt/my_lammps/lib/lepton/asmjit/x86/x86compiler.cpp.o
	[  4%] Building CXX object CMakeFiles/lepton.dir/opt/my_lammps/lib/lepton/asmjit/x86/x86emithelper.cpp.o
	[  4%] Building CXX object CMakeFiles/lepton.dir/opt/my_lammps/lib/lepton/asmjit/x86/x86formatter.cpp.o
	[  4%] Building CXX object CMakeFiles/lepton.dir/opt/my_lammps/lib/lepton/asmjit/x86/x86func.cpp.o
	[  4%] Building CXX object CMakeFiles/lepton.dir/opt/my_lammps/lib/lepton/asmjit/x86/x86instapi.cpp.o
	[  4%] Building CXX object CMakeFiles/lepton.dir/opt/my_lammps/lib/lepton/asmjit/x86/x86instdb.cpp.o
	[  4%] Building CXX object CMakeFiles/lepton.dir/opt/my_lammps/lib/lepton/asmjit/x86/x86operand.cpp.o
	[  4%] Building CXX object CMakeFiles/lepton.dir/opt/my_lammps/lib/lepton/asmjit/x86/x86rapass.cpp.o
	[  4%] Linking CXX static library liblammps_lepton.a
	[  4%] Built target lepton
	[  4%] Building CXX object CMakeFiles/colvars.dir/opt/my_lammps/lib/colvars/colvar.cpp.o
	[  4%] Building CXX object CMakeFiles/colvars.dir/opt/my_lammps/lib/colvars/colvar_neuralnetworkcompute.cpp.o
	[  4%] Building CXX object CMakeFiles/colvars.dir/opt/my_lammps/lib/colvars/colvaratoms.cpp.o
	[  4%] Building CXX object CMakeFiles/colvars.dir/opt/my_lammps/lib/colvars/colvarbias.cpp.o
	[  4%] Building CXX object CMakeFiles/colvars.dir/opt/my_lammps/lib/colvars/colvarbias_abf.cpp.o
	[  4%] Building CXX object CMakeFiles/colvars.dir/opt/my_lammps/lib/colvars/colvarbias_abmd.cpp.o
	[  4%] Building CXX object CMakeFiles/colvars.dir/opt/my_lammps/lib/colvars/colvarbias_alb.cpp.o
	[  4%] Building CXX object CMakeFiles/colvars.dir/opt/my_lammps/lib/colvars/colvarbias_histogram.cpp.o
	[  5%] Building CXX object CMakeFiles/colvars.dir/opt/my_lammps/lib/colvars/colvarbias_histogram_reweight_amd.cpp.o
	[  5%] Building CXX object CMakeFiles/colvars.dir/opt/my_lammps/lib/colvars/colvarbias_meta.cpp.o
	[  5%] Building CXX object CMakeFiles/colvars.dir/opt/my_lammps/lib/colvars/colvarbias_opes.cpp.o
	[  5%] Building CXX object CMakeFiles/colvars.dir/opt/my_lammps/lib/colvars/colvarbias_restraint.cpp.o
	[  5%] Building CXX object CMakeFiles/colvars.dir/opt/my_lammps/lib/colvars/colvarcomp.cpp.o
	[  5%] Building CXX object CMakeFiles/colvars.dir/opt/my_lammps/lib/colvars/colvarcomp_alchlambda.cpp.o
	[  5%] Building CXX object CMakeFiles/colvars.dir/opt/my_lammps/lib/colvars/colvarcomp_angles.cpp.o
	[  5%] Building CXX object CMakeFiles/colvars.dir/opt/my_lammps/lib/colvars/colvarcomp_apath.cpp.o
	[  5%] Building CXX object CMakeFiles/colvars.dir/opt/my_lammps/lib/colvars/colvarcomp_combination.cpp.o
	[  5%] Building CXX object CMakeFiles/colvars.dir/opt/my_lammps/lib/colvars/colvarcomp_coordnums.cpp.o
	[  5%] Building CXX object CMakeFiles/colvars.dir/opt/my_lammps/lib/colvars/colvarcomp_distances.cpp.o
	[  5%] Building CXX object CMakeFiles/colvars.dir/opt/my_lammps/lib/colvars/colvarcomp_gpath.cpp.o
	[  5%] Building CXX object CMakeFiles/colvars.dir/opt/my_lammps/lib/colvars/colvarcomp_neuralnetwork.cpp.o
	[  5%] Building CXX object CMakeFiles/colvars.dir/opt/my_lammps/lib/colvars/colvarcomp_protein.cpp.o
	[  5%] Building CXX object CMakeFiles/colvars.dir/opt/my_lammps/lib/colvars/colvarcomp_rotations.cpp.o
	[  5%] Building CXX object CMakeFiles/colvars.dir/opt/my_lammps/lib/colvars/colvarcomp_torchann.cpp.o
	[  5%] Building CXX object CMakeFiles/colvars.dir/opt/my_lammps/lib/colvars/colvarcomp_volmaps.cpp.o
	[  5%] Building CXX object CMakeFiles/colvars.dir/opt/my_lammps/lib/colvars/colvardeps.cpp.o
	[  6%] Building CXX object CMakeFiles/colvars.dir/opt/my_lammps/lib/colvars/colvargrid.cpp.o
	[  6%] Building CXX object CMakeFiles/colvars.dir/opt/my_lammps/lib/colvars/colvargrid_integrate.cpp.o
	[  6%] Building CXX object CMakeFiles/colvars.dir/opt/my_lammps/lib/colvars/colvarmodule.cpp.o
	[  6%] Building CXX object CMakeFiles/colvars.dir/opt/my_lammps/lib/colvars/colvarparams.cpp.o
	[  6%] Building CXX object CMakeFiles/colvars.dir/opt/my_lammps/lib/colvars/colvarparse.cpp.o
	[  6%] Building CXX object CMakeFiles/colvars.dir/opt/my_lammps/lib/colvars/colvarproxy.cpp.o
	[  6%] Building CXX object CMakeFiles/colvars.dir/opt/my_lammps/lib/colvars/colvarproxy_io.cpp.o
	[  6%] Building CXX object CMakeFiles/colvars.dir/opt/my_lammps/lib/colvars/colvarproxy_replicas.cpp.o
	[  6%] Building CXX object CMakeFiles/colvars.dir/opt/my_lammps/lib/colvars/colvarproxy_system.cpp.o
	[  6%] Building CXX object CMakeFiles/colvars.dir/opt/my_lammps/lib/colvars/colvarproxy_tcl.cpp.o
	[  6%] Building CXX object CMakeFiles/colvars.dir/opt/my_lammps/lib/colvars/colvarproxy_volmaps.cpp.o
	[  6%] Building CXX object CMakeFiles/colvars.dir/opt/my_lammps/lib/colvars/colvars_memstream.cpp.o
	[  6%] Building CXX object CMakeFiles/colvars.dir/opt/my_lammps/lib/colvars/colvarscript.cpp.o
	[  6%] Building CXX object CMakeFiles/colvars.dir/opt/my_lammps/lib/colvars/colvarscript_commands.cpp.o
	[  6%] Building CXX object CMakeFiles/colvars.dir/opt/my_lammps/lib/colvars/colvarscript_commands_bias.cpp.o
	[  6%] Building CXX object CMakeFiles/colvars.dir/opt/my_lammps/lib/colvars/colvarscript_commands_colvar.cpp.o
	[  6%] Building CXX object CMakeFiles/colvars.dir/opt/my_lammps/lib/colvars/colvartypes.cpp.o
	[  7%] Building CXX object CMakeFiles/colvars.dir/opt/my_lammps/lib/colvars/colvarvalue.cpp.o
	[  7%] Linking CXX static library liblammps_colvars.a
	[  7%] Built target colvars
	[  7%] Creating directories for 'n2p2_build'
	[  7%] Performing download step (download, verify and extract) for 'n2p2_build'
	-- Downloading...
	dst='/opt/my_lammps/build/n2p2_build-prefix/src/v2.2.0.tar.gz'
	timeout='none'
	inactivity timeout='none'
	-- Using src='https://github.com/CompPhysVienna/n2p2/archive/v2.2.0.tar.gz'
	-- verifying file...
	file='/opt/my_lammps/build/n2p2_build-prefix/src/v2.2.0.tar.gz'
	-- Downloading... done
	-- extracting...
	src='/opt/my_lammps/build/n2p2_build-prefix/src/v2.2.0.tar.gz'
	dst='/opt/my_lammps/build/n2p2_build-prefix/src/n2p2_build'
	-- extracting... [tar xfz]
	-- extracting... [analysis]
	-- extracting... [rename]
	-- extracting... [clean up]
	-- extracting... done
	[  7%] No update step for 'n2p2_build'
	[  7%] Performing patch step for 'n2p2_build'
	[  7%] No configure step for 'n2p2_build'
	[  7%] Performing build step for 'n2p2_build'
	-- n2p2_build build command succeeded.  See also /opt/my_lammps/build/n2p2_build-prefix/src/n2p2_build-stamp/n2p2_build-build-*.log
	[  7%] No install step for 'n2p2_build'
	[  7%] Completed 'n2p2_build'
	[  7%] Built target n2p2_build
	[  7%] Creating directories for 'mdi_build'
	[  7%] Performing download step (download, verify and extract) for 'mdi_build'
	-- Downloading...
	dst='/opt/my_lammps/build/mdi_build_ext/src/v1.4.26.tar.gz'
	timeout='none'
	inactivity timeout='none'
	-- Using src='https://github.com/MolSSI-MDI/MDI_Library/archive/v1.4.26.tar.gz'
	-- verifying file...
	file='/opt/my_lammps/build/mdi_build_ext/src/v1.4.26.tar.gz'
	-- Downloading... done
	-- extracting...
	src='/opt/my_lammps/build/mdi_build_ext/src/v1.4.26.tar.gz'
	dst='/opt/my_lammps/build/mdi_build_ext/src/mdi_build'
	-- extracting... [tar xfz]
	-- extracting... [analysis]
	-- extracting... [rename]
	-- extracting... [clean up]
	-- extracting... done
	[  7%] No update step for 'mdi_build'
	[  7%] No patch step for 'mdi_build'
	[  7%] Performing configure step for 'mdi_build'
	-- The C compiler identification is GNU 11.4.0
	-- Detecting C compiler ABI info
	-- Detecting C compiler ABI info - done
	-- Check for working C compiler: /usr/bin/cc - skipped
	-- Detecting C compile features
	-- Detecting C compile features - done
	-- Found Python: /usr/bin/python3.10 (found version "3.10.12") found components: Interpreter Development Development.Module Development.Embed
	-- Found MPI_C: /usr/lib/x86_64-linux-gnu/openmpi/lib/libmpi.so (found version "3.1")
	-- Found MPI: TRUE (found version "3.1")
	-- Configuring done
	-- Generating done
	-- Build files have been written to: /opt/my_lammps/build/mdi_build_ext/src/mdi_build-build
	[  7%] Performing build step for 'mdi_build'
	[ 11%] Building C object MDI_Library/CMakeFiles/mdi.dir/mdi.c.o
	[ 22%] Building C object MDI_Library/CMakeFiles/mdi.dir/mdi_global.c.o
	[ 33%] Building C object MDI_Library/CMakeFiles/mdi.dir/mdi_general.c.o
	/opt/my_lammps/build/mdi_build_ext/src/mdi_build/MDI_Library/mdi_general.c: In function 'general_init':
	/opt/my_lammps/build/mdi_build_ext/src/mdi_build/MDI_Library/mdi_general.c:320:5: warning: ignoring return value of 'freopen' declared with attribute 'warn_unused_result' [-Wunused-result]
	320 |     freopen(output_file, "w", stdout);
	|     ^~~~~~~~~~~~~~~~~~~~~~~~~~~~~~~~~
	/opt/my_lammps/build/mdi_build_ext/src/mdi_build/MDI_Library/mdi_general.c:169:60: warning: '__builtin___snprintf_chk' output may be truncated before the last format character [-Wformat-truncation=]
	169 |       snprintf(this_code->name, strlen(argv[iarg+1])+1, "%s", argv[iarg+1]);
	|                                                            ^
	In file included from /usr/include/stdio.h:894,
	from /opt/my_lammps/build/mdi_build_ext/src/mdi_build/MDI_Library/mdi_general.c:7:
	/usr/include/x86_64-linux-gnu/bits/stdio2.h:71:10: note: '__builtin___snprintf_chk' output between 1 and 257 bytes into a destination of size 256
	71 |   return __builtin___snprintf_chk (__s, __n, __USE_FORTIFY_LEVEL - 1,
	|          ^~~~~~~~~~~~~~~~~~~~~~~~~~~~~~~~~~~~~~~~~~~~~~~~~~~~~~~~~~~~
	72 |                                    __glibc_objsize (__s), __fmt,
	|                                    ~~~~~~~~~~~~~~~~~~~~~~~~~~~~~
	73 |                                    __va_arg_pack ());
	|                                    ~~~~~~~~~~~~~~~~~
	/opt/my_lammps/build/mdi_build_ext/src/mdi_build/MDI_Library/mdi_general.c:139:52: warning: '__builtin___snprintf_chk' output may be truncated before the last format character [-Wformat-truncation=]
	139 |       snprintf(this_code->role, strlen(role)+1, "%s", role);
	|                                                    ^
	In file included from /usr/include/stdio.h:894,
	from /opt/my_lammps/build/mdi_build_ext/src/mdi_build/MDI_Library/mdi_general.c:7:
	/usr/include/x86_64-linux-gnu/bits/stdio2.h:71:10: note: '__builtin___snprintf_chk' output between 1 and 257 bytes into a destination of size 256
	71 |   return __builtin___snprintf_chk (__s, __n, __USE_FORTIFY_LEVEL - 1,
	|          ^~~~~~~~~~~~~~~~~~~~~~~~~~~~~~~~~~~~~~~~~~~~~~~~~~~~~~~~~~~~
	72 |                                    __glibc_objsize (__s), __fmt,
	|                                    ~~~~~~~~~~~~~~~~~~~~~~~~~~~~~
	73 |                                    __va_arg_pack ());
	|                                    ~~~~~~~~~~~~~~~~~
	[ 44%] Building C object MDI_Library/CMakeFiles/mdi.dir/mdi_mpi.c.o
	[ 55%] Building C object MDI_Library/CMakeFiles/mdi.dir/mdi_tcp.c.o
	[ 66%] Building C object MDI_Library/CMakeFiles/mdi.dir/mdi_test.c.o
	[ 77%] Building C object MDI_Library/CMakeFiles/mdi.dir/mdi_lib.c.o
	[ 88%] Building C object MDI_Library/CMakeFiles/mdi.dir/mdi_plug_py.c.o
	[100%] Linking C static library libmdi.a
	[100%] Built target mdi
	[  8%] Performing install step for 'mdi_build'
	Consolidate compiler generated dependencies of target mdi
	[100%] Built target mdi
	Install the project...
	-- Install configuration: "Release"
	-- Installing: /opt/my_lammps/build/mdi_build_ext/include/mdi/mdi.h
	-- Installing: /opt/my_lammps/build/mdi_build_ext/lib/mdi/libmdi.a
	-- Installing: /opt/my_lammps/build/mdi_build_ext/share/cmake/mdi/mdiConfig.cmake
	-- Installing: /opt/my_lammps/build/mdi_build_ext/share/cmake/mdi/mdiConfigVersion.cmake
	-- Installing: /opt/my_lammps/build/mdi_build_ext/share/cmake/mdi/mdiTargets.cmake
	-- Installing: /opt/my_lammps/build/mdi_build_ext/share/cmake/mdi/mdiTargets-release.cmake
	[  8%] Completed 'mdi_build'
	[  8%] Built target mdi_build
	[  8%] Creating directories for 'plumed_build'
	[  8%] Performing download step (download, verify and extract) for 'plumed_build'
	-- Downloading...
	dst='/opt/my_lammps/build/plumed_build-prefix/src/plumed-src-2.9.4.tgz'
	timeout='none'
	inactivity timeout='none'
	-- Using src='https://github.com/plumed/plumed2/releases/download/v2.9.4/plumed-src-2.9.4.tgz'
	-- [download 0% complete]
	-- [download 1% complete]
	-- [download 2% complete]
	-- [download 3% complete]
	-- [download 4% complete]
	-- [download 5% complete]
	-- [download 6% complete]
	-- [download 8% complete]
	-- [download 9% complete]
	-- [download 10% complete]
	-- [download 11% complete]
	-- [download 12% complete]
	-- [download 13% complete]
	-- [download 14% complete]
	-- [download 15% complete]
	-- [download 16% complete]
	-- [download 17% complete]
	-- [download 18% complete]
	-- [download 19% complete]
	-- [download 20% complete]
	-- [download 21% complete]
	-- [download 22% complete]
	-- [download 23% complete]
	-- [download 24% complete]
	-- [download 25% complete]
	-- [download 26% complete]
	-- [download 27% complete]
	-- [download 28% complete]
	-- [download 29% complete]
	-- [download 30% complete]
	-- [download 31% complete]
	-- [download 32% complete]
	-- [download 33% complete]
	-- [download 34% complete]
	-- [download 35% complete]
	-- [download 37% complete]
	-- [download 38% complete]
	-- [download 39% complete]
	-- [download 40% complete]
	-- [download 41% complete]
	-- [download 42% complete]
	-- [download 43% complete]
	-- [download 44% complete]
	-- [download 45% complete]
	-- [download 46% complete]
	-- [download 47% complete]
	-- [download 48% complete]
	-- [download 49% complete]
	-- [download 50% complete]
	-- [download 51% complete]
	-- [download 52% complete]
	-- [download 53% complete]
	-- [download 54% complete]
	-- [download 55% complete]
	-- [download 56% complete]
	-- [download 57% complete]
	-- [download 58% complete]
	-- [download 59% complete]
	-- [download 60% complete]
	-- [download 61% complete]
	-- [download 62% complete]
	-- [download 63% complete]
	-- [download 64% complete]
	-- [download 65% complete]
	-- [download 66% complete]
	-- [download 67% complete]
	-- [download 68% complete]
	-- [download 69% complete]
	-- [download 70% complete]
	-- [download 71% complete]
	-- [download 72% complete]
	-- [download 73% complete]
	-- [download 74% complete]
	-- [download 75% complete]
	-- [download 76% complete]
	-- [download 77% complete]
	-- [download 78% complete]
	-- [download 79% complete]
	-- [download 80% complete]
	-- [download 81% complete]
	-- [download 82% complete]
	-- [download 83% complete]
	-- [download 84% complete]
	-- [download 85% complete]
	-- [download 86% complete]
	-- [download 87% complete]
	-- [download 88% complete]
	-- [download 89% complete]
	-- [download 90% complete]
	-- [download 91% complete]
	-- [download 92% complete]
	-- [download 93% complete]
	-- [download 94% complete]
	-- [download 95% complete]
	-- [download 96% complete]
	-- [download 97% complete]
	-- [download 98% complete]
	-- [download 99% complete]
	-- [download 100% complete]
	-- verifying file...
	file='/opt/my_lammps/build/plumed_build-prefix/src/plumed-src-2.9.4.tgz'
	-- Downloading... done
	-- extracting...
	src='/opt/my_lammps/build/plumed_build-prefix/src/plumed-src-2.9.4.tgz'
	dst='/opt/my_lammps/build/plumed_build-prefix/src/plumed_build'
	-- extracting... [tar xfz]
	-- extracting... [analysis]
	-- extracting... [rename]
	-- extracting... [clean up]
	-- extracting... done
	[  8%] No update step for 'plumed_build'
	[  8%] No patch step for 'plumed_build'
	[  8%] Performing configure step for 'plumed_build'
	configure: WARNING: unrecognized options: --with-pic
	configure: Optional modules are disabled by default
	configure: Enabling all optional modules
	configure: Selected C++ level: 14
	checking for mpic++...mpic++
	checking whether the C++ compiler works...yes
	checking for C++ compiler default output file name... a.out
	checking for suffix of executables...
	checking whether we are cross compiling...no
	checking for suffix of object files...o
	checking whether we are using the GNU C++ compiler...yes
	checking whether mpic++ accepts -g...yes
	checking for gcc...gcc
	checking whether we are using the GNU C compiler...yes
	checking whether gcc accepts -g...yes
	checking for gcc option to accept ISO C89...none needed
	checking for gfortran...gfortran
	checking whether we are using the GNU Fortran compiler...yes
	checking whether gfortran accepts -g...yes
	configure: Initial CXX:         mpic++
	configure: Initial CXXFLAGS:    -O3
	configure: Initial CPPFLAGS:
	configure: Initial CFLAGS:      -g -O2
	configure: Initial LDFLAGS:
	configure: Initial LIBS:
	configure: Initial STATIC_LIBS:
	configure: Initial LD:
	configure: Initial LDSHARED:    mpic++
	configure: Initial SOEXT:
	checking whether mpic++ accepts -fPIC...yes
	checking whether gcc accepts -fPIC...yes
	checking whether mpic++ accepts -Wall...yes
	checking whether mpic++ accepts -pedantic...yes
	checking whether mpic++ accepts -std=c++14...yes
	checking whether mpic++ declares c++11 support...yes
	checking whether C++ library supports C++11 exceptions...yes
	checking whether mpic++ can generate dependency file with -MM -MF...yes
	configure: dependency tracking enabled
	configure: Now we will check compulsory headers and libraries
	checking how to run the C++ preprocessor...mpic++ -E
	checking for grep that handles long lines and -e.../usr/bin/grep
	checking for egrep.../usr/bin/grep -E
	checking for ANSI C header files...yes
	checking for sys/types.h...yes
	checking for sys/stat.h...yes
	checking for stdlib.h...yes
	checking for string.h...yes
	checking for memory.h...yes
	checking for strings.h...yes
	checking for inttypes.h...yes
	checking for stdint.h...yes
	checking for unistd.h...yes
	checking dirent.h usability...yes
	checking dirent.h presence...yes
	checking for dirent.h...yes
	checking for readdir...yes
	checking whether dgemv_ can be linked with no library...no
	checking whether dgemv_ can be linked with no library...no
	checking for library containing dgemv_...-lblas
	checking for library containing dsyevr_...-llapack
	checking whether sdot returns float...yes
	configure: Now we will check for optional headers and libraries
	checking libmolfile_plugin.h usability...no
	checking libmolfile_plugin.h presence...configure: WARNING: cannot enable __PLUMED_HAS_EXTERNAL_MOLFILE_PLUGINS
	configure: WARNING: using internal molfile_plugins, which only support dcd/xtc/trr/trj/crd files
	no
	checking for libmolfile_plugin.h... no
	checking for dlopen in -ldl...yes
	checking mpi.h usability...yes
	checking mpi.h presence...yes
	checking for mpi.h...yes
	checking for library containing MPI_Init...none required
	checking for mpic++ option to support OpenMP...-fopenmp
	checking whether architecture is X86/X64...yes
	checking for library containing clock_gettime...none required
	configure: Enabling embedded asmjit
	checking regex.h usability...yes
	checking regex.h presence...yes
	checking for regex.h...yes
	checking for library containing regcomp...none required
	checking dlfcn.h usability...yes
	checking dlfcn.h presence...yes
	checking for dlfcn.h...yes
	checking for library containing dlopen...none required
	checking RTLD_DEFAULT without extra libs...yes
	checking for unistd.h... (cached) yes
	checking for library containing chdir...none required
	checking subprocess without extra libs...yes
	checking for unistd.h... (cached) yes
	checking for library containing getcwd...none required
	checking cstdio usability...yes
	checking cstdio presence...yes
	checking for cstdio... yes
	checking for library containing popen...none required
	checking execinfo.h usability...yes
	checking execinfo.h presence...yes
	checking for execinfo.h...yes
	checking for library containing backtrace...none required
	checking zlib.h usability...yes
	checking zlib.h presence...yes
	checking for zlib.h...yes
	checking for library containing gzopen...-lz
	checking for library containing cblas_dgemv...none required
	checking gsl/gsl_vector.h usability...yes
	checking gsl/gsl_vector.h presence...yes
	checking for gsl/gsl_vector.h...yes
	checking for library containing gsl_vector_alloc...-lgsl
	checking fftw3.h usability...no
	checking fftw3.h presence...no
	checking for fftw3.h...no
	configure: WARNING: cannot enable __PLUMED_HAS_FFTW
	configure: Release mode, adding -DNDEBUG
	configure: *** Special settings for dynamic libraries on Linux ***
	configure: Dynamic library extension is 'so'
	configure: LDSHARED and LDFLAGS need special flags
	checking whether LDFLAGS can contain -rdynamic...yes
	checking whether LDFLAGS can contain -Wl,-Bsymbolic...yes
	configure: Using LDSHARED='mpic++ -shared'
	configure: Using LDFLAGS=' -rdynamic -Wl,-Bsymbolic'
	checking whether LDSHARED can create dynamic libraries...yes
	checking for doxygen... no
	configure: Manuals will not be generated
	configure: A PDF version of the manual will not be generated
	checking whether a program can be run on this machine...yes
	checking whether a program compiled with mpi can be run on this machine...yes
	configure: Regtest suite will use env var PLUMED_MPIRUN to run MPI tests (default: mpirun)
	configure: PLUMED seems to be configured properly!
	configure: **************************
	checking whether C++ objects can be grouped with ld -r -o...yes
	checking whether static libraries can be created with ar cr...yes
	checking whether static-object constructors can be linked from a static archive...yes
	configure: I will now check if C++ objects can be linked by C/Fortran compilers
	configure: This is relevant if you want to use plumed patch --static on a non-C++ code
	checking whether C can link a C++ object...no
	checking whether C can link a C++ object with library -lstdc++...yes
	checking whether FORTRAN can link a C++ object...yes
	checking for pkg-config... /usr/bin/pkg-config
	configure: bash-completion is not installed or it is installed on a different prefix
	configure: bash completion for plumed will not be installed
	configure: **** PLUMED will be installed using the following paths:
	configure: **** prefix: /opt/my_lammps/build/plumed_build-prefix
	configure: **** exec_prefix: ${prefix}
	configure: **** bindir: ${exec_prefix}/bin
	configure: **** libdir: ${exec_prefix}/lib
	configure: **** includedir: ${prefix}/include
	configure: **** datarootdir: ${prefix}/share
	configure: **** datadir: ${datarootdir}
	configure: **** docdir: ${prefix}/share/doc/plumed
	configure: **** htmldir: ${docdir}
	configure: **** Executable will be named plumed
	configure: **** As of PLUMED 2.5, you cannot change paths anymore during "make install"
	configure: **** Please configure and make clean to change the prefix
	configure: WARNING: **** Bash completion for plumed will not be installed, please add the following two lines to your bashrc
	configure: WARNING: **** _plumed() { eval "$(plumed --no-mpi completion 2>/dev/null)";}
	configure: WARNING: **** complete -F _plumed -o default plumed
	configure: **** PLUMED will be compiled using MPI
	configure: creating ./config.status
	config.status: creating Makefile.conf
	config.status: creating sourceme.sh
	config.status: creating stamp-h
	configure: WARNING: unrecognized options: --with-pic
	[  8%] Performing build step for 'plumed_build'
	*** Updating links to used modules in all directories ***
	Verify modules and create links in /opt/my_lammps/build/plumed_build-prefix/src/plumed_build/src/adjmat
	Verify modules and create links in /opt/my_lammps/build/plumed_build-prefix/src/plumed_build/src/analysis
	Verify modules and create links in /opt/my_lammps/build/plumed_build-prefix/src/plumed_build/src/annfunc
	Verify modules and create links in /opt/my_lammps/build/plumed_build-prefix/src/plumed_build/src/asmjit
	Verify modules and create links in /opt/my_lammps/build/plumed_build-prefix/src/plumed_build/src/bias
	Verify modules and create links in /opt/my_lammps/build/plumed_build-prefix/src/plumed_build/src/blas
	Verify modules and create links in /opt/my_lammps/build/plumed_build-prefix/src/plumed_build/src/cltools
	Verify modules and create links in /opt/my_lammps/build/plumed_build-prefix/src/plumed_build/src/colvar
	Nothing to do in /opt/my_lammps/build/plumed_build-prefix/src/plumed_build/src/config
	Verify modules and create links in /opt/my_lammps/build/plumed_build-prefix/src/plumed_build/src/core
	Verify modules and create links in /opt/my_lammps/build/plumed_build-prefix/src/plumed_build/src/crystallization
	Verify modules and create links in /opt/my_lammps/build/plumed_build-prefix/src/plumed_build/src/dimred
	Verify modules and create links in /opt/my_lammps/build/plumed_build-prefix/src/plumed_build/src/drr
	Verify modules and create links in /opt/my_lammps/build/plumed_build-prefix/src/plumed_build/src/eds
	Verify modules and create links in /opt/my_lammps/build/plumed_build-prefix/src/plumed_build/src/fisst
	Verify modules and create links in /opt/my_lammps/build/plumed_build-prefix/src/plumed_build/src/function
	Verify modules and create links in /opt/my_lammps/build/plumed_build-prefix/src/plumed_build/src/funnel
	Verify modules and create links in /opt/my_lammps/build/plumed_build-prefix/src/plumed_build/src/generic
	Verify modules and create links in /opt/my_lammps/build/plumed_build-prefix/src/plumed_build/src/gridtools
	Verify modules and create links in /opt/my_lammps/build/plumed_build-prefix/src/plumed_build/src/isdb
	Verify modules and create links in /opt/my_lammps/build/plumed_build-prefix/src/plumed_build/src/lapack
	Verify modules and create links in /opt/my_lammps/build/plumed_build-prefix/src/plumed_build/src/lepton
	Verify modules and create links in /opt/my_lammps/build/plumed_build-prefix/src/plumed_build/src/logmfd
	Verify modules and create links in /opt/my_lammps/build/plumed_build-prefix/src/plumed_build/src/main
	Verify modules and create links in /opt/my_lammps/build/plumed_build-prefix/src/plumed_build/src/manyrestraints
	Verify modules and create links in /opt/my_lammps/build/plumed_build-prefix/src/plumed_build/src/mapping
	Verify modules and create links in /opt/my_lammps/build/plumed_build-prefix/src/plumed_build/src/maze
	Verify modules and create links in /opt/my_lammps/build/plumed_build-prefix/src/plumed_build/src/membranefusion
	Verify modules and create links in /opt/my_lammps/build/plumed_build-prefix/src/plumed_build/src/molfile
	Verify modules and create links in /opt/my_lammps/build/plumed_build-prefix/src/plumed_build/src/multicolvar
	Verify modules and create links in /opt/my_lammps/build/plumed_build-prefix/src/plumed_build/src/opes
	Verify modules and create links in /opt/my_lammps/build/plumed_build-prefix/src/plumed_build/src/pamm
	Verify modules and create links in /opt/my_lammps/build/plumed_build-prefix/src/plumed_build/src/piv
	Verify modules and create links in /opt/my_lammps/build/plumed_build-prefix/src/plumed_build/src/pytorch
	Verify modules and create links in /opt/my_lammps/build/plumed_build-prefix/src/plumed_build/src/reference
	Verify modules and create links in /opt/my_lammps/build/plumed_build-prefix/src/plumed_build/src/s2cm
	Verify modules and create links in /opt/my_lammps/build/plumed_build-prefix/src/plumed_build/src/sasa
	Verify modules and create links in /opt/my_lammps/build/plumed_build-prefix/src/plumed_build/src/secondarystructure
	Verify modules and create links in /opt/my_lammps/build/plumed_build-prefix/src/plumed_build/src/setup
	Verify modules and create links in /opt/my_lammps/build/plumed_build-prefix/src/plumed_build/src/tools
	Verify modules and create links in /opt/my_lammps/build/plumed_build-prefix/src/plumed_build/src/vatom
	Verify modules and create links in /opt/my_lammps/build/plumed_build-prefix/src/plumed_build/src/ves
	Verify modules and create links in /opt/my_lammps/build/plumed_build-prefix/src/plumed_build/src/vesselbase
	Nothing to do in /opt/my_lammps/build/plumed_build-prefix/src/plumed_build/src/wrapper
	Verify modules and create links in /opt/my_lammps/build/plumed_build-prefix/src/plumed_build/src/xdrfile
	*** Compiling all directories ***
	compiling  ActionWithInputMatrix.cpp
	compiling  AdjacencyMatrixBase.cpp
	compiling  AdjacencyMatrixVessel.cpp
	compiling  AlignedMatrixBase.cpp
	compiling  ClusterAnalysisBase.cpp
	compiling  ClusterDiameter.cpp
	compiling  ClusterDistribution.cpp
	compiling  ClusterProperties.cpp
	compiling  ClusterSize.cpp
	compiling  ClusterWithSurface.cpp
	compiling  ClusteringBase.cpp
	compiling  ContactAlignedMatrix.cpp
	compiling  ContactMatrix.cpp
	compiling  DFSClustering.cpp
	compiling  DumpGraph.cpp
	compiling  HbondMatrix.cpp
	compiling  MatrixColumnSums.cpp
	compiling  MatrixRowSums.cpp
	compiling  OutputCluster.cpp
	compiling  SMACMatrix.cpp
	SMACMatrix.cpp: In member function 'virtual void PLMD::adjmat::SMACMatrix::readOrientationConnector(const unsigned int&, const unsigned int&, const std::vector<std::__cxx11::basic_string<char> >&)':
	SMACMatrix.cpp:112:17: warning: comparison of integer expressions of different signedness: 'int' and 'std::vector<std::__cxx11::basic_string<char> >::size_type' {aka 'long unsigned int'} [-Wsign-compare]
	112 |   for(int i=0; i<desc.size(); i++) {
	|                ~^~~~~~~~~~~~
	compiling  Sprint.cpp
	compiling  TopologyMatrix.cpp
	compiling  AnalysisBase.cpp
	compiling  Average.cpp
	compiling  AverageVessel.cpp
	compiling  Committor.cpp
	compiling  DataCollectionObject.cpp
	compiling  EuclideanDissimilarityMatrix.cpp
	compiling  FarthestPointSampling.cpp
	compiling  Histogram.cpp
	compiling  LandmarkSelectionBase.cpp
	compiling  LandmarkStaged.cpp
	compiling  OutputColvarFile.cpp
	compiling  OutputPDBFile.cpp
	compiling  PrintDissimilarityMatrix.cpp
	compiling  ReadAnalysisFrames.cpp
	compiling  ReadDissimilarityMatrix.cpp
	compiling  ReselectLandmarks.cpp
	compiling  SelectRandomFrames.cpp
	compiling  SelectWithStride.cpp
	compiling  WhamHistogram.cpp
	compiling  WhamWeights.cpp
	compiling  ANN.cpp
	ANN.cpp: In constructor 'PLMD::function::annfunc::ANN::ANN(const PLMD::ActionOptions&)':
	ANN.cpp:165:29: warning: comparison of integer expressions of different signedness: 'unsigned int' and '__gnu_cxx::__alloc_traits<std::allocator<int>, int>::value_type' {aka 'int'} [-Wsign-compare]
	165 |   if(getNumberOfArguments() != num_nodes[0]) {
	ANN.cpp:180:25: warning: comparison of integer expressions of different signedness: 'int' and 'std::vector<double>::size_type' {aka 'long unsigned int'} [-Wsign-compare]
	180 |     for (int jj = 0; jj < temp_coeff[ii].size(); jj ++) {
	|                      ~~~^~~~~~~~~~~~~~~~~~~~~~~
	ANN.cpp: In member function 'void PLMD::function::annfunc::ANN::calculate_output_of_each_layer(const std::vector<double>&)':
	ANN.cpp:216:22: warning: comparison of integer expressions of different signedness: 'int' and 'std::vector<int>::size_type' {aka 'long unsigned int'} [-Wsign-compare]
	216 |   for(int ii = 1; ii < num_nodes.size(); ii ++) {
	|                   ~~~^~~~~~~~~~~~~~~~~~
	compiling  arch.cpp
	compiling  assembler.cpp
	compiling  codebuilder.cpp
	compiling  codecompiler.cpp
	compiling  codeemitter.cpp
	compiling  codeholder.cpp
	compiling  constpool.cpp
	compiling  cpuinfo.cpp
	compiling  func.cpp
	compiling  globals.cpp
	compiling  inst.cpp
	compiling  logging.cpp
	compiling  operand.cpp
	compiling  osutils.cpp
	compiling  regalloc.cpp
	compiling  runtime.cpp
	compiling  string.cpp
	compiling  utils.cpp
	compiling  vmem.cpp
	vmem.cpp:284:13: warning: 'bool PLMD::asmjit::vMemMgrCheckTree(PLMD::asmjit::VMemMgr*)' defined but not used [-Wunused-function]
	284 | static bool vMemMgrCheckTree(VMemMgr* self) noexcept {
	|             ^~~~~~~~~~~~~~~~
	compiling  x86assembler.cpp
	compiling  x86builder.cpp
	compiling  x86compiler.cpp
	compiling  x86inst.cpp
	compiling  x86instimpl.cpp
	compiling  x86internal.cpp
	compiling  x86logging.cpp
	compiling  x86operand.cpp
	compiling  x86operand_regs.cpp
	compiling  x86regalloc.cpp
	compiling  zone.cpp
	zone.cpp:223:13: warning: 'bool PLMD::asmjit::ZoneHeap_hasDynamicBlock(PLMD::asmjit::ZoneHeap*, PLMD::asmjit::ZoneHeap::DynamicBlock*)' defined but not used [-Wunused-function]
	223 | static bool ZoneHeap_hasDynamicBlock(ZoneHeap* self, ZoneHeap::DynamicBlock* block) noexcept {
	|             ^~~~~~~~~~~~~~~~~~~~~~~~
	compiling  ABMD.cpp
	compiling  Bias.cpp
	compiling  BiasValue.cpp
	compiling  ExtendedLagrangian.cpp
	compiling  External.cpp
	compiling  LWalls.cpp
	compiling  MaxEnt.cpp
	compiling  MetaD.cpp
	MetaD.cpp: In constructor 'PLMD::bias::MetaD::MetaD(const PLMD::ActionOptions&)':
	MetaD.cpp:1423:25: warning: comparison of integer expressions of different signedness: 'int' and 'unsigned int' [-Wsign-compare]
	1423 |     if(result!=0&&result!=mpi_nw_) {
	|                   ~~~~~~^~~~~~~~~
	MetaD.cpp:1500:25: warning: comparison of integer expressions of different signedness: 'int' and 'unsigned int' [-Wsign-compare]
	1500 |     if(result!=0&&result!=mpi_nw_) {
	|                   ~~~~~~^~~~~~~~~
	compiling  MovingRestraint.cpp
	compiling  PBMetaD.cpp
	compiling  Restraint.cpp
	compiling  ReweightBase.cpp
	compiling  ReweightBias.cpp
	compiling  ReweightMetad.cpp
	compiling  ReweightTemperaturePressure.cpp
	compiling  ReweightWham.cpp
	compiling  UWalls.cpp
	compiling  blas.cpp
	compiling  CLTool.cpp
	compiling  Completion.cpp
	compiling  Driver.cpp
	In file included from xdrfile/xdrfile_trr.h:1,
	from Driver.cpp:41:
	xdrfile/../../xdrfile/xdrfile_trr.h:32:2: warning: "/*" within comment [-Wcomment]
	32 |  /* -*- mode: c; tab-width: 4; indent-tabs-mode: t; c-basic-offset: 4 -*-
	|
	In file included from xdrfile/../../xdrfile/xdrfile_trr.h:64,
	from xdrfile/xdrfile_trr.h:1,
	from Driver.cpp:41:
	xdrfile/../../xdrfile/xdrfile.h:32:2: warning: "/*" within comment [-Wcomment]
	32 |  /* -*- mode: c; tab-width: 4; indent-tabs-mode: t; c-basic-offset: 4 -*-
	|
	In file included from xdrfile/xdrfile_xtc.h:1,
	from Driver.cpp:42:
	xdrfile/../../xdrfile/xdrfile_xtc.h:32:2: warning: "/*" within comment [-Wcomment]
	32 |  /* -*- mode: c; tab-width: 4; indent-tabs-mode: t; c-basic-offset: 4 -*-
	|
	compiling  DriverDouble.cpp
	In file included from xdrfile/xdrfile_trr.h:1,
	from Driver.cpp:41,
	from DriverDouble.cpp:23:
	xdrfile/../../xdrfile/xdrfile_trr.h:32:2: warning: "/*" within comment [-Wcomment]
	32 |  /* -*- mode: c; tab-width: 4; indent-tabs-mode: t; c-basic-offset: 4 -*-
	|
	In file included from xdrfile/../../xdrfile/xdrfile_trr.h:64,
	from xdrfile/xdrfile_trr.h:1,
	from Driver.cpp:41,
	from DriverDouble.cpp:23:
	xdrfile/../../xdrfile/xdrfile.h:32:2: warning: "/*" within comment [-Wcomment]
	32 |  /* -*- mode: c; tab-width: 4; indent-tabs-mode: t; c-basic-offset: 4 -*-
	|
	In file included from xdrfile/xdrfile_xtc.h:1,
	from Driver.cpp:42,
	from DriverDouble.cpp:23:
	xdrfile/../../xdrfile/xdrfile_xtc.h:32:2: warning: "/*" within comment [-Wcomment]
	32 |  /* -*- mode: c; tab-width: 4; indent-tabs-mode: t; c-basic-offset: 4 -*-
	|
	compiling  DriverFloat.cpp
	In file included from xdrfile/xdrfile_trr.h:1,
	from Driver.cpp:41,
	from DriverFloat.cpp:23:
	xdrfile/../../xdrfile/xdrfile_trr.h:32:2: warning: "/*" within comment [-Wcomment]
	32 |  /* -*- mode: c; tab-width: 4; indent-tabs-mode: t; c-basic-offset: 4 -*-
	|
	In file included from xdrfile/../../xdrfile/xdrfile_trr.h:64,
	from xdrfile/xdrfile_trr.h:1,
	from Driver.cpp:41,
	from DriverFloat.cpp:23:
	xdrfile/../../xdrfile/xdrfile.h:32:2: warning: "/*" within comment [-Wcomment]
	32 |  /* -*- mode: c; tab-width: 4; indent-tabs-mode: t; c-basic-offset: 4 -*-
	|
	In file included from xdrfile/xdrfile_xtc.h:1,
	from Driver.cpp:42,
	from DriverFloat.cpp:23:
	xdrfile/../../xdrfile/xdrfile_xtc.h:32:2: warning: "/*" within comment [-Wcomment]
	32 |  /* -*- mode: c; tab-width: 4; indent-tabs-mode: t; c-basic-offset: 4 -*-
	|
	compiling  GenExample.cpp
	compiling  GenJson.cpp
	compiling  GenTemplate.cpp
	compiling  Info.cpp
	compiling  Manual.cpp
	compiling  PdbRenumber.cpp
	compiling  SimpleMD.cpp
	SimpleMD.cpp: In member function 'void PLMD::cltools::SimpleMD::compute_forces(int, double, double, const std::vector<PLMD::VectorGeneric<3> >&, const double*, double, const std::vector<std::vector<int> >&, std::vector<PLMD::VectorGeneric<3> >&, double&)':
	SimpleMD.cpp:313:31: warning: comparison of integer expressions of different signedness: 'int' and 'std::vector<int>::size_type' {aka 'long unsigned int'} [-Wsign-compare]
	313 |         for(int jlist=0; jlist<list[iatom].size(); jlist++) {
	|                          ~~~~~^~~~~~~~~~~~~~~~~~~
	SimpleMD.cpp: In member function 'virtual int PLMD::cltools::SimpleMD::main(FILE*, FILE*, PLMD::Communicator&)':
	SimpleMD.cpp:567:19: warning: comparison of integer expressions of different signedness: 'int' and 'std::vector<std::vector<int> >::size_type' {aka 'long unsigned int'} [-Wsign-compare]
	567 |     for(int i=0; i<list.size(); i++) {
	|                  ~^~~~~~~~~~~~
	SimpleMD.cpp:615:23: warning: comparison of integer expressions of different signedness: 'int' and 'std::vector<std::vector<int> >::size_type' {aka 'long unsigned int'} [-Wsign-compare]
	615 |         for(int i=0; i<list.size(); i++) {
	|                      ~^~~~~~~~~~~~
	compiling  SumHills.cpp
	compiling  kT.cpp
	compiling  pesmd.cpp
	compiling  Angle.cpp
	compiling  Cell.cpp
	compiling  Colvar.cpp
	compiling  Constant.cpp
	compiling  ContactMap.cpp
	compiling  Coordination.cpp
	compiling  CoordinationBase.cpp
	compiling  DHEnergy.cpp
	compiling  DRMSD.cpp
	compiling  Dimer.cpp
	Dimer.cpp: In constructor 'PLMD::colvar::Dimer::Dimer(const PLMD::ActionOptions&)':
	Dimer.cpp:209:28: warning: comparison of integer expressions of different signedness: 'unsigned int' and 'int' [-Wsign-compare]
	209 |     for(unsigned int i=0; i<isz1; i++) {
	|                           ~^~~~~
	Dimer.cpp:216:28: warning: comparison of integer expressions of different signedness: 'unsigned int' and 'int' [-Wsign-compare]
	216 |     for(unsigned int i=0; i<isz2; i++) {
	|                           ~^~~~~
	Dimer.cpp: In member function 'void PLMD::colvar::Dimer::consistencyCheck()':
	Dimer.cpp:306:20: warning: comparison of integer expressions of different signedness: 'std::vector<double>::size_type' {aka 'long unsigned int'} and 'int' [-Wsign-compare]
	306 |   if(dsigmas.size()!=nranks && dsigmas.size()!=1) {
	|      ~~~~~~~~~~~~~~^~~~~~~~
	compiling  Dipole.cpp
	compiling  Distance.cpp
	compiling  EEFSolv.cpp
	compiling  ERMSD.cpp
	compiling  Energy.cpp
	compiling  ExtraCV.cpp
	compiling  Fake.cpp
	compiling  GHBFIX.cpp
	GHBFIX.cpp: In constructor 'PLMD::colvar::GHBFIX::GHBFIX(const PLMD::ActionOptions&)':
	GHBFIX.cpp:163:20: warning: comparison of integer expressions of different signedness: 'int' and 'std::vector<double>::size_type' {aka 'long unsigned int'} [-Wsign-compare]
	163 |     for(auto i=0; i<etas.size(); i++) {
	|                   ~^~~~~~~~~~~~
	compiling  Gyration.cpp
	compiling  MultiRMSD.cpp
	compiling  PCARMSD.cpp
	compiling  PathMSD.cpp
	compiling  PathMSDBase.cpp
	compiling  Position.cpp
	compiling  ProjectionOnAxis.cpp
	compiling  PropertyMap.cpp
	compiling  Puckering.cpp
	compiling  RMSD.cpp
	compiling  Template.cpp
	compiling  Torsion.cpp
	compiling  Volume.cpp
	Updating ConfigInstall.inc
	Updating Config.inc
	Updating version.h
	Updating config.txt file
	compiling  Config.cpp
	compiling  ConfigInstall.cpp
	Building compile_options.sh, a sourceable bash script with some compilation options
	compiling  Action.cpp
	compiling  ActionAnyorder.cpp
	compiling  ActionAtomistic.cpp
	ActionAtomistic.cpp: In member function 'void PLMD::ActionAtomistic::requestAtoms(const std::vector<PLMD::AtomNumber>&, bool)':
	ActionAtomistic.cpp:72:26: warning: comparison of integer expressions of different signedness: 'unsigned int' and 'int' [-Wsign-compare]
	72 |     if(indexes[i].index()>=n) {
	|        ~~~~~~~~~~~~~~~~~~^~~
	ActionAtomistic.cpp: In member function 'void PLMD::ActionAtomistic::calculateAtomicNumericalDerivatives(PLMD::ActionWithValue*, const unsigned int&)':
	ActionAtomistic.cpp:119:17: warning: comparison of integer expressions of different signedness: 'int' and 'const size_t' {aka 'const long unsigned int'} [-Wsign-compare]
	119 |   for(int i=0; i<natoms; i++)
	|                ~^~~~~~~
	ActionAtomistic.cpp:125:21: warning: comparison of integer expressions of different signedness: 'int' and 'const size_t' {aka 'const long unsigned int'} [-Wsign-compare]
	125 |       for(int j=0; j<nval; j++) {
	|                    ~^~~~~
	ActionAtomistic.cpp:133:21: warning: comparison of integer expressions of different signedness: 'int' and 'const size_t' {aka 'const long unsigned int'} [-Wsign-compare]
	133 |       for(int j=0; j<natoms; j++) {
	|                    ~^~~~~~~
	ActionAtomistic.cpp:138:21: warning: comparison of integer expressions of different signedness: 'int' and 'const size_t' {aka 'const long unsigned int'} [-Wsign-compare]
	138 |       for(int j=0; j<natoms; j++) {
	|                    ~^~~~~~~
	ActionAtomistic.cpp:144:21: warning: comparison of integer expressions of different signedness: 'int' and 'const size_t' {aka 'const long unsigned int'} [-Wsign-compare]
	144 |       for(int j=0; j<natoms; j++) {
	|                    ~^~~~~~~
	ActionAtomistic.cpp:147:21: warning: comparison of integer expressions of different signedness: 'int' and 'const size_t' {aka 'const long unsigned int'} [-Wsign-compare]
	147 |       for(int j=0; j<nval; j++) {
	|                    ~^~~~~
	ActionAtomistic.cpp:154:17: warning: comparison of integer expressions of different signedness: 'int' and 'const size_t' {aka 'const long unsigned int'} [-Wsign-compare]
	154 |   for(int j=0; j<nval; j++) {
	|                ~^~~~~
	ActionAtomistic.cpp:158:21: warning: comparison of integer expressions of different signedness: 'int' and 'const size_t' {aka 'const long unsigned int'} [-Wsign-compare]
	158 |       for(int i=0; i<natoms; i++)
	|                    ~^~~~~~~
	ActionAtomistic.cpp: In member function 'void PLMD::ActionAtomistic::interpretAtomList(std::vector<std::__cxx11::basic_string<char> >&, std::vector<PLMD::AtomNumber>&)':
	ActionAtomistic.cpp:213:28: warning: comparison of integer expressions of different signedness: 'unsigned int' and 'const int' [-Wsign-compare]
	213 |         for(unsigned i=0; i<n; i++) {
	|                           ~^~
	ActionAtomistic.cpp:220:28: warning: comparison of integer expressions of different signedness: 'unsigned int' and 'const int' [-Wsign-compare]
	220 |         for(unsigned i=0; i<n; i++) {
	|                           ~^~
	compiling  ActionPilot.cpp
	compiling  ActionRegister.cpp
	compiling  ActionSet.cpp
	compiling  ActionSetup.cpp
	compiling  ActionShortcut.cpp
	compiling  ActionWithArguments.cpp
	ActionWithArguments.cpp: In member function 'virtual void PLMD::ActionWithArguments::calculateNumericalDerivatives(PLMD::ActionWithValue*)':
	ActionWithArguments.cpp:316:17: warning: comparison of integer expressions of different signedness: 'int' and 'const size_t' {aka 'const long unsigned int'} [-Wsign-compare]
	316 |   for(int i=0; i<npar; i++) {
	|                ~^~~~~
	ActionWithArguments.cpp:321:19: warning: comparison of integer expressions of different signedness: 'int' and 'const size_t' {aka 'const long unsigned int'} [-Wsign-compare]
	321 |     for(int j=0; j<nval; j++) {
	|                  ~^~~~~
	ActionWithArguments.cpp:327:17: warning: comparison of integer expressions of different signedness: 'int' and 'const size_t' {aka 'const long unsigned int'} [-Wsign-compare]
	327 |   for(int j=0; j<nval; j++) {
	|                ~^~~~~
	ActionWithArguments.cpp:330:21: warning: comparison of integer expressions of different signedness: 'int' and 'const size_t' {aka 'const long unsigned int'} [-Wsign-compare]
	330 |       for(int i=0; i<npar; i++) {
	|                    ~^~~~~
	compiling  ActionWithValue.cpp
	compiling  ActionWithVirtualAtom.cpp
	compiling  Atoms.cpp
	Atoms.cpp: In member function 'void PLMD::Atoms::share()':
	Atoms.cpp:193:17: warning: comparison of integer expressions of different signedness: 'unsigned int' and 'int' [-Wsign-compare]
	193 |     if(largest*2<natoms) {
	|        ~~~~~~~~~^~~~~~~
	Atoms.cpp: In member function 'void PLMD::Atoms::wait()':
	Atoms.cpp:394:21: warning: comparison of integer expressions of different signedness: 'int' and 'std::size_t' {aka 'long unsigned int'} [-Wsign-compare]
	394 |       for(int i=0; i<count; i++) {
	|                    ~^~~~~~
	Atoms.cpp: In member function 'void PLMD::Atoms::setAtomsGatindex(const PLMD::TypesafePtr&, bool)':
	Atoms.cpp:509:22: warning: comparison of integer expressions of different signedness: 'std::vector<int>::size_type' {aka 'long unsigned int'} and 'int' [-Wsign-compare]
	509 |   if( gatindex.size()==natoms ) {
	|       ~~~~~~~~~~~~~~~^~~~~~~~
	Atoms.cpp:512:22: warning: comparison of integer expressions of different signedness: '__gnu_cxx::__alloc_traits<std::allocator<int>, int>::value_type' {aka 'int'} and 'unsigned int' [-Wsign-compare]
	512 |       if( gatindex[i]!=i ) {
	Atoms.cpp: In member function 'void PLMD::Atoms::setAtomsContiguous(int)':
	Atoms.cpp:545:21: warning: comparison of integer expressions of different signedness: 'std::vector<int>::size_type' {aka 'long unsigned int'} and 'int' [-Wsign-compare]
	545 |   if(gatindex.size()<natoms) {
	|      ~~~~~~~~~~~~~~~^~~~~~~
	Atoms.cpp: In member function 'void PLMD::Atoms::createFullList(const PLMD::TypesafePtr&)':
	Atoms.cpp:604:24: warning: comparison of integer expressions of different signedness: 'unsigned int' and 'int' [-Wsign-compare]
	604 |     for(unsigned i=0; i<natoms; i++) {
	|                       ~^~~~~~~
	In file included from tools/../../tools/Matrix.h:30,
	from tools/../../tools/Communicator.h:34,
	from tools/Communicator.h:1,
	from Atoms.h:26,
	from Atoms.cpp:22:
	tools/../../tools/Tools.h: In instantiation of 'static void PLMD::Tools::mergeSortedVectors(const std::vector<T*>&, std::vector<typename C::value_type>&, bool) [with C = const std::vector<PLMD::AtomNumber>; typename C::value_type = PLMD::AtomNumber]':
	Atoms.cpp:221:30:   required from here
	tools/../../tools/Tools.h:343:23: warning: comparison of integer expressions of different signedness: 'int' and 'std::vector<const std::vector<PLMD::AtomNumber>*>::size_type' {aka 'long unsigned int'} [-Wsign-compare]
	343 |         for(int i=0; i<vecs.size(); i++) {
	|                      ~^~~~~~~~~~~~
	compiling  CLTool.cpp
	compiling  CLToolMain.cpp
	compiling  CLToolRegister.cpp
	compiling  Colvar.cpp
	Colvar.cpp: In member function 'virtual void PLMD::Colvar::apply()':
	Colvar.cpp:63:9: warning: comparison of integer expressions of different signedness: 'const unsigned int' and 'int' [-Wsign-compare]
	63 |   if(ncp>4*comm.Get_size()) {
	|      ~~~^~~~~~~~~~~~~~~~~~
	Colvar.cpp:107:11: warning: comparison of integer expressions of different signedness: 'const unsigned int' and 'int' [-Wsign-compare]
	107 |     if(ncp>4*comm.Get_size()) {
	|        ~~~^~~~~~~~~~~~~~~~~~
	compiling  DataFetchingObject.cpp
	DataFetchingObject.cpp: In static member function 'static void PLMD::DataFetchingObject::get_rank(const PLMD::ActionSet&, const string&, const string&, const PLMD::TypesafePtr&)':
	DataFetchingObject.cpp:85:10: warning: unused variable 'val' [-Wunused-variable]
	85 |   Value* val = myv->copyOutput( key );
	|          ^~~
	DataFetchingObject.cpp: In static member function 'static void PLMD::DataFetchingObject::get_shape(const PLMD::ActionSet&, const string&, const string&, const PLMD::TypesafePtr&)':
	DataFetchingObject.cpp:106:10: warning: unused variable 'val' [-Wunused-variable]
	106 |   Value* val = myv->copyOutput( key );
	|          ^~~
	compiling  ExchangePatterns.cpp
	compiling  FlexibleBin.cpp
	compiling  GREX.cpp
	compiling  GenericMolInfo.cpp
	compiling  MDAtoms.cpp
	
	compiling  ModuleMap.cpp
	compiling  PlumedMain.cpp
	compiling  PlumedMainInitializer.cpp
	compiling  TargetDist.cpp
	compiling  Value.cpp
	compiling  WithCmd.cpp
	compiling  BondOrientation.cpp
	compiling  CubicHarmonicBase.cpp
	compiling  EnvironmentSimilarity.cpp
	compiling  Fccubic.cpp
	compiling  Gradient.cpp
	compiling  GradientVessel.cpp
	compiling  InterMolecularTorsions.cpp
	compiling  LocalSteinhardt.cpp
	compiling  MoleculeOrientation.cpp
	compiling  MoleculePlane.cpp
	compiling  OrientationSphere.cpp
	compiling  PolymerAngles.cpp
	compiling  Q3.cpp
	compiling  Q4.cpp
	compiling  Q6.cpp
	compiling  SMAC.cpp
	compiling  SimpleCubic.cpp
	compiling  Steinhardt.cpp
	Steinhardt.cpp: In member function 'double PLMD::crystallization::Steinhardt::deriv_poly(const unsigned int&, const double&, double&) const':
	Steinhardt.cpp:193:19: warning: comparison of integer expressions of different signedness: 'int' and 'const unsigned int' [-Wsign-compare]
	193 |   for(int i=m+1; i<=tmom; ++i) {
	|                  ~^~~~~~
	Steinhardt.cpp:195:28: warning: comparison of integer expressions of different signedness: 'unsigned int' and 'int' [-Wsign-compare]
	195 |     for(unsigned j=i-m+1; j<=i; ++j) {
	|                           ~^~~
	compiling  Tetrahedral.cpp
	compiling  VectorMean.cpp
	compiling  VectorMultiColvar.cpp
	compiling  VectorSum.cpp
	compiling  ClassicalMultiDimensionalScaling.cpp
	compiling  DimensionalityReductionBase.cpp
	compiling  OutputPCAProjections.cpp
	compiling  PCA.cpp
	compiling  ProjectNonLandmarkPoints.cpp
	compiling  SMACOF.cpp
	In file included from tools/Matrix.h:1,
	from SMACOF.h:26,
	from SMACOF.cpp:22:
	tools/../../tools/Matrix.h: In instantiation of 'int PLMD::pseudoInvert(const PLMD::Matrix<U>&, PLMD::Matrix<double>&) [with U = double; T = double]':
	SMACOF.cpp:53:15:   required from here
	tools/../../tools/Matrix.h:433:23: warning: comparison of integer expressions of different signedness: 'unsigned int' and 'int' [-Wsign-compare]
	433 |   if( pseudoinverse.rw!=ncols || pseudoinverse.cl!=nrows ) {
	|       ~~~~~~~~~~~~~~~~^~~~~~~
	tools/../../tools/Matrix.h:433:50: warning: comparison of integer expressions of different signedness: 'unsigned int' and 'int' [-Wsign-compare]
	433 |   if( pseudoinverse.rw!=ncols || pseudoinverse.cl!=nrows ) {
	|                                  ~~~~~~~~~~~~~~~~^~~~~~~
	compiling  SketchMap.cpp
	compiling  SketchMapBase.cpp
	compiling  SketchMapConjGrad.cpp
	compiling  SketchMapPointwise.cpp
	compiling  SketchMapRead.cpp
	compiling  SketchMapSmacof.cpp
	compiling  SmacoffMDS.cpp
	compiling  DRR.cpp
	compiling  DynamicReferenceRestraining.cpp
	compiling  colvar_UIestimator.cpp
	compiling  drrtool.cpp
	compiling  EDS.cpp
	compiling  FISST.cpp
	FISST.cpp: In constructor 'PLMD::fisst::FISST::FISST(const PLMD::ActionOptions&)':
	FISST.cpp:107:23: warning: 'PLMD::fisst::FISST::current_avg_force_' will be initialized after [-Wreorder]
	107 |   std::vector<double> current_avg_force_;
	|                       ^~~~~~~~~~~~~~~~~~
	FISST.cpp:106:23: warning:   'std::vector<double> PLMD::fisst::FISST::center_' [-Wreorder]
	106 |   std::vector<double> center_;
	|                       ^~~~~~~
	FISST.cpp:200:1: warning:   when initialized here [-Wreorder]
	200 | FISST::FISST(const ActionOptions&ao):
	| ^~~~~
	FISST.cpp:138:10: warning: 'PLMD::fisst::FISST::min_force_' will be initialized after [-Wreorder]
	138 |   double min_force_;
	|          ^~~~~~~~~~
	FISST.cpp:137:10: warning:   'double PLMD::fisst::FISST::max_force_' [-Wreorder]
	137 |   double max_force_;
	|          ^~~~~~~~~~
	FISST.cpp:200:1: warning:   when initialized here [-Wreorder]
	200 | FISST::FISST(const ActionOptions&ao):
	| ^~~~~
	FISST.cpp:137:10: warning: 'PLMD::fisst::FISST::max_force_' will be initialized after [-Wreorder]
	137 |   double max_force_;
	|          ^~~~~~~~~~
	FISST.cpp:115:15: warning:   'std::string PLMD::fisst::FISST::in_restart_name_' [-Wreorder]
	115 |   std::string in_restart_name_;
	|               ^~~~~~~~~~~~~~~~
	FISST.cpp:200:1: warning:   when initialized here [-Wreorder]
	200 | FISST::FISST(const ActionOptions&ao):
	| ^~~~~
	FISST.cpp:139:10: warning: 'PLMD::fisst::FISST::initial_weight_rate_' will be initialized after [-Wreorder]
	139 |   double initial_weight_rate_;
	|          ^~~~~~~~~~~~~~~~~~~~
	FISST.cpp:119:15: warning:   'std::string PLMD::fisst::FISST::initial_weight_dist_' [-Wreorder]
	119 |   std::string initial_weight_dist_;
	|               ^~~~~~~~~~~~~~~~~~~~
	FISST.cpp:200:1: warning:   when initialized here [-Wreorder]
	200 | FISST::FISST(const ActionOptions&ao):
	| ^~~~~
	FISST.cpp:274:15: warning: logical not is only applied to the left hand side of comparison [-Wlogical-not-parentheses]
	274 |     if(! kbt_ > 0.0) {
	|               ^
	FISST.cpp:274:8: note: add parentheses around left hand side expression to silence this warning
	274 |     if(! kbt_ > 0.0) {
	|        ^~~~~~
	|        (     )
	FISST.cpp:294:30: warning: comparison of integer expressions of different signedness: 'unsigned int' and 'int' [-Wsign-compare]
	294 |     for(unsigned int i = 0; i<n_interpolation_; i++) {
	|                             ~^~~~~~~~~~~~~~~~~
	FISST.cpp:307:32: warning: comparison of integer expressions of different signedness: 'unsigned int' and 'int' [-Wsign-compare]
	307 |       for(unsigned int i = 0; i<n_interpolation_; i++) {
	|                               ~^~~~~~~~~~~~~~~~~
	FISST.cpp:311:32: warning: comparison of integer expressions of different signedness: 'unsigned int' and 'int' [-Wsign-compare]
	311 |       for(unsigned int i = 0; i<n_interpolation_; i++) {
	|                               ~^~~~~~~~~~~~~~~~~
	FISST.cpp:315:32: warning: comparison of integer expressions of different signedness: 'unsigned int' and 'int' [-Wsign-compare]
	315 |       for(unsigned int i = 0; i<n_interpolation_; i++) {
	|                               ~^~~~~~~~~~~~~~~~~
	FISST.cpp:326:30: warning: comparison of integer expressions of different signedness: 'unsigned int' and 'int' [-Wsign-compare]
	326 |     for(unsigned int i = 0; i<n_interpolation_; i++) {
	|                             ~^~~~~~~~~~~~~~~~~
	FISST.cpp: In member function 'void PLMD::fisst::FISST::NormalizeForceWeights()':
	FISST.cpp:364:22: warning: comparison of integer expressions of different signedness: 'unsigned int' and 'int' [-Wsign-compare]
	364 |   for(unsigned i=0; i<n_interpolation_; i++) {
	|                     ~^~~~~~~~~~~~~~~~~
	FISST.cpp:368:22: warning: comparison of integer expressions of different signedness: 'unsigned int' and 'int' [-Wsign-compare]
	368 |   for(unsigned i=0; i<n_interpolation_; i++) {
	|                     ~^~~~~~~~~~~~~~~~~
	FISST.cpp: In member function 'void PLMD::fisst::FISST::readInRestart()':
	FISST.cpp:430:31: warning: comparison of integer expressions of different signedness: 'unsigned int' and 'int' [-Wsign-compare]
	430 |       for(unsigned int j =0; j<n_interpolation_; ++j) {
	|                              ~^~~~~~~~~~~~~~~~~
	FISST.cpp:443:27: warning: comparison of integer expressions of different signedness: 'unsigned int' and 'int' [-Wsign-compare]
	443 |   for(unsigned int j =0; j<n_interpolation_; ++j) {
	|                          ~^~~~~~~~~~~~~~~~~
	FISST.cpp: In member function 'void PLMD::fisst::FISST::apply_bias()':
	FISST.cpp:563:34: warning: unused variable 'm' [-Wunused-variable]
	563 |   double ene = 0, totf2 = 0, cv, m, f;
	|                                  ^
	FISST.cpp:563:37: warning: unused variable 'f' [-Wunused-variable]
	563 |   double ene = 0, totf2 = 0, cv, m, f;
	|                                     ^
	FISST.cpp: In member function 'void PLMD::fisst::FISST::update_statistics()':
	FISST.cpp:598:28: warning: comparison of integer expressions of different signedness: 'unsigned int' and 'int' [-Wsign-compare]
	598 |     for(unsigned int j=0; j<n_interpolation_; j++) {
	|                           ~^~~~~~~~~~~~~~~~~
	FISST.cpp:607:28: warning: comparison of integer expressions of different signedness: 'unsigned int' and 'int' [-Wsign-compare]
	607 |     for(unsigned int j=0; j<n_interpolation_; j++) {
	|                           ~^~~~~~~~~~~~~~~~~
	FISST.cpp: In member function 'void PLMD::fisst::FISST::update_bias()':
	FISST.cpp:632:28: warning: comparison of integer expressions of different signedness: 'unsigned int' and 'int' [-Wsign-compare]
	632 |     for(unsigned int j=0; j<n_interpolation_; j++ ) {
	|                           ~^~~~~~~~~~~~~~~~~
	FISST.cpp: In member function 'void PLMD::fisst::FISST::compute_observable_weight()':
	FISST.cpp:651:28: warning: comparison of integer expressions of different signedness: 'unsigned int' and 'int' [-Wsign-compare]
	651 |     for(unsigned int j=0; j<n_interpolation_; j++ ) {
	|                           ~^~~~~~~~~~~~~~~~~
	FISST.cpp:656:31: warning: comparison of integer expressions of different signedness: 'unsigned int' and 'int' [-Wsign-compare]
	656 |       for( unsigned int k=0; k<n_interpolation_; k++ ) {
	|                              ~^~~~~~~~~~~~~~~~~
	compiling  legendre_rule_fast.cpp
	compiling  Combine.cpp
	compiling  Custom.cpp
	compiling  Ensemble.cpp
	compiling  FuncPathGeneral.cpp
	compiling  FuncPathMSD.cpp
	compiling  FuncSumHills.cpp
	compiling  Function.cpp
	compiling  LocalEnsemble.cpp
	compiling  Piecewise.cpp
	compiling  Sort.cpp
	compiling  Stats.cpp
	compiling  Target.cpp
	compiling  FPS.cpp
	FPS.cpp: In member function 'virtual void PLMD::funnel::FUNNEL_PS::calculate()':
	FPS.cpp:234:10: warning: unused variable 'rmsd' [-Wunused-variable]
	234 |   double rmsd = alignment.calc_FitElements( sourcePositions, Rotation, drotdpos, buffer, centerpositions, squared);
	|          ^~~~
	FPS.cpp:271:16: warning: unused variable 'inv_prj_length' [-Wunused-variable]
	271 |   const double inv_prj_length = 1.0/prj_length;
	|                ^~~~~~~~~~~~~~
	compiling  Funnel.cpp
	compiling  Debug.cpp
	compiling  DumpAtoms.cpp
	In file included from xdrfile/xdrfile_xtc.h:1,
	from DumpAtoms.cpp:34:
	xdrfile/../../xdrfile/xdrfile_xtc.h:32:2: warning: "/*" within comment [-Wcomment]
	32 |  /* -*- mode: c; tab-width: 4; indent-tabs-mode: t; c-basic-offset: 4 -*-
	|
	In file included from xdrfile/../../xdrfile/xdrfile_xtc.h:64,
	from xdrfile/xdrfile_xtc.h:1,
	from DumpAtoms.cpp:34:
	xdrfile/../../xdrfile/xdrfile.h:32:2: warning: "/*" within comment [-Wcomment]
	32 |  /* -*- mode: c; tab-width: 4; indent-tabs-mode: t; c-basic-offset: 4 -*-
	|
	In file included from xdrfile/xdrfile_trr.h:1,
	from DumpAtoms.cpp:35:
	xdrfile/../../xdrfile/xdrfile_trr.h:32:2: warning: "/*" within comment [-Wcomment]
	32 |  /* -*- mode: c; tab-width: 4; indent-tabs-mode: t; c-basic-offset: 4 -*-
	|
	compiling  DumpDerivatives.cpp
	compiling  DumpForces.cpp
	compiling  DumpMassCharge.cpp
	compiling  DumpProjections.cpp
	compiling  EffectiveEnergyDrift.cpp
	compiling  EndPlumed.cpp
	compiling  FitToTemplate.cpp
	compiling  Flush.cpp
	compiling  Group.cpp
	compiling  Include.cpp
	compiling  MolInfo.cpp
	compiling  Plumed.cpp
	Plumed.cpp: In member function 'virtual void PLMD::generic::Plumed::prepare()':
	Plumed.cpp:373:26: warning: comparison of integer expressions of different signedness: 'std::vector<int>::size_type' {aka 'long unsigned int'} and 'int' [-Wsign-compare]
	373 |   bool redo=(index.size()!=n);
	|              ~~~~~~~~~~~~^~~
	Plumed.cpp: In member function 'virtual void PLMD::generic::Plumed::calculate()':
	Plumed.cpp:431:17: warning: comparison of integer expressions of different signedness: 'int' and 'std::vector<double>::size_type' {aka 'long unsigned int'} [-Wsign-compare]
	431 |   for(int i=0; i<forces.size(); i++) {
	|                ~^~~~~~~~~~~~~~
	Plumed.cpp:434:17: warning: comparison of integer expressions of different signedness: 'int' and 'std::vector<double>::size_type' {aka 'long unsigned int'} [-Wsign-compare]
	434 |   for(int i=0; i<masses.size(); i++) {
	|                ~^~~~~~~~~~~~~~
	Plumed.cpp:437:17: warning: comparison of integer expressions of different signedness: 'int' and 'std::vector<double>::size_type' {aka 'long unsigned int'} [-Wsign-compare]
	437 |   for(int i=0; i<charges.size(); i++) {
	|                ~^~~~~~~~~~~~~~~
	compiling  Print.cpp
	compiling  RandomExchanges.cpp
	compiling  Read.cpp
	compiling  ResetCell.cpp
	compiling  Time.cpp
	compiling  UpdateIf.cpp
	compiling  WholeMolecules.cpp
	compiling  WrapAround.cpp
	compiling  ActionWithGrid.cpp
	compiling  ActionWithInputGrid.cpp
	compiling  ActionWithIntegral.cpp
	compiling  AverageOnGrid.cpp
	compiling  ContourFindingBase.cpp
	compiling  ConvertToFES.cpp
	compiling  DumpCube.cpp
	compiling  DumpGrid.cpp
	compiling  FindContour.cpp
	In file included from tools/../../tools/RootFindingBase.h:26,
	from tools/RootFindingBase.h:1,
	from ContourFindingBase.h:26,
	from FindContour.cpp:24:
	tools/../../tools/Brent1DRootSearch.h: In member function 'virtual void PLMD::gridtools::FindContour::compute(const unsigned int&, PLMD::MultiValue&) const':
	tools/../../tools/Brent1DRootSearch.h:127:23: warning: 'e' may be used uninitialized in this function [-Wmaybe-uninitialized]
	127 |       min2=std::fabs(e*q);
	|                      ~^~
	tools/../../tools/Brent1DRootSearch.h:91:20: note: 'e' was declared here
	91 |   double cx=bx, d, e, min1, min2, fc=fb, p, q, r, s, tol1, xm;
	|                    ^
	compiling  FindContourSurface.cpp
	In file included from tools/../../tools/RootFindingBase.h:26,
	from tools/RootFindingBase.h:1,
	from ContourFindingBase.h:26,
	from FindContourSurface.cpp:23:
	tools/../../tools/Brent1DRootSearch.h: In member function 'void PLMD::RootFindingBase<FCLASS>::linesearch(const std::vector<double>&, std::vector<double>&, PLMD::RootFindingBase<FCLASS>::engf_pointer) const [with FCLASS = PLMD::gridtools::ContourFindingBase]':
	tools/../../tools/Brent1DRootSearch.h:127:23: warning: 'e' may be used uninitialized in this function [-Wmaybe-uninitialized]
	127 |       min2=std::fabs(e*q);
	|                      ~^~
	tools/../../tools/Brent1DRootSearch.h:91:20: note: 'e' was declared here
	91 |   double cx=bx, d, e, min1, min2, fc=fb, p, q, r, s, tol1, xm;
	|                    ^
	compiling  FindSphericalContour.cpp
	In file included from tools/../../tools/RootFindingBase.h:26,
	from tools/RootFindingBase.h:1,
	from ContourFindingBase.h:26,
	from FindSphericalContour.cpp:23:
	tools/../../tools/Brent1DRootSearch.h: In member function 'void PLMD::RootFindingBase<FCLASS>::linesearch(const std::vector<double>&, std::vector<double>&, PLMD::RootFindingBase<FCLASS>::engf_pointer) const [with FCLASS = PLMD::gridtools::ContourFindingBase]':
	tools/../../tools/Brent1DRootSearch.h:127:23: warning: 'e' may be used uninitialized in this function [-Wmaybe-uninitialized]
	127 |       min2=std::fabs(e*q);
	|                      ~^~
	tools/../../tools/Brent1DRootSearch.h:91:20: note: 'e' was declared here
	91 |   double cx=bx, d, e, min1, min2, fc=fb, p, q, r, s, tol1, xm;
	|                    ^
	compiling  FourierTransform.cpp
	compiling  GridPrintingBase.cpp
	compiling  GridSearch.cpp
	compiling  GridToXYZ.cpp
	compiling  GridVessel.cpp
	GridVessel.cpp: In member function 'void PLMD::gridtools::GridVessel::getNeighbors(const std::vector<unsigned int>&, const std::vector<unsigned int>&, unsigned int&, std::vector<unsigned int>&) const':
	GridVessel.cpp:590:23: warning: comparison of integer expressions of different signedness: 'int' and 'const value_type' {aka 'const unsigned int'} [-Wsign-compare]
	590 |       if(!pbc[i] && i0>=nbin[i]) {
	GridVessel.cpp:596:23: warning: comparison of integer expressions of different signedness: 'int' and 'const value_type' {aka 'const unsigned int'} [-Wsign-compare]
	596 |       if( pbc[i] && i0>=nbin[i]) {
	compiling  HistogramOnGrid.cpp
	compiling  IntegrateGrid.cpp
	compiling  InterpolateGrid.cpp
	compiling  CS2Backbone.cpp
	compiling  Caliber.cpp
	Caliber.cpp: In member function 'double PLMD::isdb::Caliber::getSpline(unsigned int)':
	Caliber.cpp:303:14: warning: comparison of integer expressions of different signedness: 'int' and 'std::vector<double>::size_type' {aka 'long unsigned int'} [-Wsign-compare]
	303 |   if(tindex+1<var[iarg].size()) {
	|      ~~~~~~~~^~~~~~~~~~~~~~~~~
	Caliber.cpp:319:14: warning: comparison of integer expressions of different signedness: 'unsigned int' and 'const int' [-Wsign-compare]
	319 |     if(ipoint==tindex) {
	|        ~~~~~~^~~~~~~~
	compiling  EMMI.cpp
	EMMI.cpp: In member function 'void PLMD::isdb::EMMI::write_model_overlap(long long int)':
	EMMI.cpp:864:17: warning: comparison of integer expressions of different signedness: 'int' and 'std::vector<double>::size_type' {aka 'long unsigned int'} [-Wsign-compare]
	864 |   for(int i=0; i<ovmd_.size(); ++i) {
	|                ~^~~~~~~~~~~~~
	EMMI.cpp: In member function 'std::vector<double> PLMD::isdb::EMMI::read_exp_errors(const string&)':
	EMMI.cpp:1056:26: warning: comparison of integer expressions of different signedness: 'unsigned int' and 'int' [-Wsign-compare]
	1056 |       for(unsigned i=0; i<nexp; ++i) {
	|                         ~^~~~~
	EMMI.cpp: In member function 'void PLMD::isdb::EMMI::get_GMM_d(std::string)':
	EMMI.cpp:1225:22: warning: comparison of integer expressions of different signedness: '__gnu_cxx::__alloc_traits<std::allocator<int>, int>::value_type' {aka 'int'} and 'std::vector<std::vector<int> >::size_type' {aka 'long unsigned int'} [-Wsign-compare]
	1225 |     if(GMM_d_beta_[i]>=GMM_d_grps_.size()) {
	compiling  FretEfficiency.cpp
	compiling  Jcoupling.cpp
	compiling  Metainference.cpp
	compiling  MetainferenceBase.cpp
	compiling  NOE.cpp
	compiling  PRE.cpp
	compiling  RDC.cpp
	compiling  Rescale.cpp
	compiling  SAXS.cpp
	compiling  Select.cpp
	compiling  Selector.cpp
	compiling  lapack.cpp
	compiling  CompiledExpression.cpp
	CompiledExpression.cpp: In member function 'void PLMD::lepton::CompiledExpression::compileExpression(const PLMD::lepton::ExpressionTreeNode&, std::vector<std::pair<PLMD::lepton::ExpressionTreeNode, int> >&)':
	CompiledExpression.cpp:157:23: warning: comparison of integer expressions of different signedness: 'int' and 'std::vector<PLMD::lepton::ExpressionTreeNode>::size_type' {aka 'long unsigned int'} [-Wsign-compare]
	157 |     for (int i = 0; i < node.getChildren().size(); i++) {
	|                     ~~^~~~~~~~~~~~~~~~~~~~~~~~~~~
	CompiledExpression.cpp:179:31: warning: comparison of integer expressions of different signedness: 'int' and 'std::vector<int>::size_type' {aka 'long unsigned int'} [-Wsign-compare]
	179 |             for (int i = 1; i < args.size(); i++)
	|                             ~~^~~~~~~~~~~~~
	CompiledExpression.cpp: In member function 'double PLMD::lepton::CompiledExpression::evaluate() const':
	CompiledExpression.cpp:240:23: warning: comparison of integer expressions of different signedness: 'int' and 'std::vector<std::pair<double*, double*> >::size_type' {aka 'long unsigned int'} [-Wsign-compare]
	240 |     for (int i = 0; i < variablesToCopy.size(); i++)
	|                     ~~^~~~~~~~~~~~~~~~~~~~~~~~
	CompiledExpression.cpp:245:29: warning: comparison of integer expressions of different signedness: 'int' and 'std::vector<PLMD::lepton::Operation*>::size_type' {aka 'long unsigned int'} [-Wsign-compare]
	245 |     for (int step = 0; step < operation.size(); step++) {
	|                        ~~~~~^~~~~~~~~~~~~~~~~~
	CompiledExpression.cpp:250:31: warning: comparison of integer expressions of different signedness: 'int' and 'std::vector<int>::size_type' {aka 'long unsigned int'} [-Wsign-compare]
	250 |             for (int i = 0; i < args.size(); i++)
	|                             ~~^~~~~~~~~~~~~
	compiling  ExpressionProgram.cpp
	compiling  ExpressionTreeNode.cpp
	ExpressionTreeNode.cpp: In constructor 'PLMD::lepton::ExpressionTreeNode::ExpressionTreeNode(PLMD::lepton::Operation*, const std::vector<PLMD::lepton::ExpressionTreeNode>&)':
	ExpressionTreeNode.cpp:74:38: warning: comparison of integer expressions of different signedness: 'int' and 'std::vector<PLMD::lepton::ExpressionTreeNode>::size_type' {aka 'long unsigned int'} [-Wsign-compare]
	74 |     if (operation->getNumArguments() != children.size())
	|         ~~~~~~~~~~~~~~~~~~~~~~~~~~~~~^~~~~~~~~~~~~~~~~~
	ExpressionTreeNode.cpp: In constructor 'PLMD::lepton::ExpressionTreeNode::ExpressionTreeNode(PLMD::lepton::Operation*, const PLMD::lepton::ExpressionTreeNode&, const PLMD::lepton::ExpressionTreeNode&)':
	ExpressionTreeNode.cpp:81:38: warning: comparison of integer expressions of different signedness: 'int' and 'std::vector<PLMD::lepton::ExpressionTreeNode>::size_type' {aka 'long unsigned int'} [-Wsign-compare]
	81 |     if (operation->getNumArguments() != children.size())
	|         ~~~~~~~~~~~~~~~~~~~~~~~~~~~~~^~~~~~~~~~~~~~~~~~
	ExpressionTreeNode.cpp: In constructor 'PLMD::lepton::ExpressionTreeNode::ExpressionTreeNode(PLMD::lepton::Operation*, const PLMD::lepton::ExpressionTreeNode&)':
	ExpressionTreeNode.cpp:87:38: warning: comparison of integer expressions of different signedness: 'int' and 'std::vector<PLMD::lepton::ExpressionTreeNode>::size_type' {aka 'long unsigned int'} [-Wsign-compare]
	87 |     if (operation->getNumArguments() != children.size())
	|         ~~~~~~~~~~~~~~~~~~~~~~~~~~~~~^~~~~~~~~~~~~~~~~~
	ExpressionTreeNode.cpp: In constructor 'PLMD::lepton::ExpressionTreeNode::ExpressionTreeNode(PLMD::lepton::Operation*)':
	ExpressionTreeNode.cpp:92:38: warning: comparison of integer expressions of different signedness: 'int' and 'std::vector<PLMD::lepton::ExpressionTreeNode>::size_type' {aka 'long unsigned int'} [-Wsign-compare]
	92 |     if (operation->getNumArguments() != children.size())
	|         ~~~~~~~~~~~~~~~~~~~~~~~~~~~~~^~~~~~~~~~~~~~~~~~
	ExpressionTreeNode.cpp: In member function 'void PLMD::lepton::ExpressionTreeNode::assignTags(std::vector<const PLMD::lepton::ExpressionTreeNode*>&) const':
	ExpressionTreeNode.cpp:166:17: warning: comparison of integer expressions of different signedness: 'int' and 'std::vector<const PLMD::lepton::ExpressionTreeNode*>::size_type' {aka 'long unsigned int'} [-Wsign-compare]
	166 |     if (numTags == examples.size()) {
	|         ~~~~~~~~^~~~~~~~~~~~~~~~~~
	ExpressionTreeNode.cpp:169:27: warning: comparison of integer expressions of different signedness: 'int' and 'std::vector<const PLMD::lepton::ExpressionTreeNode*>::size_type' {aka 'long unsigned int'} [-Wsign-compare]
	169 |         for (int i = 0; i < examples.size(); i++) {
	|                         ~~^~~~~~~~~~~~~~~~~
	ExpressionTreeNode.cpp:172:42: warning: comparison of integer expressions of different signedness: 'int' and 'std::vector<PLMD::lepton::ExpressionTreeNode>::size_type' {aka 'long unsigned int'} [-Wsign-compare]
	172 |             for (int j = 0; matches && j < getChildren().size(); j++)
	|                                        ~~^~~~~~~~~~~~~~~~~~~~~~
	compiling  Operation.cpp
	compiling  ParsedExpression.cpp
	ParsedExpression.cpp: In static member function 'static PLMD::lepton::ExpressionTreeNode PLMD::lepton::ParsedExpression::substituteSimplerExpression(const PLMD::lepton::ExpressionTreeNode&, std::map<int, PLMD::lepton::ExpressionTreeNode>&)':
	ParsedExpression.cpp:225:17: warning: 'first' may be used uninitialized in this function [-Wmaybe-uninitialized]
	225 |                 if (first == 0.0) // Subtract from 0
	|                 ^~
	In file included from ParsedExpression.cpp:67:
	Operation.h:1003:33: warning: 'second' may be used uninitialized in this function [-Wmaybe-uninitialized]
	1003 |     AddConstant(double value) : value(value) {
	|                                 ^~~~~~~~~~~~
	ParsedExpression.cpp:191:19: note: 'second' was declared here
	191 |     double first, second; // if yes, value of first and second child
	|                   ^~~~~~
	compiling  Parser.cpp
	Parser.cpp: In static member function 'static PLMD::lepton::ParsedExpression PLMD::lepton::Parser::parse(const string&, const std::map<std::__cxx11::basic_string<char>, PLMD::lepton::CustomFunction*>&)':
	Parser.cpp:238:21: warning: comparison of integer expressions of different signedness: 'int' and 'std::vector<PLMD::lepton::ParseToken>::size_type' {aka 'long unsigned int'} [-Wsign-compare]
	238 |             if (pos != tokens.size())
	|                 ~~~~^~~~~~~~~~~~~~~~
	Parser.cpp:247:17: warning: comparison of integer expressions of different signedness: 'int' and 'std::vector<PLMD::lepton::ParseToken>::size_type' {aka 'long unsigned int'} [-Wsign-compare]
	247 |         if (pos != tokens.size())
	|             ~~~~^~~~~~~~~~~~~~~~
	Parser.cpp: In static member function 'static PLMD::lepton::ExpressionTreeNode PLMD::lepton::Parser::parsePrecedence(const std::vector<PLMD::lepton::ParseToken>&, int&, const std::map<std::__cxx11::basic_string<char>, PLMD::lepton::CustomFunction*>&, const std::map<std::__cxx11::basic_string<char>, PLMD::lepton::ExpressionTreeNode>&, int)':
	Parser.cpp:258:13: warning: comparison of integer expressions of different signedness: 'int' and 'std::vector<PLMD::lepton::ParseToken>::size_type' {aka 'long unsigned int'} [-Wsign-compare]
	258 |     if (pos == tokens.size())
	|         ~~~~^~~~~~~~~~~~~~~~
	Parser.cpp:284:17: warning: comparison of integer expressions of different signedness: 'int' and 'std::vector<PLMD::lepton::ParseToken>::size_type' {aka 'long unsigned int'} [-Wsign-compare]
	284 |         if (pos == tokens.size() || tokens[pos].getType() != ParseToken::RightParen)
	|             ~~~~^~~~~~~~~~~~~~~~
	Parser.cpp:298:17: warning: comparison of integer expressions of different signedness: 'int' and 'std::vector<PLMD::lepton::ParseToken>::size_type' {aka 'long unsigned int'} [-Wsign-compare]
	298 |         if (pos == tokens.size() || tokens[pos].getType() != ParseToken::RightParen)
	|             ~~~~^~~~~~~~~~~~~~~~
	compiling  LogMFD.cpp
	LogMFD.cpp: In constructor 'PLMD::logmfd::LogMFD::LogMFD(const PLMD::ActionOptions&)':
	LogMFD.cpp:418:10: warning: 'PLMD::logmfd::LogMFD::hlog' will be initialized after [-Wreorder]
	418 |   double hlog;                  ///< value invariant
	|          ^~~~
	LogMFD.cpp:414:10: warning:   'double PLMD::logmfd::LogMFD::phivs' [-Wreorder]
	414 |   double phivs;                 ///< potential used in VS method
	|          ^~~~~
	LogMFD.cpp:561:1: warning:   when initialized here [-Wreorder]
	561 | LogMFD::LogMFD( const ActionOptions& ao ):
	| ^~~~~~
	LogMFD.cpp: In member function 'virtual void PLMD::logmfd::LogMFD::calculate()':
	LogMFD.cpp:921:12: warning: unused variable 'tmp' [-Wunused-variable]
	921 |     double tmp = fict[i];
	|            ^~~
	compiling  main.cpp
	main.cpp: In function 'int main(int, char**)':
	main.cpp:39:28: warning: comparison of integer expressions of different signedness: 'unsigned int' and 'int' [-Wsign-compare]
	39 |   for(unsigned iarg=1; iarg<argc; iarg++) {
	|                        ~~~~^~~~~
	compiling  LWalls.cpp
	compiling  ManyRestraintsBase.cpp
	compiling  UWalls.cpp
	compiling  AdaptivePath.cpp
	AdaptivePath.cpp: In constructor 'PLMD::mapping::AdaptivePath::AdaptivePath(const PLMD::ActionOptions&)':
	AdaptivePath.cpp:174:17: warning: comparison of integer expressions of different signedness: 'int' and 'unsigned int' [-Wsign-compare]
	174 |   for(int i=0; i<getNumberOfReferencePoints(); ++i) {
	|                ~^~~~~~~~~~~~~~~~~~~~~~~~~~~~~
	compiling  Mapping.cpp
	compiling  PCAVars.cpp
	compiling  Path.cpp
	compiling  PathBase.cpp
	compiling  PathReparameterization.cpp
	PathReparameterization.cpp: In member function 'void PLMD::mapping::PathReparameterization::reparameterizePart(const int&, const int&, const double&, const double&)':
	PathReparameterization.cpp:86:31: warning: comparison of integer expressions of different signedness: 'unsigned int' and 'int' [-Wsign-compare]
	86 |       for(unsigned i=istart; i<iend+1; ++i) {
	|                              ~^~~~~~~
	PathReparameterization.cpp:115:31: warning: comparison of integer expressions of different signedness: 'unsigned int' and 'const int' [-Wsign-compare]
	115 |       for(unsigned i=istart; i<iend; ++i) {
	|                              ~^~~~~
	PathReparameterization.cpp:125:17: warning: comparison of integer expressions of different signedness: 'unsigned int' and 'const int' [-Wsign-compare]
	125 |         if( cfin==iend && k>= iend+1 ) {
	|             ~~~~^~~~~~
	PathReparameterization.cpp:127:24: warning: comparison of integer expressions of different signedness: 'unsigned int' and 'int' [-Wsign-compare]
	127 |         } else if( cfin==(iend+1) && k>=iend ) {
	|                    ~~~~^~~~~~~~~~
	PathReparameterization.cpp:130:24: warning: comparison of integer expressions of different signedness: 'unsigned int' and 'int' [-Wsign-compare]
	130 |         } else if( cfin==(iend-1) && k<=iend ) {
	|                    ~~~~^~~~~~~~~~
	PathReparameterization.cpp: In member function 'void PLMD::mapping::PathReparameterization::reparameterize(const int&, const int&, const double&)':
	PathReparameterization.cpp:174:12: warning: comparison of integer expressions of different signedness: 'const int' and 'std::vector<std::unique_ptr<PLMD::ReferenceConfiguration> >::size_type' {aka 'long unsigned int'} [-Wsign-compare]
	174 |   if( ifix2<(mypath.size()-1) ) {
	|       ~~~~~^~~~~~~~~~~~~~~~~~
	compiling  PathTools.cpp
	PathTools.cpp: In member function 'virtual int PLMD::mapping::PathTools::main(FILE*, FILE*, PLMD::Communicator&)':
	PathTools.cpp:336:17: warning: comparison of integer expressions of different signedness: 'int' and 'unsigned int' [-Wsign-compare]
	336 |   for(int i=0; i<nbefore; ++i) {
	|                ~^~~~~~~~
	compiling  PropertyMap.cpp
	compiling  SpathVessel.cpp
	compiling  TrigonometricPathVessel.cpp
	TrigonometricPathVessel.cpp: In member function 'virtual void PLMD::mapping::TrigonometricPathVessel::finish(const std::vector<double>&)':
	TrigonometricPathVessel.cpp:183:27: warning: comparison of integer expressions of different signedness: 'int' and 'unsigned int' [-Wsign-compare]
	183 |   if( iclose3<0 || iclose3>=mymap->getFullNumberOfTasks() ) {
	|                    ~~~~~~~^~~~~~~~~~~~~~~~~~~~~~~~~~~~~~~
	compiling  ZpathVessel.cpp
	compiling  Core.cpp
	compiling  Loss.cpp
	compiling  Member.cpp
	compiling  Memetic.cpp
	compiling  Optimizer.cpp
	compiling  Optimizer_Bias.cpp
	compiling  Random_Acceleration_MD.cpp
	compiling  Random_MT.cpp
	compiling  Random_Walk.cpp
	compiling  Simulated_Annealing.cpp
	compiling  Steered_MD.cpp
	compiling  Tools.cpp
	compiling  FusionPoreExpansionP.cpp
	FusionPoreExpansionP.cpp:446:3: warning: multi-line comment [-Wcomment]
	446 |   //         / _____|E|______ \
	|   ^
	compiling  FusionPoreNucleationP.cpp
	FusionPoreNucleationP.cpp: In function '_ZN4PLMD14membranefusion21fusionPoreNucleationP9calculateEv._omp_fn.3':
	FusionPoreNucleationP.cpp:694:29: warning: 'fradial' may be used uninitialized in this function [-Wmaybe-uninitialized]
	694 |           Nsp[s] += fradial * faxial[i + chainBeads * s];
	FusionPoreNucleationP.cpp:599:10: note: 'fradial' was declared here
	599 |   double fradial;
	|          ^~~~~~~
	compiling  MemFusionP.cpp
	MemFusionP.cpp: In function '_ZN4PLMD14membranefusion10memFusionP9calculateEv._omp_fn.2':
	MemFusionP.cpp:506:37: warning: 'fradial_Mem' may be used uninitialized in this function [-Wmaybe-uninitialized]
	506 |           Nsp_Mem[s] += fradial_Mem * faxial_Mem[i + TAILS.size() * s];
	MemFusionP.cpp:408:10: note: 'fradial_Mem' was declared here
	408 |   double fradial_Mem = 0;
	|          ^~~~~~~~~~~
	compiling  crdplugin.cpp
	compiling  dcdplugin.cpp
	In file included from dcdplugin.cpp:83:
	fastio.h: In function 'PLMD::molfile::fio_size_t PLMD::molfile::fio_readv(PLMD::molfile::fio_fd, const fio_iovec*, int)':
	fastio.h:580:14: warning: comparison of integer expressions of different signedness: 'PLMD::molfile::fio_size_t' {aka 'long int'} and 'const size_t' {aka 'const long unsigned int'} [-Wsign-compare]
	580 |       if (rc != iov[i].iov_len)
	|           ~~~^~~~~~~~~~~~~~~~~
	dcdplugin.cpp: In function 'int PLMD::molfile::read_dcdheader(PLMD::molfile::fio_fd, int*, int*, int*, int*, double*, int*, int**, float**, int*, int*)':
	dcdplugin.cpp:228:57: warning: comparison of integer expressions of different signedness: 'unsigned int' and 'int' [-Wsign-compare]
	228 |   } else if (input_integer[0] == 84 && input_integer[1] == dcdcordmagic) {
	|                                        ~~~~~~~~~~~~~~~~~^~~~~~~~~~~~~~~
	dcdplugin.cpp:241:54: warning: comparison of integer expressions of different signedness: 'unsigned int' and 'int' [-Wsign-compare]
	241 |       if (input_integer[0] == 84 && input_integer[1] == dcdcordmagic) {
	|                                     ~~~~~~~~~~~~~~~~~^~~~~~~~~~~~~~~
	dcdplugin.cpp:259:26: warning: comparison of integer expressions of different signedness: 'unsigned int' and 'int' [-Wsign-compare]
	259 |     if (input_integer[0] != dcdcordmagic) {
	|         ~~~~~~~~~~~~~~~~~^~~~~~~~~~~~~~~
	dcdplugin.cpp: In function 'int PLMD::molfile::read_dcdstep(PLMD::molfile::fio_fd, int, float*, float*, float*, float*, int, int, int*, float*, int, int)':
	dcdplugin.cpp:682:25: warning: comparison of integer expressions of different signedness: 'int' and 'long unsigned int' [-Wsign-compare]
	682 |           if (tmpbuf[i] != sizeof(float)*N) return DCD_BADFORMAT;
	|               ~~~~~~~~~~^~~~~~~~~~~~~~~~~~
	dcdplugin.cpp:686:46: warning: comparison of integer expressions of different signedness: 'int' and 'long unsigned int' [-Wsign-compare]
	686 |           if ((tmpbuf[2L*i]+tmpbuf[2L*i+1L]) != sizeof(float)*N) return DCD_BADFORMAT;
	|               ~~~~~~~~~~~~~~~~~~~~~~~~~~~~~~~^~~~~~~~~~~~~~~~~~
	In file included from dcdplugin.cpp:93:
	endianswap.h: At global scope:
	endianswap.h:138:13: warning: 'void PLMD::molfile::swap2_aligned(void*, ptrdiff_t)' defined but not used [-Wunused-function]
	138 | static void swap2_aligned(void *v, ptrdiff_t ndata) {
	|             ^~~~~~~~~~~~~
	endianswap.h:74:13: warning: 'void PLMD::molfile::swap2_unaligned(void*, ptrdiff_t)' defined but not used [-Wunused-function]
	74 | static void swap2_unaligned(void *v, ptrdiff_t ndata) {
	|             ^~~~~~~~~~~~~~~
	In file included from dcdplugin.cpp:83:
	fastio.h:676:12: warning: 'int PLMD::molfile::fio_write_str(PLMD::molfile::fio_fd, const char*)' defined but not used [-Wunused-function]
	676 | static int fio_write_str(fio_fd fd, const char *str) {
	|            ^~~~~~~~~~~~~
	fastio.h:672:12: warning: 'int PLMD::molfile::fio_read_int32(PLMD::molfile::fio_fd, int*)' defined but not used [-Wunused-function]
	672 | static int fio_read_int32(fio_fd fd, int *i) {
	|            ^~~~~~~~~~~~~~
	fastio.h:520:19: warning: 'PLMD::molfile::fio_size_t PLMD::molfile::fio_readv(PLMD::molfile::fio_fd, const fio_iovec*, int)' defined but not used [-Wunused-function]
	520 | static fio_size_t fio_readv(fio_fd fd, const fio_iovec * iov, int iovcnt) {
	|                   ^~~~~~~~~
	compiling  gromacsplugin.cpp
	In file included from gromacsplugin.cpp:62:
	Gromacs.h: In function 'int PLMD::molfile::mdio_readline(PLMD::molfile::md_file*, char*, int, int)':
	Gromacs.h:467:14: warning: ignoring return value of 'char* fgets(char*, int, FILE*)' declared with attribute 'warn_unused_result' [-Wunused-result]
	467 |         fgets(buf, n, mf->f);
	|         ~~~~~^~~~~~~~~~~~~~~
	In file included from Gromacs.h:86,
	from gromacsplugin.cpp:62:
	endianswap.h: At global scope:
	endianswap.h:138:13: warning: 'void PLMD::molfile::swap2_aligned(void*, PLMD::molfile::ptrdiff_t)' defined but not used [-Wunused-function]
	138 | static void swap2_aligned(void *v, ptrdiff_t ndata) {
	|             ^~~~~~~~~~~~~
	endianswap.h:107:13: warning: 'void PLMD::molfile::swap8_unaligned(void*, PLMD::molfile::ptrdiff_t)' defined but not used [-Wunused-function]
	107 | static void swap8_unaligned(void *v, ptrdiff_t ndata) {
	|             ^~~~~~~~~~~~~~~
	endianswap.h:88:13: warning: 'void PLMD::molfile::swap4_unaligned(void*, PLMD::molfile::ptrdiff_t)' defined but not used [-Wunused-function]
	88 | static void swap4_unaligned(void *v, ptrdiff_t ndata) {
	|             ^~~~~~~~~~~~~~~
	endianswap.h:74:13: warning: 'void PLMD::molfile::swap2_unaligned(void*, PLMD::molfile::ptrdiff_t)' defined but not used [-Wunused-function]
	74 | static void swap2_unaligned(void *v, ptrdiff_t ndata) {
	|             ^~~~~~~~~~~~~~~
	In file included from /usr/include/string.h:535,
	from gromacsplugin.cpp:60:
	In function 'char* strncpy(char*, const char*, size_t)',
	inlined from 'int PLMD::molfile::g96_header(PLMD::molfile::md_file*, char*, int, float*)' at Gromacs.h:691:32:
	/usr/include/x86_64-linux-gnu/bits/string_fortified.h:95:34: warning: 'char* __builtin_strncpy(char*, const char*, long unsigned int)' output may be truncated copying 80 bytes from a string of length 500 [-Wstringop-truncation]
	95 |   return __builtin___strncpy_chk (__dest, __src, __len,
	|          ~~~~~~~~~~~~~~~~~~~~~~~~^~~~~~~~~~~~~~~~~~~~~~
	96 |                                   __glibc_objsize (__dest));
	|                                   ~~~~~~~~~~~~~~~~~~~~~~~~~
	In function 'char* strncpy(char*, const char*, size_t)',
	inlined from 'int PLMD::molfile::gro_header(PLMD::molfile::md_file*, char*, int, float*, int*, int)' at Gromacs.h:1059:33:
	/usr/include/x86_64-linux-gnu/bits/string_fortified.h:95:34: warning: 'char* __builtin_strncpy(char*, const char*, long unsigned int)' output may be truncated copying between 1 and 80 bytes from a string of length 500 [-Wstringop-truncation]
	95 |   return __builtin___strncpy_chk (__dest, __src, __len,
	|          ~~~~~~~~~~~~~~~~~~~~~~~~^~~~~~~~~~~~~~~~~~~~~~
	96 |                                   __glibc_objsize (__dest));
	|                                   ~~~~~~~~~~~~~~~~~~~~~~~~~
	In function 'char* strncpy(char*, const char*, size_t)',
	inlined from 'void* PLMD::molfile::open_gro_read(const char*, const char*, int*)' at gromacsplugin.cpp:138:12:
	/usr/include/x86_64-linux-gnu/bits/string_fortified.h:95:34: warning: 'char* __builtin_strncpy(char*, const char*, long unsigned int)' output may be truncated copying 80 bytes from a string of length 80 [-Wstringop-truncation]
	95 |   return __builtin___strncpy_chk (__dest, __src, __len,
	|          ~~~~~~~~~~~~~~~~~~~~~~~~^~~~~~~~~~~~~~~~~~~~~~
	96 |                                   __glibc_objsize (__dest));
	|                                   ~~~~~~~~~~~~~~~~~~~~~~~~~
	compiling  pdbplugin.cpp
	In file included from pdbplugin.cpp:64:
	periodic_table.h:173:12: warning: 'int PLMD::molfile::get_pte_idx(const char*)' defined but not used [-Wunused-function]
	173 | static int get_pte_idx(const char *label)
	|            ^~~~~~~~~~~
	In file included from /usr/include/string.h:535,
	from readpdb.h:61,
	from pdbplugin.cpp:63:
	In function 'char* strncpy(char*, const char*, size_t)',
	inlined from 'void PLMD::molfile::get_pdb_cryst1(const char*, float*, float*, float*, float*, float*, float*)' at readpdb.h:160:10,
	inlined from 'int PLMD::molfile::read_next_timestep(void*, int, PLMD::molfile::molfile_timestep_t*)' at pdbplugin.cpp:312:23:
	/usr/include/x86_64-linux-gnu/bits/string_fortified.h:95:34: warning: 'char* __builtin_strncpy(char*, const char*, long unsigned int)' output may be truncated copying 80 bytes from a string of length 82 [-Wstringop-truncation]
	95 |   return __builtin___strncpy_chk (__dest, __src, __len,
	|          ~~~~~~~~~~~~~~~~~~~~~~~~^~~~~~~~~~~~~~~~~~~~~~
	96 |                                   __glibc_objsize (__dest));
	|                                   ~~~~~~~~~~~~~~~~~~~~~~~~~
	In function 'char* strncpy(char*, const char*, size_t)',
	inlined from 'void PLMD::molfile::get_pdb_coordinates(const char*, float*, float*, float*, float*, float*)' at readpdb.h:185:12,
	inlined from 'int PLMD::molfile::read_next_timestep(void*, int, PLMD::molfile::molfile_timestep_t*)' at pdbplugin.cpp:305:28:
	/usr/include/x86_64-linux-gnu/bits/string_fortified.h:95:34: warning: 'char* __builtin_strncpy(char*, const char*, long unsigned int)' output may be truncated copying 8 bytes from a string of length 52 [-Wstringop-truncation]
	95 |   return __builtin___strncpy_chk (__dest, __src, __len,
	|          ~~~~~~~~~~~~~~~~~~~~~~~~^~~~~~~~~~~~~~~~~~~~~~
	96 |                                   __glibc_objsize (__dest));
	|                                   ~~~~~~~~~~~~~~~~~~~~~~~~~
	In function 'char* strncpy(char*, const char*, size_t)',
	inlined from 'void PLMD::molfile::get_pdb_coordinates(const char*, float*, float*, float*, float*, float*)' at readpdb.h:190:12,
	inlined from 'int PLMD::molfile::read_next_timestep(void*, int, PLMD::molfile::molfile_timestep_t*)' at pdbplugin.cpp:305:28:
	/usr/include/x86_64-linux-gnu/bits/string_fortified.h:95:34: warning: 'char* __builtin_strncpy(char*, const char*, long unsigned int)' output may be truncated copying 8 bytes from a string of length 44 [-Wstringop-truncation]
	95 |   return __builtin___strncpy_chk (__dest, __src, __len,
	|          ~~~~~~~~~~~~~~~~~~~~~~~~^~~~~~~~~~~~~~~~~~~~~~
	96 |                                   __glibc_objsize (__dest));
	|                                   ~~~~~~~~~~~~~~~~~~~~~~~~~
	In function 'char* strncpy(char*, const char*, size_t)',
	inlined from 'void PLMD::molfile::get_pdb_coordinates(const char*, float*, float*, float*, float*, float*)' at readpdb.h:195:12,
	inlined from 'int PLMD::molfile::read_next_timestep(void*, int, PLMD::molfile::molfile_timestep_t*)' at pdbplugin.cpp:305:28:
	/usr/include/x86_64-linux-gnu/bits/string_fortified.h:95:34: warning: 'char* __builtin_strncpy(char*, const char*, long unsigned int)' output may be truncated copying 8 bytes from a string of length 36 [-Wstringop-truncation]
	95 |   return __builtin___strncpy_chk (__dest, __src, __len,
	|          ~~~~~~~~~~~~~~~~~~~~~~~~^~~~~~~~~~~~~~~~~~~~~~
	96 |                                   __glibc_objsize (__dest));
	|                                   ~~~~~~~~~~~~~~~~~~~~~~~~~
	In function 'char* strncpy(char*, const char*, size_t)',
	inlined from 'void PLMD::molfile::get_pdb_coordinates(const char*, float*, float*, float*, float*, float*)' at readpdb.h:200:12,
	inlined from 'int PLMD::molfile::read_next_timestep(void*, int, PLMD::molfile::molfile_timestep_t*)' at pdbplugin.cpp:305:28:
	/usr/include/x86_64-linux-gnu/bits/string_fortified.h:95:34: warning: 'char* __builtin_strncpy(char*, const char*, long unsigned int)' output may be truncated copying 6 bytes from a string of length 28 [-Wstringop-truncation]
	95 |   return __builtin___strncpy_chk (__dest, __src, __len,
	|          ~~~~~~~~~~~~~~~~~~~~~~~~^~~~~~~~~~~~~~~~~~~~~~
	96 |                                   __glibc_objsize (__dest));
	|                                   ~~~~~~~~~~~~~~~~~~~~~~~~~
	In function 'char* strncpy(char*, const char*, size_t)',
	inlined from 'void PLMD::molfile::get_pdb_coordinates(const char*, float*, float*, float*, float*, float*)' at readpdb.h:205:12,
	inlined from 'int PLMD::molfile::read_next_timestep(void*, int, PLMD::molfile::molfile_timestep_t*)' at pdbplugin.cpp:305:28:
	/usr/include/x86_64-linux-gnu/bits/string_fortified.h:95:34: warning: 'char* __builtin_strncpy(char*, const char*, long unsigned int)' output may be truncated copying 6 bytes from a string of length 22 [-Wstringop-truncation]
	95 |   return __builtin___strncpy_chk (__dest, __src, __len,
	|          ~~~~~~~~~~~~~~~~~~~~~~~~^~~~~~~~~~~~~~~~~~~~~~
	96 |                                   __glibc_objsize (__dest));
	|                                   ~~~~~~~~~~~~~~~~~~~~~~~~~
	In function 'char* strncpy(char*, const char*, size_t)',
	inlined from 'void PLMD::molfile::get_pdb_fields(const char*, int, int*, char*, char*, char*, char*, char*, char*, char*, char*, float*, float*, float*, float*, float*)' at readpdb.h:340:10,
	inlined from 'int PLMD::molfile::read_pdb_structure(void*, int*, PLMD::molfile::molfile_atom_t*)' at pdbplugin.cpp:186:21:
	/usr/include/x86_64-linux-gnu/bits/string_fortified.h:95:34: warning: 'char* __builtin_strncpy(char*, const char*, long unsigned int)' output may be truncated copying 4 bytes from a string of length 70 [-Wstringop-truncation]
	95 |   return __builtin___strncpy_chk (__dest, __src, __len,
	|          ~~~~~~~~~~~~~~~~~~~~~~~~^~~~~~~~~~~~~~~~~~~~~~
	96 |                                   __glibc_objsize (__dest));
	|                                   ~~~~~~~~~~~~~~~~~~~~~~~~~
	In function 'char* strncpy(char*, const char*, size_t)',
	inlined from 'void PLMD::molfile::get_pdb_fields(const char*, int, int*, char*, char*, char*, char*, char*, char*, char*, char*, float*, float*, float*, float*, float*)' at readpdb.h:345:10,
	inlined from 'int PLMD::molfile::read_pdb_structure(void*, int*, PLMD::molfile::molfile_atom_t*)' at pdbplugin.cpp:186:21:
	/usr/include/x86_64-linux-gnu/bits/string_fortified.h:95:34: warning: 'char* __builtin_strncpy(char*, const char*, long unsigned int)' output may be truncated copying 1 byte from a string of length 66 [-Wstringop-truncation]
	95 |   return __builtin___strncpy_chk (__dest, __src, __len,
	|          ~~~~~~~~~~~~~~~~~~~~~~~~^~~~~~~~~~~~~~~~~~~~~~
	96 |                                   __glibc_objsize (__dest));
	|                                   ~~~~~~~~~~~~~~~~~~~~~~~~~
	In function 'char* strncpy(char*, const char*, size_t)',
	inlined from 'void PLMD::molfile::get_pdb_fields(const char*, int, int*, char*, char*, char*, char*, char*, char*, char*, char*, float*, float*, float*, float*, float*)' at readpdb.h:349:10,
	inlined from 'int PLMD::molfile::read_pdb_structure(void*, int*, PLMD::molfile::molfile_atom_t*)' at pdbplugin.cpp:186:21:
	/usr/include/x86_64-linux-gnu/bits/string_fortified.h:95:34: warning: 'char* __builtin_strncpy(char*, const char*, long unsigned int)' output may be truncated copying 4 bytes from a string of length 65 [-Wstringop-truncation]
	95 |   return __builtin___strncpy_chk (__dest, __src, __len,
	|          ~~~~~~~~~~~~~~~~~~~~~~~~^~~~~~~~~~~~~~~~~~~~~~
	96 |                                   __glibc_objsize (__dest));
	|                                   ~~~~~~~~~~~~~~~~~~~~~~~~~
	In function 'char* strncpy(char*, const char*, size_t)',
	inlined from 'void PLMD::molfile::get_pdb_fields(const char*, int, int*, char*, char*, char*, char*, char*, char*, char*, char*, float*, float*, float*, float*, float*)' at readpdb.h:358:10,
	inlined from 'int PLMD::molfile::read_pdb_structure(void*, int*, PLMD::molfile::molfile_atom_t*)' at pdbplugin.cpp:186:21:
	/usr/include/x86_64-linux-gnu/bits/string_fortified.h:95:34: warning: 'char* __builtin_strncpy(char*, const char*, long unsigned int)' output may be truncated copying 4 bytes from a string of length 60 [-Wstringop-truncation]
	95 |   return __builtin___strncpy_chk (__dest, __src, __len,
	|          ~~~~~~~~~~~~~~~~~~~~~~~~^~~~~~~~~~~~~~~~~~~~~~
	96 |                                   __glibc_objsize (__dest));
	|                                   ~~~~~~~~~~~~~~~~~~~~~~~~~
	In function 'char* strncpy(char*, const char*, size_t)',
	inlined from 'void PLMD::molfile::get_pdb_coordinates(const char*, float*, float*, float*, float*, float*)' at readpdb.h:200:12,
	inlined from 'void PLMD::molfile::get_pdb_fields(const char*, int, int*, char*, char*, char*, char*, char*, char*, char*, char*, float*, float*, float*, float*, float*)' at readpdb.h:367:22,
	inlined from 'int PLMD::molfile::read_pdb_structure(void*, int*, PLMD::molfile::molfile_atom_t*)' at pdbplugin.cpp:186:21:
	/usr/include/x86_64-linux-gnu/bits/string_fortified.h:95:34: warning: 'char* __builtin_strncpy(char*, const char*, long unsigned int)' output may be truncated copying 6 bytes from a string of length 28 [-Wstringop-truncation]
	95 |   return __builtin___strncpy_chk (__dest, __src, __len,
	|          ~~~~~~~~~~~~~~~~~~~~~~~~^~~~~~~~~~~~~~~~~~~~~~
	96 |                                   __glibc_objsize (__dest));
	|                                   ~~~~~~~~~~~~~~~~~~~~~~~~~
	In function 'char* strncpy(char*, const char*, size_t)',
	inlined from 'void PLMD::molfile::get_pdb_coordinates(const char*, float*, float*, float*, float*, float*)' at readpdb.h:205:12,
	inlined from 'void PLMD::molfile::get_pdb_fields(const char*, int, int*, char*, char*, char*, char*, char*, char*, char*, char*, float*, float*, float*, float*, float*)' at readpdb.h:367:22,
	inlined from 'int PLMD::molfile::read_pdb_structure(void*, int*, PLMD::molfile::molfile_atom_t*)' at pdbplugin.cpp:186:21:
	/usr/include/x86_64-linux-gnu/bits/string_fortified.h:95:34: warning: 'char* __builtin_strncpy(char*, const char*, long unsigned int)' output may be truncated copying 6 bytes from a string of length 22 [-Wstringop-truncation]
	95 |   return __builtin___strncpy_chk (__dest, __src, __len,
	|          ~~~~~~~~~~~~~~~~~~~~~~~~^~~~~~~~~~~~~~~~~~~~~~
	96 |                                   __glibc_objsize (__dest));
	|                                   ~~~~~~~~~~~~~~~~~~~~~~~~~
	In function 'char* strncpy(char*, const char*, size_t)',
	inlined from 'void PLMD::molfile::get_pdb_fields(const char*, int, int*, char*, char*, char*, char*, char*, char*, char*, char*, float*, float*, float*, float*, float*)' at readpdb.h:371:12,
	inlined from 'int PLMD::molfile::read_pdb_structure(void*, int*, PLMD::molfile::molfile_atom_t*)' at pdbplugin.cpp:186:21:
	/usr/include/x86_64-linux-gnu/bits/string_fortified.h:95:34: warning: 'char* __builtin_strncpy(char*, const char*, long unsigned int)' output may be truncated copying 4 bytes from a string of length 10 [-Wstringop-truncation]
	95 |   return __builtin___strncpy_chk (__dest, __src, __len,
	|          ~~~~~~~~~~~~~~~~~~~~~~~~^~~~~~~~~~~~~~~~~~~~~~
	96 |                                   __glibc_objsize (__dest));
	|                                   ~~~~~~~~~~~~~~~~~~~~~~~~~
	In function 'char* strncpy(char*, const char*, size_t)',
	inlined from 'void PLMD::molfile::get_pdb_fields(const char*, int, int*, char*, char*, char*, char*, char*, char*, char*, char*, float*, float*, float*, float*, float*)' at readpdb.h:380:12,
	inlined from 'int PLMD::molfile::read_pdb_structure(void*, int*, PLMD::molfile::molfile_atom_t*)' at pdbplugin.cpp:186:21:
	/usr/include/x86_64-linux-gnu/bits/string_fortified.h:95:34: warning: 'char* __builtin_strncpy(char*, const char*, long unsigned int)' output may be truncated copying 2 bytes from a string of length 6 [-Wstringop-truncation]
	95 |   return __builtin___strncpy_chk (__dest, __src, __len,
	|          ~~~~~~~~~~~~~~~~~~~~~~~~^~~~~~~~~~~~~~~~~~~~~~
	96 |                                   __glibc_objsize (__dest));
	|                                   ~~~~~~~~~~~~~~~~~~~~~~~~~
	In function 'char* strncpy(char*, const char*, size_t)',
	inlined from 'void PLMD::molfile::get_pdb_header(const char*, char*, char*, char*)' at readpdb.h:231:12,
	inlined from 'void* PLMD::molfile::open_pdb_read(const char*, const char*, int*)' at pdbplugin.cpp:114:21:
	/usr/include/x86_64-linux-gnu/bits/string_fortified.h:95:34: warning: 'char* __builtin_strncpy(char*, const char*, long unsigned int)' output may be truncated copying 9 bytes from a string of length 32 [-Wstringop-truncation]
	95 |   return __builtin___strncpy_chk (__dest, __src, __len,
	|          ~~~~~~~~~~~~~~~~~~~~~~~~^~~~~~~~~~~~~~~~~~~~~~
	96 |                                   __glibc_objsize (__dest));
	|                                   ~~~~~~~~~~~~~~~~~~~~~~~~~
	In function 'char* strncpy(char*, const char*, size_t)',
	inlined from 'void PLMD::molfile::get_pdb_header(const char*, char*, char*, char*)' at readpdb.h:241:12,
	inlined from 'void* PLMD::molfile::open_pdb_read(const char*, const char*, int*)' at pdbplugin.cpp:114:21:
	/usr/include/x86_64-linux-gnu/bits/string_fortified.h:95:34: warning: 'char* __builtin_strncpy(char*, const char*, long unsigned int)' output may be truncated copying 4 bytes from a string of length 20 [-Wstringop-truncation]
	95 |   return __builtin___strncpy_chk (__dest, __src, __len,
	|          ~~~~~~~~~~~~~~~~~~~~~~~~^~~~~~~~~~~~~~~~~~~~~~
	96 |                                   __glibc_objsize (__dest));
	|                                   ~~~~~~~~~~~~~~~~~~~~~~~~~
	compiling  ActionVolume.cpp
	compiling  AlphaBeta.cpp
	compiling  Angles.cpp
	compiling  AtomValuePack.cpp
	compiling  Bridge.cpp
	compiling  BridgedMultiColvarFunction.cpp
	compiling  CatomPack.cpp
	compiling  CenterOfMultiColvar.cpp
	compiling  CoordinationNumbers.cpp
	compiling  Density.cpp
	compiling  DihedralCorrelation.cpp
	compiling  DistanceFromContour.cpp
	In file included from tools/../../tools/RootFindingBase.h:26,
	from tools/RootFindingBase.h:1,
	from DistanceFromContour.cpp:26:
	tools/../../tools/Brent1DRootSearch.h: In member function 'void PLMD::RootFindingBase<FCLASS>::lsearch(const std::vector<double>&, std::vector<double>&, PLMD::RootFindingBase<FCLASS>::engfnc_pointer) const [with FCLASS = PLMD::multicolvar::DistanceFromContour]':
	tools/../../tools/Brent1DRootSearch.h:127:23: warning: 'e' may be used uninitialized in this function [-Wmaybe-uninitialized]
	127 |       min2=std::fabs(e*q);
	|                      ~^~
	tools/../../tools/Brent1DRootSearch.h:91:20: note: 'e' was declared here
	91 |   double cx=bx, d, e, min1, min2, fc=fb, p, q, r, s, tol1, xm;
	|                    ^
	compiling  Distances.cpp
	compiling  DumpMultiColvar.cpp
	compiling  FilterBetween.cpp
	compiling  FilterLessThan.cpp
	compiling  FilterMoreThan.cpp
	compiling  InPlaneDistances.cpp
	compiling  LocalAverage.cpp
	compiling  MultiColvarBase.cpp
	MultiColvarBase.cpp: In member function 'void PLMD::multicolvar::MultiColvarBase::setupActiveTaskSet(std::vector<unsigned int>&, const string&)':
	MultiColvarBase.cpp:1016:34: warning: comparison of integer expressions of different signedness: 'unsigned int' and 'int' [-Wsign-compare]
	1016 |         if( atom_lab[itask].first==input_code ) {
	compiling  MultiColvarCombine.cpp
	compiling  MultiColvarDensity.cpp
	compiling  MultiColvarFilter.cpp
	compiling  MultiColvarProduct.cpp
	compiling  NumberOfLinks.cpp
	compiling  Torsions.cpp
	compiling  VolumeAround.cpp
	compiling  VolumeBetweenContours.cpp
	compiling  VolumeCavity.cpp
	compiling  VolumeGradientBase.cpp
	compiling  VolumeInCylinder.cpp
	compiling  VolumeInSphere.cpp
	compiling  VolumeTetrapore.cpp
	compiling  XAngle.cpp
	compiling  XDistances.cpp
	compiling  XYDistances.cpp
	compiling  XYTorsion.cpp
	compiling  ECVcustom.cpp
	compiling  ECVlinear.cpp
	compiling  ECVmultiThermal.cpp
	compiling  ECVmultiThermalBaric.cpp
	compiling  ECVumbrellasFile.cpp
	compiling  ECVumbrellasLine.cpp
	compiling  ExpansionCVs.cpp
	compiling  OPESexpanded.cpp
	compiling  OPESmetad.cpp
	compiling  HBPammHydrogens.cpp
	compiling  HBPammMatrix.cpp
	compiling  HBPammObject.cpp
	compiling  PAMM.cpp
	compiling  PammObject.cpp
	compiling  PIV.cpp
	PIV.cpp: In member function 'virtual void PLMD::piv::PIV::calculate()':
	PIV.cpp:1054:34: warning: comparison of integer expressions of different signedness: 'unsigned int' and '__gnu_cxx::__alloc_traits<std::allocator<int>, int>::value_type' {aka 'int'} [-Wsign-compare]
	1054 |               for(unsigned m=0; m<OrdVecAll[i+l*Nprec]; m++) {
	PIV.cpp:1068:32: warning: comparison of integer expressions of different signedness: 'unsigned int' and '__gnu_cxx::__alloc_traits<std::allocator<int>, int>::value_type' {aka 'int'} [-Wsign-compare]
	1068 |             for(unsigned m=0; m<OrdVec[i]; m++) {
	PIV.cpp: In constructor 'PLMD::piv::PIV::PIV(const PLMD::ActionOptions&)':
	PIV.cpp:482:22: warning: 'Pind' may be used uninitialized in this function [-Wmaybe-uninitialized]
	482 |         if(Pind0[Pind]==0) {
	|                      ^
	PIV.cpp:497:51: warning: 'oind' may be used uninitialized in this function [-Wmaybe-uninitialized]
	497 |       gname=mypdb.getResidueName(comatm[Pind0[oind]-1][0]);
	|                                                   ^
	PIV.cpp: In constructor 'PLMD::piv::PIV::PIV(const PLMD::ActionOptions&)':
	PIV.cpp:482:22: warning: 'Pind' may be used uninitialized in this function [-Wmaybe-uninitialized]
	482 |         if(Pind0[Pind]==0) {
	|                      ^
	PIV.cpp:497:51: warning: 'oind' may be used uninitialized in this function [-Wmaybe-uninitialized]
	497 |       gname=mypdb.getResidueName(comatm[Pind0[oind]-1][0]);
	|                                                   ^
	compiling  PytorchModel.cpp
	compiling  ArgumentOnlyDistance.cpp
	compiling  DRMSD.cpp
	compiling  Direction.cpp
	compiling  DotProductDistance.cpp
	compiling  EuclideanDistance.cpp
	compiling  FakeFrame.cpp
	compiling  IntermolecularDRMSD.cpp
	compiling  IntramolecularDRMSD.cpp
	compiling  MahalanobisDistance.cpp
	compiling  MetricRegister.cpp
	compiling  MultiDomainRMSD.cpp
	compiling  NormalizedEuclideanDistance.cpp
	compiling  OptimalRMSD.cpp
	compiling  RMSDBase.cpp
	compiling  ReferenceArguments.cpp
	compiling  ReferenceAtoms.cpp
	compiling  ReferenceConfiguration.cpp
	compiling  ReferenceValuePack.cpp
	compiling  SimpleRMSD.cpp
	compiling  SingleDomainRMSD.cpp
	compiling  S2ContactModel.cpp
	compiling  Sasa.cpp
	compiling  sasa_HASEL.cpp
	sasa_HASEL.cpp: In constructor 'PLMD::sasa::SASA_HASEL::SASA_HASEL(const PLMD::ActionOptions&)':
	sasa_HASEL.cpp:139:12: warning: 'PLMD::sasa::SASA_HASEL::nl_update' will be initialized after [-Wreorder]
	139 |   unsigned nl_update;
	|            ^~~~~~~~~
	sasa_HASEL.cpp:136:10: warning:   'std::string PLMD::sasa::SASA_HASEL::DeltaGValues' [-Wreorder]
	136 |   string DeltaGValues;
	|          ^~~~~~~~~~~~
	sasa_HASEL.cpp:177:1: warning:   when initialized here [-Wreorder]
	177 | SASA_HASEL::SASA_HASEL(const ActionOptions&ao):
	| ^~~~~~~~~~
	sasa_HASEL.cpp:141:10: warning: 'PLMD::sasa::SASA_HASEL::Ti' will be initialized after [-Wreorder]
	141 |   double Ti;
	|          ^~
	sasa_HASEL.cpp:140:7: warning:   'int PLMD::sasa::SASA_HASEL::firstStepFlag' [-Wreorder]
	140 |   int firstStepFlag;
	|       ^~~~~~~~~~~~~
	sasa_HASEL.cpp:177:1: warning:   when initialized here [-Wreorder]
	177 | SASA_HASEL::SASA_HASEL(const ActionOptions&ao):
	| ^~~~~~~~~~
	compiling  sasa_LCPO.cpp
	sasa_LCPO.cpp: In constructor 'PLMD::sasa::SASA_LCPO::SASA_LCPO(const PLMD::ActionOptions&)':
	sasa_LCPO.cpp:140:10: warning: 'PLMD::sasa::SASA_LCPO::Ti' will be initialized after [-Wreorder]
	140 |   double Ti;
	|          ^~
	sasa_LCPO.cpp:137:12: warning:   'unsigned int PLMD::sasa::SASA_LCPO::stride' [-Wreorder]
	137 |   unsigned stride;
	|            ^~~~~~
	sasa_LCPO.cpp:175:1: warning:   when initialized here [-Wreorder]
	175 | SASA_LCPO::SASA_LCPO(const ActionOptions&ao):
	| ^~~~~~~~~
	compiling  AlphaRMSD.cpp
	compiling  AntibetaRMSD.cpp
	compiling  ParabetaRMSD.cpp
	compiling  SecondaryStructureRMSD.cpp
	compiling  Load.cpp
	compiling  Restart.cpp
	compiling  Units.cpp
	compiling  Angle.cpp
	compiling  AtomNumber.cpp
	compiling  BiasRepresentation.cpp
	compiling  Brent1DRootSearch.cpp
	compiling  Citations.cpp
	compiling  Communicator.cpp
	compiling  ConjugateGradient.cpp
	compiling  DLLoader.cpp
	compiling  DynamicList.cpp
	compiling  ERMSD.cpp
	compiling  Exception.cpp
	compiling  FileBase.cpp
	compiling  ForwardDecl.cpp
	compiling  Grid.cpp
	In file included from RootFindingBase.h:26,
	from Grid.cpp:29:
	Brent1DRootSearch.h: In member function 'void PLMD::Grid::findSetOfPointsOnContour(const double&, const std::vector<bool>&, unsigned int&, std::vector<std::vector<double> >&)':
	Brent1DRootSearch.h:127:23: warning: 'e' may be used uninitialized in this function [-Wmaybe-uninitialized]
	127 |       min2=std::fabs(e*q);
	|                      ~^~
	Brent1DRootSearch.h:91:20: note: 'e' was declared here
	91 |   double cx=bx, d, e, min1, min2, fc=fb, p, q, r, s, tol1, xm;
	|                    ^
	compiling  HistogramBead.cpp
	compiling  IFile.cpp
	compiling  KernelFunctions.cpp
	compiling  Keywords.cpp
	compiling  LatticeReduction.cpp
	compiling  LinkCells.cpp
	compiling  Log.cpp
	compiling  LoopUnroller.cpp
	compiling  Matrix.cpp
	compiling  MatrixSquareBracketsAccess.cpp
	compiling  Minimise1DBrent.cpp
	compiling  MinimiseBase.cpp
	compiling  MolDataClass.cpp
	compiling  MultiValue.cpp
	compiling  NeighborList.cpp
	NeighborList.cpp: In member function 'void PLMD::NeighborList::update(const std::vector<PLMD::VectorGeneric<3> >&)':
	NeighborList.cpp:165:22: warning: comparison of integer expressions of different signedness: 'unsigned int' and 'int' [-Wsign-compare]
	165 |   for(unsigned i=0; i<tot_size/2; i++) {
	|                     ~^~~~~~~~~~~
	compiling  OFile.cpp
	compiling  OpenMP.cpp
	compiling  PDB.cpp
	compiling  Pbc.cpp
	compiling  PlumedHandle.cpp
	compiling  RMSD.cpp
	compiling  Random.cpp
	compiling  RootFindingBase.cpp
	compiling  Stopwatch.cpp
	compiling  Subprocess.cpp
	compiling  SwitchingFunction.cpp
	compiling  Tensor.cpp
	compiling  Tools.cpp
	compiling  Torsion.cpp
	compiling  Tree.cpp
	compiling  TypesafePtr.cpp
	compiling  Units.cpp
	compiling  Vector.cpp
	compiling  h36.cpp
	h36.cpp: In function 'const char* PLMD::h36::decode_pure(const int*, unsigned int, const char*, unsigned int, int*)':
	h36.cpp:169:24: warning: comparison of integer expressions of different signedness: 'int' and 'unsigned int' [-Wsign-compare]
	169 |       if (dv < 0 || dv >= digits_size) {
	|                     ~~~^~~~~~~~~~~~~~
	compiling  ActionWithVirtualAtom.cpp
	compiling  Center.cpp
	compiling  FixedAtom.cpp
	compiling  Ghost.cpp
	compiling  BF_Chebyshev.cpp
	compiling  BF_Combined.cpp
	compiling  BF_Cosine.cpp
	compiling  BF_CubicBsplines.cpp
	compiling  BF_Custom.cpp
	compiling  BF_Fourier.cpp
	compiling  BF_Gaussians.cpp
	compiling  BF_Legendre.cpp
	compiling  BF_Powers.cpp
	compiling  BF_Sine.cpp
	compiling  BF_Wavelets.cpp
	compiling  BasisFunctions.cpp
	compiling  CoeffsBase.cpp
	compiling  CoeffsMatrix.cpp
	compiling  CoeffsVector.cpp
	compiling  FermiSwitchingFunction.cpp
	compiling  GridIntegrationWeights.cpp
	compiling  GridLinearInterpolation.cpp
	compiling  GridProjWeights.cpp
	compiling  LinearBasisSetExpansion.cpp
	compiling  MD_LinearExpansionPES.cpp
	compiling  Opt_Adam.cpp
	compiling  Opt_BachAveragedSGD.cpp
	compiling  Opt_Dummy.cpp
	compiling  Opt_RobbinsMonroSGD.cpp
	compiling  Optimizer.cpp
	compiling  OutputBasisFunctions.cpp
	compiling  OutputFesBias.cpp
	compiling  OutputTargetDistribution.cpp
	compiling  TD_Chi.cpp
	compiling  TD_ChiSquared.cpp
	compiling  TD_Custom.cpp
	compiling  TD_Exponential.cpp
	compiling  TD_ExponentiallyModifiedGaussian.cpp
	compiling  TD_Gaussian.cpp
	compiling  TD_GeneralizedExtremeValue.cpp
	compiling  TD_GeneralizedNormal.cpp
	compiling  TD_Grid.cpp
	compiling  TD_LinearCombination.cpp
	compiling  TD_Multicanonical.cpp
	TD_Multicanonical.cpp: In member function 'virtual void PLMD::ves::TD_Multicanonical::updateGrid()':
	TD_Multicanonical.cpp:435:29: warning: comparison of integer expressions of different signedness: '__gnu_cxx::__alloc_traits<std::allocator<int>, int>::value_type' {aka 'int'} and '__gnu_cxx::__alloc_traits<std::allocator<unsigned int>, unsigned int>::value_type' {aka 'unsigned int'} [-Wsign-compare]
	435 |               if (minBin[0] > (nbin[0]-1)) {
	TD_Multicanonical.cpp:439:29: warning: comparison of integer expressions of different signedness: '__gnu_cxx::__alloc_traits<std::allocator<int>, int>::value_type' {aka 'int'} and '__gnu_cxx::__alloc_traits<std::allocator<unsigned int>, unsigned int>::value_type' {aka 'unsigned int'} [-Wsign-compare]
	439 |               if (maxBin[0] > (nbin[0]-1)) {
	TD_Multicanonical.cpp:447:29: warning: comparison of integer expressions of different signedness: '__gnu_cxx::__alloc_traits<std::allocator<int>, int>::value_type' {aka 'int'} and '__gnu_cxx::__alloc_traits<std::allocator<unsigned int>, unsigned int>::value_type' {aka 'unsigned int'} [-Wsign-compare]
	447 |               if (minBin[1] > (nbin[1]-1)) {
	TD_Multicanonical.cpp:451:29: warning: comparison of integer expressions of different signedness: '__gnu_cxx::__alloc_traits<std::allocator<int>, int>::value_type' {aka 'int'} and '__gnu_cxx::__alloc_traits<std::allocator<unsigned int>, unsigned int>::value_type' {aka 'unsigned int'} [-Wsign-compare]
	451 |               if (maxBin[1] > (nbin[1]-1)) {
	TD_Multicanonical.cpp:454:42: warning: comparison of integer expressions of different signedness: 'unsigned int' and '__gnu_cxx::__alloc_traits<std::allocator<int>, int>::value_type' {aka 'int'} [-Wsign-compare]
	454 |               for(unsigned l=minBin[0]; l<maxBin[0]+1; l++) {
	|                                         ~^~~~~~~~~~~~
	TD_Multicanonical.cpp:455:44: warning: comparison of integer expressions of different signedness: 'unsigned int' and '__gnu_cxx::__alloc_traits<std::allocator<int>, int>::value_type' {aka 'int'} [-Wsign-compare]
	455 |                 for(unsigned m=minBin[1]; m<maxBin[1]+1; m++) {
	|                                           ~^~~~~~~~~~~~
	compiling  TD_MultithermalMultibaric.cpp
	TD_MultithermalMultibaric.cpp: In member function 'virtual void PLMD::ves::TD_MultithermalMultibaric::updateGrid()':
	TD_MultithermalMultibaric.cpp:395:27: warning: comparison of integer expressions of different signedness: '__gnu_cxx::__alloc_traits<std::allocator<int>, int>::value_type' {aka 'int'} and '__gnu_cxx::__alloc_traits<std::allocator<unsigned int>, unsigned int>::value_type' {aka 'unsigned int'} [-Wsign-compare]
	395 |             if (minBin[k] > (nbin[k]-1)) {
	TD_MultithermalMultibaric.cpp:399:27: warning: comparison of integer expressions of different signedness: '__gnu_cxx::__alloc_traits<std::allocator<int>, int>::value_type' {aka 'int'} and '__gnu_cxx::__alloc_traits<std::allocator<unsigned int>, unsigned int>::value_type' {aka 'unsigned int'} [-Wsign-compare]
	399 |             if (maxBin[k] > (nbin[k]-1)) {
	TD_MultithermalMultibaric.cpp:404:40: warning: comparison of integer expressions of different signedness: 'unsigned int' and '__gnu_cxx::__alloc_traits<std::allocator<int>, int>::value_type' {aka 'int'} [-Wsign-compare]
	404 |             for(unsigned l=minBin[0]; l<maxBin[0]+1; l++) {
	|                                       ~^~~~~~~~~~~~
	TD_MultithermalMultibaric.cpp:405:42: warning: comparison of integer expressions of different signedness: 'unsigned int' and '__gnu_cxx::__alloc_traits<std::allocator<int>, int>::value_type' {aka 'int'} [-Wsign-compare]
	405 |               for(unsigned m=minBin[1]; m<maxBin[1]+1; m++) {
	|                                         ~^~~~~~~~~~~~
	TD_MultithermalMultibaric.cpp:423:40: warning: comparison of integer expressions of different signedness: 'unsigned int' and '__gnu_cxx::__alloc_traits<std::allocator<int>, int>::value_type' {aka 'int'} [-Wsign-compare]
	423 |             for(unsigned l=minBin[0]; l<maxBin[0]+1; l++) {
	|                                       ~^~~~~~~~~~~~
	TD_MultithermalMultibaric.cpp:424:42: warning: comparison of integer expressions of different signedness: 'unsigned int' and '__gnu_cxx::__alloc_traits<std::allocator<int>, int>::value_type' {aka 'int'} [-Wsign-compare]
	424 |               for(unsigned m=minBin[1]; m<maxBin[1]+1; m++) {
	|                                         ~^~~~~~~~~~~~
	TD_MultithermalMultibaric.cpp:425:44: warning: comparison of integer expressions of different signedness: 'unsigned int' and '__gnu_cxx::__alloc_traits<std::allocator<int>, int>::value_type' {aka 'int'} [-Wsign-compare]
	425 |                 for(unsigned n=minBin[2]; n<maxBin[2]+1; n++) {
	|                                           ~^~~~~~~~~~~~
	compiling  TD_ProductCombination.cpp
	compiling  TD_ProductDistribution.cpp
	compiling  TD_Uniform.cpp
	compiling  TD_VonMises.cpp
	compiling  TD_WellTempered.cpp
	compiling  TargetDistModifer.cpp
	compiling  TargetDistribution.cpp
	compiling  VesBias.cpp
	compiling  VesDeltaF.cpp
	compiling  VesLinearExpansion.cpp
	compiling  VesTools.cpp
	compiling  WaveletCoeffs.cpp
	compiling  WaveletGrid.cpp
	compiling  ActionWithAveraging.cpp
	compiling  ActionWithInputVessel.cpp
	compiling  ActionWithVessel.cpp
	compiling  AltMin.cpp
	compiling  AveragingVessel.cpp
	compiling  Between.cpp
	compiling  BridgeVessel.cpp
	compiling  FunctionVessel.cpp
	compiling  Highest.cpp
	compiling  Histogram.cpp
	compiling  LessThan.cpp
	compiling  Lowest.cpp
	compiling  Max.cpp
	compiling  Mean.cpp
	compiling  Min.cpp
	compiling  Moments.cpp
	compiling  MoreThan.cpp
	compiling  OrderingVessel.cpp
	compiling  ShortcutVessel.cpp
	compiling  StoreDataVessel.cpp
	compiling  Sum.cpp
	compiling  ValueVessel.cpp
	compiling  Vessel.cpp
	compiling  VesselRegister.cpp
	compiling  PlumedStatic.cpp
	compiling  Plumed.c
	compiling  xdrfile.cpp
	xdrfile.cpp:30:2: warning: "/*" within comment [-Wcomment]
	30 |  /* -*- mode: c; tab-width: 4; indent-tabs-mode: t; c-basic-offset: 4 -*-
	|
	In file included from xdrfile.cpp:85:
	xdrfile.h:32:2: warning: "/*" within comment [-Wcomment]
	32 |  /* -*- mode: c; tab-width: 4; indent-tabs-mode: t; c-basic-offset: 4 -*-
	|
	xdrfile.cpp: In function 'int PLMD::xdrfile::sizeofint(int)':
	xdrfile.cpp:529:17: warning: comparison of integer expressions of different signedness: 'int' and 'unsigned int' [-Wsign-compare]
	529 |     while (size >= num && num_of_bits < 32)
	|            ~~~~~^~~~~~
	xdrfile.cpp: In function 'int PLMD::xdrfile::sizeofints(int, unsigned int*)':
	xdrfile.cpp:575:32: warning: comparison of integer expressions of different signedness: 'unsigned int' and 'int' [-Wsign-compare]
	575 |     while (bytes[num_of_bytes] >= num)
	|            ~~~~~~~~~~~~~~~~~~~~^~~~~~
	xdrfile.cpp: In function 'void PLMD::xdrfile::encodeints(int*, int, int, unsigned int*, unsigned int*)':
	xdrfile.cpp:684:21: warning: comparison of integer expressions of different signedness: 'int' and 'unsigned int' [-Wsign-compare]
	684 |     if (num_of_bits >= num_of_bytes * 8)
	|         ~~~~~~~~~~~~^~~~~~~~~~~~~~~~~~~
	xdrfile.cpp:686:31: warning: comparison of integer expressions of different signedness: 'int' and 'unsigned int' [-Wsign-compare]
	686 |                 for (i = 0; i < num_of_bytes; i++)
	|                             ~~^~~~~~~~~~~~~~
	xdrfile.cpp:694:31: warning: comparison of integer expressions of different signedness: 'int' and 'unsigned int' [-Wsign-compare]
	694 |                 for (i = 0; i < num_of_bytes-1; i++)
	|                             ~~^~~~~~~~~~~~~~~~
	xdrfile.cpp: In function 'int PLMD::xdrfile::decodebits(int*, int)':
	xdrfile.cpp:734:30: warning: comparison of integer expressions of different signedness: 'unsigned int' and 'int' [-Wsign-compare]
	734 |                 if (lastbits < num_of_bits)
	|                     ~~~~~~~~~^~~~~~~~~~~~~
	xdrfile.cpp: In function 'int PLMD::xdrfile::xdrfile_decompress_coord_float(float*, int*, float*, PLMD::xdrfile::XDRFILE*)':
	xdrfile.cpp:844:17: warning: comparison of integer expressions of different signedness: 'unsigned int' and 'int' [-Wsign-compare]
	844 |         if(size3>xfp->buf1size)
	|            ~~~~~^~~~~~~~~~~~~~
	xdrfile.cpp:896:26: warning: comparison of integer expressions of different signedness: 'long unsigned int' and 'int' [-Wsign-compare]
	896 |         maxidx = (LASTIDX<tmp) ? LASTIDX : tmp;
	|                          ^
	xdrfile.cpp:819:23: warning: variable 'minidx' set but not used [-Wunused-but-set-variable]
	819 |         int smallidx, minidx, maxidx;
	|                       ^~~~~~
	xdrfile.cpp:822:32: warning: variable 'larger' set but not used [-Wunused-but-set-variable]
	822 |         int smallnum, smaller, larger, i, is_smaller, run;
	|                                ^~~~~~
	xdrfile.cpp: In function 'int PLMD::xdrfile::xdrfile_compress_coord_float(float*, int, float, PLMD::xdrfile::XDRFILE*)':
	xdrfile.cpp:1040:17: warning: comparison of integer expressions of different signedness: 'unsigned int' and 'int' [-Wsign-compare]
	1040 |         if(size3>xfp->buf1size)
	|            ~~~~~^~~~~~~~~~~~~~
	xdrfile.cpp:1163:25: warning: comparison of integer expressions of different signedness: 'int' and 'long unsigned int' [-Wsign-compare]
	1163 |         while (smallidx < LASTIDX && magicints[smallidx] < mindiff)
	|                         ^
	xdrfile.cpp:1169:26: warning: comparison of integer expressions of different signedness: 'long unsigned int' and 'int' [-Wsign-compare]
	1169 |         maxidx = (LASTIDX<tmp) ? LASTIDX : tmp;
	|                          ^
	xdrfile.cpp:1301:15: warning: comparison of integer expressions of different signedness: 'int' and 'unsigned int' [-Wsign-compare]
	1301 |         if(tmp==(unsigned int)buf2[0])
	|            ~~~^~~~~~~~~~~~~~~~~~~~~~~
	xdrfile.cpp:1029:13: warning: variable 'errval' set but not used [-Wunused-but-set-variable]
	1029 |         int errval=1;
	|             ^~~~~~
	xdrfile.cpp: In function 'int PLMD::xdrfile::xdrfile_decompress_coord_double(double*, int*, double*, PLMD::xdrfile::XDRFILE*)':
	xdrfile.cpp:1341:17: warning: comparison of integer expressions of different signedness: 'unsigned int' and 'int' [-Wsign-compare]
	1341 |         if(size3>xfp->buf1size)
	|            ~~~~~^~~~~~~~~~~~~~
	xdrfile.cpp:1396:26: warning: comparison of integer expressions of different signedness: 'long unsigned int' and 'int' [-Wsign-compare]
	1396 |         maxidx = (LASTIDX<tmp) ? LASTIDX : tmp;
	|                          ^
	xdrfile.cpp:1315:23: warning: variable 'minidx' set but not used [-Wunused-but-set-variable]
	1315 |         int smallidx, minidx, maxidx;
	|                       ^~~~~~
	xdrfile.cpp:1318:32: warning: variable 'larger' set but not used [-Wunused-but-set-variable]
	1318 |         int smallnum, smaller, larger, i, is_smaller, run;
	|                                ^~~~~~
	xdrfile.cpp: In function 'int PLMD::xdrfile::xdrfile_compress_coord_double(double*, int, double, PLMD::xdrfile::XDRFILE*)':
	xdrfile.cpp:1532:17: warning: comparison of integer expressions of different signedness: 'unsigned int' and 'int' [-Wsign-compare]
	1532 |         if(size3>xfp->buf1size) {
	|            ~~~~~^~~~~~~~~~~~~~
	xdrfile.cpp:1647:25: warning: comparison of integer expressions of different signedness: 'int' and 'long unsigned int' [-Wsign-compare]
	1647 |         while (smallidx < LASTIDX && magicints[smallidx] < mindiff) {
	|                         ^
	xdrfile.cpp:1652:26: warning: comparison of integer expressions of different signedness: 'long unsigned int' and 'int' [-Wsign-compare]
	1652 |         maxidx = (LASTIDX<tmp) ? LASTIDX : tmp;
	|                          ^
	xdrfile.cpp:1762:15: warning: comparison of integer expressions of different signedness: 'int' and 'unsigned int' [-Wsign-compare]
	1762 |         if(tmp==(unsigned int)buf2[0])
	|            ~~~^~~~~~~~~~~~~~~~~~~~~~~
	xdrfile.cpp:1522:13: warning: variable 'errval' set but not used [-Wunused-but-set-variable]
	1522 |         int errval=1;
	|             ^~~~~~
	xdrfile.cpp: In function 'int PLMD::xdrfile::xdrfile_write_string(char*, PLMD::xdrfile::XDRFILE*)':
	xdrfile.cpp:2389:9: warning: 'size' may be used uninitialized in this function [-Wmaybe-uninitialized]
	2389 |         if (size > maxsize)
	|         ^~
	xdrfile.cpp:2363:22: note: 'size' was declared here
	2363 |         unsigned int size;
	|                      ^~~~
	xdrfile.cpp: In function 'int PLMD::xdrfile::xdrfile_compress_coord_float(float*, int, float, PLMD::xdrfile::XDRFILE*)':
	xdrfile.cpp:1185:42: warning: 'prevcoord[2]' may be used uninitialized in this function [-Wmaybe-uninitialized]
	1185 |                         abs(thiscoord[2] - prevcoord[2]) < larger) {
	|                             ~~~~~~~~~~~~~^~~~~~~~~~~~~~
	xdrfile.cpp:1184:42: warning: 'prevcoord[1]' may be used uninitialized in this function [-Wmaybe-uninitialized]
	1184 |                         abs(thiscoord[1] - prevcoord[1]) < larger &&
	|                             ~~~~~~~~~~~~~^~~~~~~~~~~~~~
	xdrfile.cpp:1183:42: warning: 'prevcoord[0]' may be used uninitialized in this function [-Wmaybe-uninitialized]
	1183 |                         abs(thiscoord[0] - prevcoord[0]) < larger &&
	|                             ~~~~~~~~~~~~~^~~~~~~~~~~~~~
	xdrfile.cpp: In function 'int PLMD::xdrfile::xdrfile_compress_coord_double(double*, int, double, PLMD::xdrfile::XDRFILE*)':
	xdrfile.cpp:1667:42: warning: 'prevcoord[2]' may be used uninitialized in this function [-Wmaybe-uninitialized]
	1667 |                         abs(thiscoord[2] - prevcoord[2]) < larger) {
	|                             ~~~~~~~~~~~~~^~~~~~~~~~~~~~
	xdrfile.cpp:1666:42: warning: 'prevcoord[1]' may be used uninitialized in this function [-Wmaybe-uninitialized]
	1666 |                         abs(thiscoord[1] - prevcoord[1]) < larger &&
	|                             ~~~~~~~~~~~~~^~~~~~~~~~~~~~
	xdrfile.cpp:1665:42: warning: 'prevcoord[0]' may be used uninitialized in this function [-Wmaybe-uninitialized]
	1665 |                         abs(thiscoord[0] - prevcoord[0]) < larger &&
	|                             ~~~~~~~~~~~~~^~~~~~~~~~~~~~
	compiling  xdrfile_trr.cpp
	xdrfile_trr.cpp:30:2: warning: "/*" within comment [-Wcomment]
	30 |  /* -*- mode: c; tab-width: 4; indent-tabs-mode: t; c-basic-offset: 4 -*-
	|
	In file included from xdrfile_trr.cpp:66:
	xdrfile.h:32:2: warning: "/*" within comment [-Wcomment]
	32 |  /* -*- mode: c; tab-width: 4; indent-tabs-mode: t; c-basic-offset: 4 -*-
	|
	In file included from xdrfile_trr.cpp:67:
	xdrfile_trr.h:32:2: warning: "/*" within comment [-Wcomment]
	32 |  /* -*- mode: c; tab-width: 4; indent-tabs-mode: t; c-basic-offset: 4 -*-
	|
	xdrfile_trr.cpp: In function 'int PLMD::xdrfile::do_trnheader(PLMD::xdrfile::XDRFILE*, PLMD::xdrfile::mybool, PLMD::xdrfile::t_trnheader*)':
	xdrfile_trr.cpp:136:18: warning: comparison of integer expressions of different signedness: 'int' and 'size_t' {aka 'long unsigned int'} [-Wsign-compare]
	136 |         if (slen != strlen(version)+1)
	|             ~~~~~^~~~~~~~~~~~~~~~~~~~
	xdrfile_trr.cpp:146:65: warning: comparison of integer expressions of different signedness: 'int' and 'size_t' {aka 'long unsigned int'} [-Wsign-compare]
	146 |         if (xdrfile_write_string(const_cast<char*>(version),xd) != (strlen(version)+1) )
	|             ~~~~~~~~~~~~~~~~~~~~~~~~~~~~~~~~~~~~~~~~~~~~~~~~~~~~^~~~~~~~~~~~~~~~~~~~~~
	compiling  xdrfile_xtc.cpp
	In file included from xdrfile_xtc.cpp:56:
	xdrfile.h:32:2: warning: "/*" within comment [-Wcomment]
	32 |  /* -*- mode: c; tab-width: 4; indent-tabs-mode: t; c-basic-offset: 4 -*-
	|
	In file included from xdrfile_xtc.cpp:57:
	xdrfile_xtc.h:32:2: warning: "/*" within comment [-Wcomment]
	32 |  /* -*- mode: c; tab-width: 4; indent-tabs-mode: t; c-basic-offset: 4 -*-
	|
	xdrfile_xtc.cpp: In function 'int PLMD::xdrfile::xtc_coord(PLMD::xdrfile::XDRFILE*, int*, float (*)[3], float (*)[3], float*, PLMD::xdrfile::mybool)':
	xdrfile_xtc.cpp:94:13: warning: unused variable 'i' [-Wunused-variable]
	94 |         int i,j,result;
	|             ^
	xdrfile_xtc.cpp:94:15: warning: unused variable 'j' [-Wunused-variable]
	94 |         int i,j,result;
	|               ^
	Building Plumed.inc
	Building Plumed.inc, static version
	Building Plumed.cmake
	Building Plumed.cmake, static version
	Building Plumed.inc, runtime-linking version
	Building Plumed.inc, shared version
	Building Plumed.cmake, runtime-linking version
	Building Plumed.cmake, shared version
	*** Updating links to used modules in all directories ***
	Verify modules and create links in /opt/my_lammps/build/plumed_build-prefix/src/plumed_build/src/adjmat
	Verify modules and create links in /opt/my_lammps/build/plumed_build-prefix/src/plumed_build/src/analysis
	Verify modules and create links in /opt/my_lammps/build/plumed_build-prefix/src/plumed_build/src/annfunc
	Verify modules and create links in /opt/my_lammps/build/plumed_build-prefix/src/plumed_build/src/asmjit
	Verify modules and create links in /opt/my_lammps/build/plumed_build-prefix/src/plumed_build/src/bias
	Verify modules and create links in /opt/my_lammps/build/plumed_build-prefix/src/plumed_build/src/blas
	Verify modules and create links in /opt/my_lammps/build/plumed_build-prefix/src/plumed_build/src/cltools
	Verify modules and create links in /opt/my_lammps/build/plumed_build-prefix/src/plumed_build/src/colvar
	Nothing to do in /opt/my_lammps/build/plumed_build-prefix/src/plumed_build/src/config
	Verify modules and create links in /opt/my_lammps/build/plumed_build-prefix/src/plumed_build/src/core
	Verify modules and create links in /opt/my_lammps/build/plumed_build-prefix/src/plumed_build/src/crystallization
	Verify modules and create links in /opt/my_lammps/build/plumed_build-prefix/src/plumed_build/src/dimred
	Verify modules and create links in /opt/my_lammps/build/plumed_build-prefix/src/plumed_build/src/drr
	Verify modules and create links in /opt/my_lammps/build/plumed_build-prefix/src/plumed_build/src/eds
	Verify modules and create links in /opt/my_lammps/build/plumed_build-prefix/src/plumed_build/src/fisst
	Verify modules and create links in /opt/my_lammps/build/plumed_build-prefix/src/plumed_build/src/function
	Verify modules and create links in /opt/my_lammps/build/plumed_build-prefix/src/plumed_build/src/funnel
	Verify modules and create links in /opt/my_lammps/build/plumed_build-prefix/src/plumed_build/src/generic
	Verify modules and create links in /opt/my_lammps/build/plumed_build-prefix/src/plumed_build/src/gridtools
	Verify modules and create links in /opt/my_lammps/build/plumed_build-prefix/src/plumed_build/src/isdb
	Verify modules and create links in /opt/my_lammps/build/plumed_build-prefix/src/plumed_build/src/lapack
	Verify modules and create links in /opt/my_lammps/build/plumed_build-prefix/src/plumed_build/src/lepton
	Verify modules and create links in /opt/my_lammps/build/plumed_build-prefix/src/plumed_build/src/logmfd
	Verify modules and create links in /opt/my_lammps/build/plumed_build-prefix/src/plumed_build/src/main
	Verify modules and create links in /opt/my_lammps/build/plumed_build-prefix/src/plumed_build/src/manyrestraints
	Verify modules and create links in /opt/my_lammps/build/plumed_build-prefix/src/plumed_build/src/mapping
	Verify modules and create links in /opt/my_lammps/build/plumed_build-prefix/src/plumed_build/src/maze
	Verify modules and create links in /opt/my_lammps/build/plumed_build-prefix/src/plumed_build/src/membranefusion
	Verify modules and create links in /opt/my_lammps/build/plumed_build-prefix/src/plumed_build/src/molfile
	Verify modules and create links in /opt/my_lammps/build/plumed_build-prefix/src/plumed_build/src/multicolvar
	Verify modules and create links in /opt/my_lammps/build/plumed_build-prefix/src/plumed_build/src/opes
	Verify modules and create links in /opt/my_lammps/build/plumed_build-prefix/src/plumed_build/src/pamm
	Verify modules and create links in /opt/my_lammps/build/plumed_build-prefix/src/plumed_build/src/piv
	Verify modules and create links in /opt/my_lammps/build/plumed_build-prefix/src/plumed_build/src/pytorch
	Verify modules and create links in /opt/my_lammps/build/plumed_build-prefix/src/plumed_build/src/reference
	Verify modules and create links in /opt/my_lammps/build/plumed_build-prefix/src/plumed_build/src/s2cm
	Verify modules and create links in /opt/my_lammps/build/plumed_build-prefix/src/plumed_build/src/sasa
	Verify modules and create links in /opt/my_lammps/build/plumed_build-prefix/src/plumed_build/src/secondarystructure
	Verify modules and create links in /opt/my_lammps/build/plumed_build-prefix/src/plumed_build/src/setup
	Verify modules and create links in /opt/my_lammps/build/plumed_build-prefix/src/plumed_build/src/tools
	Verify modules and create links in /opt/my_lammps/build/plumed_build-prefix/src/plumed_build/src/vatom
	Verify modules and create links in /opt/my_lammps/build/plumed_build-prefix/src/plumed_build/src/ves
	Verify modules and create links in /opt/my_lammps/build/plumed_build-prefix/src/plumed_build/src/vesselbase
	Nothing to do in /opt/my_lammps/build/plumed_build-prefix/src/plumed_build/src/wrapper
	Verify modules and create links in /opt/my_lammps/build/plumed_build-prefix/src/plumed_build/src/xdrfile
	*** Compiling all directories ***
	Updating ConfigInstall.inc
	Updating Config.inc
	Updating version.h
	Building Plumed.inc
	Building Plumed.inc, static version
	Building Plumed.cmake
	Building Plumed.cmake, static version
	Building Plumed.inc, runtime-linking version
	Building Plumed.inc, shared version
	Building Plumed.cmake, runtime-linking version
	Building Plumed.cmake, shared version
	Python support was not configured
	Could not find jq executable so unable to test if syntax.json is valid json. Consider running sudo apt-get install jq
	[  8%] Performing install step for 'plumed_build'
	Updating ConfigInstall.inc
	Updating Config.inc
	Updating version.h
	*** Updating links to used modules in all directories ***
	Verify modules and create links in /opt/my_lammps/build/plumed_build-prefix/src/plumed_build/src/adjmat
	Verify modules and create links in /opt/my_lammps/build/plumed_build-prefix/src/plumed_build/src/analysis
	Verify modules and create links in /opt/my_lammps/build/plumed_build-prefix/src/plumed_build/src/annfunc
	Verify modules and create links in /opt/my_lammps/build/plumed_build-prefix/src/plumed_build/src/asmjit
	Verify modules and create links in /opt/my_lammps/build/plumed_build-prefix/src/plumed_build/src/bias
	Verify modules and create links in /opt/my_lammps/build/plumed_build-prefix/src/plumed_build/src/blas
	Verify modules and create links in /opt/my_lammps/build/plumed_build-prefix/src/plumed_build/src/cltools
	Verify modules and create links in /opt/my_lammps/build/plumed_build-prefix/src/plumed_build/src/colvar
	Nothing to do in /opt/my_lammps/build/plumed_build-prefix/src/plumed_build/src/config
	Verify modules and create links in /opt/my_lammps/build/plumed_build-prefix/src/plumed_build/src/core
	Verify modules and create links in /opt/my_lammps/build/plumed_build-prefix/src/plumed_build/src/crystallization
	Verify modules and create links in /opt/my_lammps/build/plumed_build-prefix/src/plumed_build/src/dimred
	Verify modules and create links in /opt/my_lammps/build/plumed_build-prefix/src/plumed_build/src/drr
	Verify modules and create links in /opt/my_lammps/build/plumed_build-prefix/src/plumed_build/src/eds
	Verify modules and create links in /opt/my_lammps/build/plumed_build-prefix/src/plumed_build/src/fisst
	Verify modules and create links in /opt/my_lammps/build/plumed_build-prefix/src/plumed_build/src/function
	Verify modules and create links in /opt/my_lammps/build/plumed_build-prefix/src/plumed_build/src/funnel
	Verify modules and create links in /opt/my_lammps/build/plumed_build-prefix/src/plumed_build/src/generic
	Verify modules and create links in /opt/my_lammps/build/plumed_build-prefix/src/plumed_build/src/gridtools
	Verify modules and create links in /opt/my_lammps/build/plumed_build-prefix/src/plumed_build/src/isdb
	Verify modules and create links in /opt/my_lammps/build/plumed_build-prefix/src/plumed_build/src/lapack
	Verify modules and create links in /opt/my_lammps/build/plumed_build-prefix/src/plumed_build/src/lepton
	Verify modules and create links in /opt/my_lammps/build/plumed_build-prefix/src/plumed_build/src/logmfd
	Verify modules and create links in /opt/my_lammps/build/plumed_build-prefix/src/plumed_build/src/main
	Verify modules and create links in /opt/my_lammps/build/plumed_build-prefix/src/plumed_build/src/manyrestraints
	Verify modules and create links in /opt/my_lammps/build/plumed_build-prefix/src/plumed_build/src/mapping
	Verify modules and create links in /opt/my_lammps/build/plumed_build-prefix/src/plumed_build/src/maze
	Verify modules and create links in /opt/my_lammps/build/plumed_build-prefix/src/plumed_build/src/membranefusion
	Verify modules and create links in /opt/my_lammps/build/plumed_build-prefix/src/plumed_build/src/molfile
	Verify modules and create links in /opt/my_lammps/build/plumed_build-prefix/src/plumed_build/src/multicolvar
	Verify modules and create links in /opt/my_lammps/build/plumed_build-prefix/src/plumed_build/src/opes
	Verify modules and create links in /opt/my_lammps/build/plumed_build-prefix/src/plumed_build/src/pamm
	Verify modules and create links in /opt/my_lammps/build/plumed_build-prefix/src/plumed_build/src/piv
	Verify modules and create links in /opt/my_lammps/build/plumed_build-prefix/src/plumed_build/src/pytorch
	Verify modules and create links in /opt/my_lammps/build/plumed_build-prefix/src/plumed_build/src/reference
	Verify modules and create links in /opt/my_lammps/build/plumed_build-prefix/src/plumed_build/src/s2cm
	Verify modules and create links in /opt/my_lammps/build/plumed_build-prefix/src/plumed_build/src/sasa
	Verify modules and create links in /opt/my_lammps/build/plumed_build-prefix/src/plumed_build/src/secondarystructure
	Verify modules and create links in /opt/my_lammps/build/plumed_build-prefix/src/plumed_build/src/setup
	Verify modules and create links in /opt/my_lammps/build/plumed_build-prefix/src/plumed_build/src/tools
	Verify modules and create links in /opt/my_lammps/build/plumed_build-prefix/src/plumed_build/src/vatom
	Verify modules and create links in /opt/my_lammps/build/plumed_build-prefix/src/plumed_build/src/ves
	Verify modules and create links in /opt/my_lammps/build/plumed_build-prefix/src/plumed_build/src/vesselbase
	Nothing to do in /opt/my_lammps/build/plumed_build-prefix/src/plumed_build/src/wrapper
	Verify modules and create links in /opt/my_lammps/build/plumed_build-prefix/src/plumed_build/src/xdrfile
	*** Compiling all directories ***
	Updating ConfigInstall.inc
	Updating Config.inc
	Updating version.h
	Building Plumed.inc
	Building Plumed.inc, static version
	Building Plumed.cmake
	Building Plumed.cmake, static version
	Building Plumed.inc, runtime-linking version
	Building Plumed.inc, shared version
	Building Plumed.cmake, runtime-linking version
	Building Plumed.cmake, shared version
	
	*** PLUMED has been installed ***
	
	Install prefix : /opt/my_lammps/build/plumed_build-prefix
	Full name      : plumed
	
	Setup your environment
	- Ensure this is in your execution path         : /opt/my_lammps/build/plumed_build-prefix/bin
	- Ensure this is in your include path           : /opt/my_lammps/build/plumed_build-prefix/include
	- Ensure this is in your library path           : /opt/my_lammps/build/plumed_build-prefix/lib
	- Ensure this is in your PKG_CONFIG_PATH path   : /opt/my_lammps/build/plumed_build-prefix/lib/pkgconfig
	For runtime binding:
	- Set this environment variable                 : PLUMED_KERNEL=/opt/my_lammps/build/plumed_build-prefix/lib/libplumedKernel.so
	
	To create a tcl module that sets all the variables above, use this one as a starting point:
	/opt/my_lammps/build/plumed_build-prefix/lib/plumed/modulefile
	
	To uninstall, remove the following files and directories:
	/opt/my_lammps/build/plumed_build-prefix/lib/plumed
	/opt/my_lammps/build/plumed_build-prefix/share/doc/plumed
	/opt/my_lammps/build/plumed_build-prefix/include/plumed
	/opt/my_lammps/build/plumed_build-prefix/bin/plumed
	/opt/my_lammps/build/plumed_build-prefix/bin/plumed-patch
	/opt/my_lammps/build/plumed_build-prefix/bin/plumed-config
	/opt/my_lammps/build/plumed_build-prefix/lib/pkgconfig/plumed.pc
	/opt/my_lammps/build/plumed_build-prefix/lib/libplumed.so
	/opt/my_lammps/build/plumed_build-prefix/lib/libplumedKernel.so
	A vim plugin can be found here: /opt/my_lammps/build/plumed_build-prefix/lib/plumed/vim/
	Copy it to /root/.vim/ directory
	Alternatively:
	- Set this environment variable         : PLUMED_VIMPATH=/opt/my_lammps/build/plumed_build-prefix/lib/plumed/vim
	- Add the command 'let &runtimepath.=','.$PLUMED_VIMPATH' to your .vimrc file
	From vim, you can use :set syntax=plumed to enable it
	[  9%] Completed 'plumed_build'
	[  9%] Built target plumed_build
	[  9%] Creating directories for 'quip_build'
	[  9%] Performing download step (git clone) for 'quip_build'
	Cloning into 'quip_build'...
	remote: Enumerating objects: 3087, done.
	remote: Counting objects:   0% (1/3087)        
remote: Counting objects:   1% (31/3087)        
remote: Counting objects:   2% (62/3087)        
remote: Counting objects:   3% (93/3087)        
remote: Counting objects:   4% (124/3087)        
remote: Counting objects:   5% (155/3087)        
remote: Counting objects:   6% (186/3087)        
remote: Counting objects:   7% (217/3087)        
remote: Counting objects:   8% (247/3087)        
remote: Counting objects:   9% (278/3087)remote: Counting objects:  10% (309/3087)        
remote: Counting objects:  11% (340/3087)        
remote: Counting objects:  12% (371/3087)        
remote: Counting objects:  13% (402/3087)        
remote: Counting objects:  14% (433/3087)        
remote: Counting objects:  15% (464/3087)        
remote: Counting objects:  16% (494/3087)        
remote: Counting objects:  17% (525/3087)        
remote: Counting objects:  18% (556/3087)        
remote: Counting objects:  19% (587/3087)        
remote: Counting objects:  20% (618/3087)        
remote: Counting objects:  21% (649/3087)        
remote: Counting objects:  22% (680/3087)        
remote: Counting objects:  23% (711/3087)        
remote: Counting objects:  24% (741/3087)        
remote: Counting objects:  25% (772/3087)        
remote: Counting objects:  26% (803/3087)        
remote: Counting objects:  27% (834/3087)        
remote: Counting objects:  28% (865/3087)        
remote: Counting objects:  29% (896/3087)remote: Counting objects:  30% (927/3087)        
remote: Counting objects:  31% (957/3087)remote: Counting objects:  32% (988/3087)        
remote: Counting objects:  33% (1019/3087)        
remote: Counting objects:  34% (1050/3087)        
remote: Counting objects:  35% (1081/3087)        
remote: Counting objects:  36% (1112/3087)        
remote: Counting objects:  37% (1143/3087)        
remote: Counting objects:  38% (1174/3087)        
remote: Counting objects:  39% (1204/3087)        
remote: Counting objects:  40% (1235/3087)        
remote: Counting objects:  41% (1266/3087)        
remote: Counting objects:  42% (1297/3087)        
remote: Counting objects:  43% (1328/3087)        
remote: Counting objects:  44% (1359/3087)        
remote: Counting objects:  45% (1390/3087)        
remote: Counting objects:  46% (1421/3087)        
remote: Counting objects:  47% (1451/3087)        
remote: Counting objects:  48% (1482/3087)        
remote: Counting objects:  49% (1513/3087)        
remote: Counting objects:  50% (1544/3087)        
remote: Counting objects:  51% (1575/3087)        
remote: Counting objects:  52% (1606/3087)        
remote: Counting objects:  53% (1637/3087)remote: Counting objects:  54% (1667/3087)        
remote: Counting objects:  55% (1698/3087)        
remote: Counting objects:  56% (1729/3087)        
remote: Counting objects:  57% (1760/3087)        
remote: Counting objects:  58% (1791/3087)        
remote: Counting objects:  59% (1822/3087)        
remote: Counting objects:  60% (1853/3087)        
remote: Counting objects:  61% (1884/3087)        
remote: Counting objects:  62% (1914/3087)        
remote: Counting objects:  63% (1945/3087)        
remote: Counting objects:  64% (1976/3087)        
remote: Counting objects:  65% (2007/3087)        
remote: Counting objects:  66% (2038/3087)        
remote: Counting objects:  67% (2069/3087)        
remote: Counting objects:  68% (2100/3087)        
remote: Counting objects:  69% (2131/3087)        
remote: Counting objects:  70% (2161/3087)        
remote: Counting objects:  71% (2192/3087)        
remote: Counting objects:  72% (2223/3087)        
remote: Counting objects:  73% (2254/3087)        
remote: Counting objects:  74% (2285/3087)remote: Counting objects:  75% (2316/3087)        
remote: Counting objects:  76% (2347/3087)        
remote: Counting objects:  77% (2377/3087)        
remote: Counting objects:  78% (2408/3087)        
remote: Counting objects:  79% (2439/3087)        
remote: Counting objects:  80% (2470/3087)        
remote: Counting objects:  81% (2501/3087)        
remote: Counting objects:  82% (2532/3087)        
remote: Counting objects:  83% (2563/3087)        
remote: Counting objects:  84% (2594/3087)        
remote: Counting objects:  85% (2624/3087)        
remote: Counting objects:  86% (2655/3087)        
remote: Counting objects:  87% (2686/3087)        
remote: Counting objects:  88% (2717/3087)remote: Counting objects:  89% (2748/3087)        
remote: Counting objects:  90% (2779/3087)        
remote: Counting objects:  91% (2810/3087)        
remote: Counting objects:  92% (2841/3087)        
remote: Counting objects:  93% (2871/3087)        
remote: Counting objects:  94% (2902/3087)        
remote: Counting objects:  95% (2933/3087)        
remote: Counting objects:  96% (2964/3087)        
remote: Counting objects:  97% (2995/3087)        
remote: Counting objects:  98% (3026/3087)        
remote: Counting objects:  99% (3057/3087)        
remote: Counting objects: 100% (3087/3087)        
remote: Counting objects: 100% (3087/3087), done.
	remote: Compressing objects:   0% (1/2164)        
remote: Compressing objects:   1% (22/2164)        
remote: Compressing objects:   2% (44/2164)        
remote: Compressing objects:   3% (65/2164)        
remote: Compressing objects:   4% (87/2164)        
remote: Compressing objects:   5% (109/2164)        
remote: Compressing objects:   6% (130/2164)        
remote: Compressing objects:   7% (152/2164)        
remote: Compressing objects:   8% (174/2164)        
remote: Compressing objects:   9% (195/2164)        
remote: Compressing objects:  10% (217/2164)        
remote: Compressing objects:  11% (239/2164)        
remote: Compressing objects:  12% (260/2164)        
remote: Compressing objects:  13% (282/2164)        
remote: Compressing objects:  14% (303/2164)        
remote: Compressing objects:  15% (325/2164)        
remote: Compressing objects:  16% (347/2164)        
remote: Compressing objects:  17% (368/2164)        
remote: Compressing objects:  18% (390/2164)        
remote: Compressing objects:  19% (412/2164)        
remote: Compressing objects:  20% (433/2164)        
remote: Compressing objects:  21% (455/2164)        
remote: Compressing objects:  22% (477/2164)        
remote: Compressing objects:  23% (498/2164)remote: Compressing objects:  24% (520/2164)remote: Compressing objects:  25% (541/2164)remote: Compressing objects:  26% (563/2164)remote: Compressing objects:  27% (585/2164)remote: Compressing objects:  28% (606/2164)        
remote: Compressing objects:  29% (628/2164)remote: Compressing objects:  30% (650/2164)remote: Compressing objects:  31% (671/2164)remote: Compressing objects:  32% (693/2164)remote: Compressing objects:  33% (715/2164)        
remote: Compressing objects:  34% (736/2164)        
remote: Compressing objects:  35% (758/2164)        
remote: Compressing objects:  36% (780/2164)remote: Compressing objects:  37% (801/2164)remote: Compressing objects:  38% (823/2164)        
remote: Compressing objects:  39% (844/2164)remote: Compressing objects:  40% (866/2164)        
remote: Compressing objects:  41% (888/2164)remote: Compressing objects:  42% (909/2164)remote: Compressing objects:  43% (931/2164)remote: Compressing objects:  44% (953/2164)remote: Compressing objects:  45% (974/2164)        
remote: Compressing objects:  46% (996/2164)        
remote: Compressing objects:  47% (1018/2164)remote: Compressing objects:  48% (1039/2164)remote: Compressing objects:  49% (1061/2164)remote: Compressing objects:  50% (1082/2164)        
remote: Compressing objects:  51% (1104/2164)remote: Compressing objects:  52% (1126/2164)remote: Compressing objects:  53% (1147/2164)remote: Compressing objects:  54% (1169/2164)remote: Compressing objects:  55% (1191/2164)remote: Compressing objects:  56% (1212/2164)remote: Compressing objects:  57% (1234/2164)remote: Compressing objects:  58% (1256/2164)remote: Compressing objects:  59% (1277/2164)remote: Compressing objects:  60% (1299/2164)remote: Compressing objects:  61% (1321/2164)remote: Compressing objects:  62% (1342/2164)remote: Compressing objects:  63% (1364/2164)remote: Compressing objects:  64% (1385/2164)remote: Compressing objects:  65% (1407/2164)remote: Compressing objects:  66% (1429/2164)remote: Compressing objects:  66% (1436/2164)remote: Compressing objects:  67% (1450/2164)remote: Compressing objects:  68% (1472/2164)remote: Compressing objects:  69% (1494/2164)remote: Compressing objects:  70% (1515/2164)remote: Compressing objects:  71% (1537/2164)remote: Compressing objects:  72% (1559/2164)remote: Compressing objects:  73% (1580/2164)        
remote: Compressing objects:  74% (1602/2164)        
remote: Compressing objects:  75% (1623/2164)remote: Compressing objects:  76% (1645/2164)remote: Compressing objects:  77% (1667/2164)remote: Compressing objects:  78% (1688/2164)remote: Compressing objects:  79% (1710/2164)        
remote: Compressing objects:  80% (1732/2164)        
remote: Compressing objects:  81% (1753/2164)        
remote: Compressing objects:  82% (1775/2164)remote: Compressing objects:  83% (1797/2164)        
remote: Compressing objects:  84% (1818/2164)        
remote: Compressing objects:  85% (1840/2164)remote: Compressing objects:  86% (1862/2164)remote: Compressing objects:  87% (1883/2164)        
remote: Compressing objects:  88% (1905/2164)        
remote: Compressing objects:  89% (1926/2164)        
remote: Compressing objects:  90% (1948/2164)        
remote: Compressing objects:  91% (1970/2164)        
remote: Compressing objects:  92% (1991/2164)        
remote: Compressing objects:  93% (2013/2164)        
remote: Compressing objects:  94% (2035/2164)        
remote: Compressing objects:  95% (2056/2164)        
remote: Compressing objects:  96% (2078/2164)        
remote: Compressing objects:  97% (2100/2164)        
remote: Compressing objects:  98% (2121/2164)        
remote: Compressing objects:  99% (2143/2164)        
remote: Compressing objects: 100% (2164/2164)remote: Compressing objects: 100% (2164/2164), done.
	Receiving objects:   0% (1/3087)Receiving objects:   1% (31/3087)
Receiving objects:   2% (62/3087)Receiving objects:   3% (93/3087)Receiving objects:   4% (124/3087)Receiving objects:   5% (155/3087)Receiving objects:   6% (186/3087)Receiving objects:   7% (217/3087)
Receiving objects:   8% (247/3087)Receiving objects:   9% (278/3087)Receiving objects:  10% (309/3087)Receiving objects:  11% (340/3087)Receiving objects:  12% (371/3087)Receiving objects:  13% (402/3087)Receiving objects:  14% (433/3087)Receiving objects:  15% (464/3087)Receiving objects:  16% (494/3087)Receiving objects:  17% (525/3087)Receiving objects:  18% (556/3087)Receiving objects:  19% (587/3087)Receiving objects:  20% (618/3087)Receiving objects:  21% (649/3087), 196.00 KiB | 364.00 KiB/sReceiving objects:  22% (680/3087), 196.00 KiB | 364.00 KiB/sReceiving objects:  23% (711/3087), 196.00 KiB | 364.00 KiB/sReceiving objects:  24% (741/3087), 196.00 KiB | 364.00 KiB/sReceiving objects:  25% (772/3087), 196.00 KiB | 364.00 KiB/sReceiving objects:  25% (788/3087), 420.00 KiB | 376.00 KiB/sReceiving objects:  25% (794/3087), 908.00 KiB | 417.00 KiB/sReceiving objects:  26% (803/3087), 908.00 KiB | 417.00 KiB/sReceiving objects:  26% (819/3087), 1.29 MiB | 400.00 KiB/sReceiving objects:  26% (821/3087), 1.55 MiB | 349.00 KiB/sReceiving objects:  26% (824/3087), 1.64 MiB | 332.00 KiB/sReceiving objects:  26% (824/3087), 1.79 MiB | 276.00 KiB/sReceiving objects:  26% (824/3087), 1.88 MiB | 192.00 KiB/sReceiving objects:  26% (824/3087), 1.92 MiB | 136.00 KiB/sReceiving objects:  26% (824/3087), 2.01 MiB | 107.00 KiB/sReceiving objects:  26% (824/3087), 2.11 MiB | 95.00 KiB/sReceiving objects:  26% (824/3087), 2.22 MiB | 89.00 KiB/sReceiving objects:  26% (824/3087), 2.35 MiB | 101.00 KiB/sReceiving objects:  26% (824/3087), 2.48 MiB | 109.00 KiB/sReceiving objects:  26% (825/3087), 2.62 MiB | 122.00 KiB/sReceiving objects:  26% (825/3087), 2.75 MiB | 123.00 KiB/sReceiving objects:  26% (825/3087), 2.87 MiB | 123.00 KiB/sReceiving objects:  26% (825/3087), 2.91 MiB | 122.00 KiB/sReceiving objects:  26% (825/3087), 3.06 MiB | 113.00 KiB/sReceiving objects:  26% (825/3087), 3.19 MiB | 113.00 KiB/sReceiving objects:  26% (825/3087), 3.31 MiB | 116.00 KiB/sReceiving objects:  26% (825/3087), 3.46 MiB | 122.00 KiB/sReceiving objects:  26% (825/3087), 3.53 MiB | 124.00 KiB/sReceiving objects:  26% (826/3087), 3.66 MiB | 121.00 KiB/sReceiving objects:  26% (826/3087), 3.79 MiB | 114.00 KiB/sReceiving objects:  26% (826/3087), 3.85 MiB | 112.00 KiB/sReceiving objects:  26% (826/3087), 3.95 MiB | 105.00 KiB/sReceiving objects:  26% (826/3087), 4.06 MiB | 105.00 KiB/sReceiving objects:  26% (826/3087), 4.18 MiB | 105.00 KiB/sReceiving objects:  26% (826/3087), 4.31 MiB | 109.00 KiB/sReceiving objects:  26% (826/3087), 4.39 MiB | 110.00 KiB/sReceiving objects:  26% (826/3087), 4.53 MiB | 118.00 KiB/sReceiving objects:  26% (829/3087), 4.71 MiB | 132.00 KiB/sReceiving objects:  26% (829/3087), 4.93 MiB | 153.00 KiB/sReceiving objects:  26% (830/3087), 5.07 MiB | 156.00 KiB/sReceiving objects:  26% (830/3087), 5.12 MiB | 145.00 KiB/sReceiving objects:  26% (830/3087), 5.19 MiB | 121.00 KiB/sReceiving objects:  26% (830/3087), 5.22 MiB | 103.00 KiB/sReceiving objects:  26% (830/3087), 5.24 MiB | 82.00 KiB/sReceiving objects:  26% (830/3087), 5.29 MiB | 72.00 KiB/sReceiving objects:  26% (830/3087), 5.32 MiB | 59.00 KiB/sReceiving objects:  26% (830/3087), 5.39 MiB | 46.00 KiB/sReceiving objects:  26% (830/3087), 5.42 MiB | 44.00 KiB/sReceiving objects:  26% (831/3087), 5.50 MiB | 49.00 KiB/sReceiving objects:  26% (831/3087), 5.64 MiB | 71.00 KiB/sReceiving objects:  26% (831/3087), 5.73 MiB | 78.00 KiB/sReceiving objects:  26% (832/3087), 5.92 MiB | 107.00 KiB/sReceiving objects:  26% (833/3087), 6.22 MiB | 148.00 KiB/sReceiving objects:  27% (834/3087), 6.22 MiB | 148.00 KiB/sReceiving objects:  27% (834/3087), 6.41 MiB | 174.00 KiB/sReceiving objects:  27% (837/3087), 6.50 MiB | 174.00 KiB/sReceiving objects:  27% (837/3087), 6.58 MiB | 176.00 KiB/sReceiving objects:  27% (837/3087), 6.71 MiB | 149.00 KiB/sReceiving objects:  27% (838/3087), 6.75 MiB | 115.00 KiB/sReceiving objects:  27% (838/3087), 6.79 MiB | 100.00 KiB/sReceiving objects:  27% (838/3087), 6.86 MiB | 69.00 KiB/sReceiving objects:  27% (838/3087), 6.95 MiB | 74.00 KiB/sReceiving objects:  27% (838/3087), 7.00 MiB | 77.00 KiB/sReceiving objects:  27% (839/3087), 7.11 MiB | 74.00 KiB/sReceiving objects:  27% (839/3087), 7.29 MiB | 90.00 KiB/sReceiving objects:  27% (846/3087), 7.50 MiB | 118.00 KiB/sReceiving objects:  27% (847/3087), 7.71 MiB | 156.00 KiB/sReceiving objects:  27% (847/3087), 7.82 MiB | 153.00 KiB/sReceiving objects:  27% (847/3087), 7.91 MiB | 158.00 KiB/sReceiving objects:  27% (848/3087), 8.01 MiB | 153.00 KiB/sReceiving objects:  27% (848/3087), 8.07 MiB | 121.00 KiB/sReceiving objects:  27% (848/3087), 8.11 MiB | 109.00 KiB/sReceiving objects:  27% (856/3087), 8.20 MiB | 79.00 KiB/sReceiving objects:  27% (856/3087), 8.28 MiB | 81.00 KiB/sReceiving objects:  27% (857/3087), 8.34 MiB | 76.00 KiB/sReceiving objects:  27% (857/3087), 8.42 MiB | 71.00 KiB/sReceiving objects:  27% (857/3087), 8.57 MiB | 86.00 KiB/sReceiving objects:  27% (857/3087), 8.68 MiB | 105.00 KiB/sReceiving objects:  27% (857/3087), 8.82 MiB | 110.00 KiB/sReceiving objects:  27% (857/3087), 8.83 MiB | 98.00 KiB/sReceiving objects:  27% (857/3087), 9.00 MiB | 120.00 KiB/sReceiving objects:  27% (857/3087), 9.13 MiB | 115.00 KiB/sReceiving objects:  27% (858/3087), 9.19 MiB | 116.00 KiB/sReceiving objects:  27% (859/3087), 9.39 MiB | 115.00 KiB/sReceiving objects:  27% (859/3087), 9.46 MiB | 130.00 KiB/sReceiving objects:  27% (860/3087), 9.60 MiB | 120.00 KiB/sReceiving objects:  27% (860/3087), 9.77 MiB | 120.00 KiB/sReceiving objects:  27% (861/3087), 9.81 MiB | 117.00 KiB/sReceiving objects:  27% (862/3087), 9.88 MiB | 104.00 KiB/sReceiving objects:  27% (863/3087), 9.93 MiB | 104.00 KiB/sReceiving objects:  27% (864/3087), 10.06 MiB | 93.00 KiB/sReceiving objects:  28% (865/3087), 10.11 MiB | 90.00 KiB/sReceiving objects:  28% (870/3087), 10.24 MiB | 87.00 KiB/sReceiving objects:  28% (870/3087), 10.39 MiB | 101.00 KiB/sReceiving objects:  28% (870/3087), 10.50 MiB | 106.00 KiB/sReceiving objects:  28% (871/3087), 10.70 MiB | 122.00 KiB/sReceiving objects:  28% (873/3087), 10.93 MiB | 150.00 KiB/sReceiving objects:  28% (873/3087), 10.98 MiB | 148.00 KiB/sReceiving objects:  28% (873/3087), 11.08 MiB | 143.00 KiB/sReceiving objects:  28% (873/3087), 11.19 MiB | 127.00 KiB/sReceiving objects:  28% (873/3087), 11.25 MiB | 134.00 KiB/sReceiving objects:  28% (875/3087), 11.37 MiB | 100.00 KiB/sReceiving objects:  28% (880/3087), 11.48 MiB | 97.00 KiB/sReceiving objects:  28% (880/3087), 11.61 MiB | 104.00 KiB/sReceiving objects:  28% (880/3087), 11.68 MiB | 103.00 KiB/sReceiving objects:  28% (880/3087), 11.78 MiB | 103.00 KiB/sReceiving objects:  28% (880/3087), 11.89 MiB | 105.00 KiB/sReceiving objects:  28% (880/3087), 12.01 MiB | 106.00 KiB/sReceiving objects:  28% (880/3087), 12.13 MiB | 104.00 KiB/sReceiving objects:  28% (882/3087), 12.18 MiB | 102.00 KiB/sReceiving objects:  28% (882/3087), 12.32 MiB | 111.00 KiB/sReceiving objects:  28% (882/3087), 12.46 MiB | 114.00 KiB/sReceiving objects:  28% (883/3087), 12.65 MiB | 121.00 KiB/sReceiving objects:  28% (883/3087), 12.78 MiB | 132.00 KiB/sReceiving objects:  28% (884/3087), 12.94 MiB | 147.00 KiB/sReceiving objects:  28% (884/3087), 13.10 MiB | 149.00 KiB/sReceiving objects:  28% (884/3087), 13.15 MiB | 146.00 KiB/sReceiving objects:  28% (889/3087), 13.19 MiB | 132.00 KiB/sReceiving objects:  28% (895/3087), 13.28 MiB | 119.00 KiB/sReceiving objects:  28% (895/3087), 13.39 MiB | 88.00 KiB/sReceiving objects:  28% (895/3087), 13.43 MiB | 90.00 KiB/sReceiving objects:  28% (895/3087), 13.53 MiB | 79.00 KiB/sReceiving objects:  28% (895/3087), 13.64 MiB | 87.00 KiB/sReceiving objects:  28% (895/3087), 13.75 MiB | 93.00 KiB/sReceiving objects:  28% (895/3087), 13.90 MiB | 106.00 KiB/sReceiving objects:  28% (895/3087), 13.94 MiB | 103.00 KiB/sReceiving objects:  28% (895/3087), 14.08 MiB | 111.00 KiB/sReceiving objects:  28% (895/3087), 14.23 MiB | 116.00 KiB/sReceiving objects:  28% (895/3087), 14.29 MiB | 110.00 KiB/sReceiving objects:  28% (895/3087), 14.41 MiB | 111.00 KiB/sReceiving objects:  28% (895/3087), 14.52 MiB | 109.00 KiB/sReceiving objects:  28% (895/3087), 14.64 MiB | 107.00 KiB/sReceiving objects:  28% (895/3087), 14.70 MiB | 111.00 KiB/sReceiving objects:  28% (895/3087), 14.84 MiB | 113.00 KiB/sReceiving objects:  28% (895/3087), 14.98 MiB | 116.00 KiB/sReceiving objects:  28% (895/3087), 15.12 MiB | 124.00 KiB/sReceiving objects:  28% (895/3087), 15.24 MiB | 116.00 KiB/sReceiving objects:  29% (896/3087), 15.24 MiB | 116.00 KiB/sReceiving objects:  29% (896/3087), 15.29 MiB | 114.00 KiB/sReceiving objects:  29% (897/3087), 15.34 MiB | 107.00 KiB/sReceiving objects:  29% (898/3087), 15.45 MiB | 104.00 KiB/sReceiving objects:  29% (898/3087), 15.49 MiB | 91.00 KiB/sReceiving objects:  29% (898/3087), 15.60 MiB | 86.00 KiB/sReceiving objects:  29% (898/3087), 15.72 MiB | 92.00 KiB/sReceiving objects:  29% (911/3087), 15.82 MiB | 100.00 KiB/sReceiving objects:  29% (912/3087), 16.06 MiB | 129.00 KiB/sReceiving objects:  29% (912/3087), 16.28 MiB | 149.00 KiB/sReceiving objects:  29% (912/3087), 16.35 MiB | 148.00 KiB/sReceiving objects:  29% (912/3087), 16.47 MiB | 143.00 KiB/sReceiving objects:  29% (912/3087), 16.55 MiB | 126.00 KiB/sReceiving objects:  29% (912/3087), 16.57 MiB | 114.00 KiB/sReceiving objects:  29% (912/3087), 16.63 MiB | 83.00 KiB/sReceiving objects:  30% (927/3087), 16.63 MiB | 83.00 KiB/sReceiving objects:  31% (957/3087), 16.63 MiB | 83.00 KiB/sReceiving objects:  31% (976/3087), 16.67 MiB | 70.00 KiB/sReceiving objects:  31% (977/3087), 16.73 MiB | 64.00 KiB/sReceiving objects:  32% (988/3087), 16.73 MiB | 64.00 KiB/sReceiving objects:  33% (1019/3087), 16.73 MiB | 64.00 KiB/sReceiving objects:  34% (1050/3087), 16.73 MiB | 64.00 KiB/sReceiving objects:  35% (1081/3087), 16.78 MiB | 58.00 KiB/sReceiving objects:  36% (1112/3087), 16.78 MiB | 58.00 KiB/sReceiving objects:  36% (1124/3087), 16.78 MiB | 58.00 KiB/sReceiving objects:  37% (1143/3087), 16.83 MiB | 57.00 KiB/sReceiving objects:  38% (1174/3087), 16.83 MiB | 57.00 KiB/sReceiving objects:  39% (1204/3087), 16.83 MiB | 57.00 KiB/sReceiving objects:  40% (1235/3087), 16.91 MiB | 69.00 KiB/sReceiving objects:  40% (1241/3087), 16.91 MiB | 69.00 KiB/sReceiving objects:  40% (1261/3087), 17.15 MiB | 111.00 KiB/sReceiving objects:  40% (1262/3087), 17.48 MiB | 161.00 KiB/sReceiving objects:  40% (1262/3087), 17.65 MiB | 176.00 KiB/sReceiving objects:  40% (1262/3087), 17.70 MiB | 167.00 KiB/sReceiving objects:  40% (1262/3087), 17.80 MiB | 165.00 KiB/sReceiving objects:  40% (1262/3087), 17.83 MiB | 150.00 KiB/sReceiving objects:  40% (1262/3087), 17.93 MiB | 120.00 KiB/sReceiving objects:  40% (1262/3087), 17.97 MiB | 79.00 KiB/sReceiving objects:  40% (1262/3087), 18.07 MiB | 80.00 KiB/sReceiving objects:  40% (1262/3087), 18.17 MiB | 77.00 KiB/sReceiving objects:  40% (1262/3087), 18.23 MiB | 76.00 KiB/sReceiving objects:  40% (1262/3087), 18.36 MiB | 86.00 KiB/sReceiving objects:  40% (1262/3087), 18.57 MiB | 105.00 KiB/sReceiving objects:  40% (1262/3087), 18.70 MiB | 135.00 KiB/sReceiving objects:  40% (1262/3087), 19.04 MiB | 167.00 KiB/sReceiving objects:  40% (1262/3087), 19.14 MiB | 180.00 KiB/sReceiving objects:  40% (1262/3087), 19.27 MiB | 180.00 KiB/sReceiving objects:  40% (1262/3087), 19.36 MiB | 153.00 KiB/sReceiving objects:  40% (1262/3087), 19.42 MiB | 142.00 KiB/sReceiving objects:  40% (1262/3087), 19.45 MiB | 122.00 KiB/sReceiving objects:  40% (1262/3087), 19.50 MiB | 97.00 KiB/sReceiving objects:  40% (1262/3087), 19.55 MiB | 70.00 KiB/sReceiving objects:  40% (1262/3087), 19.63 MiB | 59.00 KiB/sReceiving objects:  40% (1262/3087), 19.64 MiB | 49.00 KiB/sReceiving objects:  40% (1262/3087), 19.74 MiB | 60.00 KiB/sReceiving objects:  40% (1262/3087), 19.78 MiB | 52.00 KiB/sReceiving objects:  40% (1262/3087), 19.86 MiB | 62.00 KiB/sReceiving objects:  40% (1262/3087), 19.98 MiB | 69.00 KiB/sReceiving objects:  40% (1262/3087), 20.11 MiB | 78.00 KiB/sReceiving objects:  40% (1262/3087), 20.34 MiB | 121.00 KiB/sReceiving objects:  40% (1262/3087), 20.45 MiB | 122.00 KiB/sReceiving objects:  40% (1262/3087), 20.54 MiB | 139.00 KiB/sReceiving objects:  40% (1262/3087), 20.69 MiB | 129.00 KiB/sReceiving objects:  40% (1262/3087), 20.74 MiB | 125.00 KiB/sReceiving objects:  40% (1262/3087), 20.81 MiB | 118.00 KiB/sReceiving objects:  40% (1262/3087), 20.88 MiB | 88.00 KiB/sReceiving objects:  40% (1262/3087), 20.93 MiB | 79.00 KiB/sReceiving objects:  40% (1262/3087), 20.99 MiB | 76.00 KiB/sReceiving objects:  40% (1262/3087), 21.11 MiB | 78.00 KiB/sReceiving objects:  40% (1262/3087), 21.29 MiB | 98.00 KiB/sReceiving objects:  40% (1262/3087), 21.38 MiB | 104.00 KiB/sReceiving objects:  40% (1262/3087), 21.74 MiB | 151.00 KiB/sReceiving objects:  40% (1262/3087), 21.85 MiB | 157.00 KiB/sReceiving objects:  40% (1262/3087), 21.90 MiB | 156.00 KiB/sReceiving objects:  40% (1262/3087), 21.98 MiB | 149.00 KiB/sReceiving objects:  40% (1262/3087), 22.03 MiB | 135.00 KiB/sReceiving objects:  40% (1262/3087), 22.14 MiB | 125.00 KiB/sReceiving objects:  40% (1262/3087), 22.21 MiB | 82.00 KiB/sReceiving objects:  40% (1262/3087), 22.28 MiB | 77.00 KiB/sReceiving objects:  40% (1262/3087), 22.39 MiB | 81.00 KiB/sReceiving objects:  40% (1262/3087), 22.50 MiB | 93.00 KiB/sReceiving objects:  40% (1262/3087), 22.63 MiB | 98.00 KiB/sReceiving objects:  40% (1262/3087), 22.96 MiB | 151.00 KiB/sReceiving objects:  40% (1262/3087), 23.07 MiB | 159.00 KiB/sReceiving objects:  40% (1262/3087), 23.41 MiB | 194.00 KiB/sReceiving objects:  40% (1262/3087), 23.57 MiB | 209.00 KiB/sReceiving objects:  40% (1262/3087), 23.66 MiB | 202.00 KiB/sReceiving objects:  40% (1262/3087), 23.75 MiB | 173.00 KiB/sReceiving objects:  40% (1262/3087), 23.79 MiB | 149.00 KiB/sReceiving objects:  40% (1262/3087), 23.90 MiB | 110.00 KiB/sReceiving objects:  40% (1262/3087), 23.96 MiB | 101.00 KiB/sReceiving objects:  40% (1262/3087), 24.07 MiB | 87.00 KiB/sReceiving objects:  40% (1262/3087), 24.13 MiB | 82.00 KiB/sReceiving objects:  40% (1262/3087), 24.23 MiB | 88.00 KiB/sReceiving objects:  40% (1262/3087), 24.30 MiB | 81.00 KiB/sReceiving objects:  40% (1262/3087), 24.48 MiB | 100.00 KiB/sReceiving objects:  40% (1262/3087), 24.61 MiB | 106.00 KiB/sReceiving objects:  40% (1262/3087), 24.67 MiB | 110.00 KiB/sReceiving objects:  40% (1262/3087), 24.81 MiB | 117.00 KiB/sReceiving objects:  40% (1262/3087), 24.95 MiB | 129.00 KiB/sReceiving objects:  40% (1262/3087), 25.03 MiB | 115.00 KiB/sReceiving objects:  40% (1262/3087), 25.11 MiB | 115.00 KiB/sReceiving objects:  40% (1262/3087), 25.21 MiB | 109.00 KiB/sReceiving objects:  40% (1262/3087), 25.32 MiB | 99.00 KiB/sReceiving objects:  40% (1262/3087), 25.37 MiB | 89.00 KiB/sReceiving objects:  40% (1262/3087), 25.48 MiB | 95.00 KiB/sReceiving objects:  40% (1262/3087), 25.61 MiB | 98.00 KiB/sReceiving objects:  40% (1262/3087), 25.75 MiB | 107.00 KiB/sReceiving objects:  40% (1262/3087), 25.89 MiB | 115.00 KiB/sReceiving objects:  40% (1262/3087), 26.04 MiB | 124.00 KiB/sReceiving objects:  40% (1262/3087), 26.07 MiB | 127.00 KiB/sReceiving objects:  40% (1262/3087), 26.09 MiB | 95.00 KiB/sReceiving objects:  40% (1262/3087), 26.12 MiB | 89.00 KiB/sReceiving objects:  40% (1262/3087), 26.14 MiB | 76.00 KiB/sReceiving objects:  40% (1262/3087), 26.17 MiB | 66.00 KiB/sReceiving objects:  40% (1262/3087), 26.20 MiB | 58.00 KiB/sReceiving objects:  40% (1262/3087), 26.25 MiB | 36.00 KiB/sReceiving objects:  40% (1262/3087), 26.27 MiB | 28.00 KiB/sReceiving objects:  40% (1262/3087), 26.36 MiB | 36.00 KiB/sReceiving objects:  40% (1262/3087), 26.41 MiB | 41.00 KiB/sReceiving objects:  40% (1262/3087), 26.46 MiB | 46.00 KiB/sReceiving objects:  40% (1262/3087), 26.50 MiB | 50.00 KiB/sReceiving objects:  40% (1262/3087), 26.56 MiB | 55.00 KiB/sReceiving objects:  40% (1262/3087), 26.63 MiB | 65.00 KiB/sReceiving objects:  40% (1262/3087), 26.71 MiB | 61.00 KiB/sReceiving objects:  40% (1262/3087), 26.75 MiB | 58.00 KiB/sReceiving objects:  40% (1262/3087), 26.79 MiB | 58.00 KiB/sReceiving objects:  40% (1262/3087), 26.86 MiB | 62.00 KiB/sReceiving objects:  40% (1262/3087), 26.89 MiB | 56.00 KiB/sReceiving objects:  40% (1262/3087), 26.96 MiB | 52.00 KiB/sReceiving objects:  40% (1262/3087), 27.01 MiB | 52.00 KiB/sReceiving objects:  40% (1262/3087), 27.04 MiB | 47.00 KiB/sReceiving objects:  40% (1262/3087), 27.08 MiB | 46.00 KiB/sReceiving objects:  40% (1262/3087), 27.11 MiB | 42.00 KiB/sReceiving objects:  40% (1262/3087), 27.14 MiB | 39.00 KiB/sReceiving objects:  40% (1262/3087), 27.15 MiB | 33.00 KiB/sReceiving objects:  40% (1262/3087), 27.20 MiB | 34.00 KiB/sReceiving objects:  40% (1262/3087), 27.21 MiB | 26.00 KiB/sReceiving objects:  40% (1262/3087), 27.27 MiB | 28.00 KiB/sReceiving objects:  40% (1262/3087), 27.29 MiB | 23.00 KiB/sReceiving objects:  40% (1265/3087), 27.39 MiB | 32.00 KiB/sReceiving objects:  41% (1266/3087), 27.39 MiB | 32.00 KiB/sReceiving objects:  41% (1266/3087), 27.42 MiB | 37.00 KiB/sReceiving objects:  41% (1266/3087), 27.48 MiB | 36.00 KiB/sReceiving objects:  41% (1268/3087), 27.51 MiB | 42.00 KiB/sReceiving objects:  41% (1273/3087), 27.54 MiB | 41.00 KiB/sReceiving objects:  41% (1273/3087), 27.58 MiB | 51.00 KiB/sReceiving objects:  41% (1274/3087), 27.64 MiB | 42.00 KiB/sReceiving objects:  41% (1274/3087), 27.65 MiB | 40.00 KiB/sReceiving objects:  41% (1292/3087), 27.70 MiB | 43.00 KiB/sReceiving objects:  42% (1297/3087), 27.75 MiB | 44.00 KiB/sReceiving objects:  42% (1298/3087), 27.79 MiB | 44.00 KiB/sReceiving objects:  42% (1298/3087), 27.81 MiB | 46.00 KiB/sReceiving objects:  42% (1298/3087), 27.84 MiB | 45.00 KiB/sReceiving objects:  42% (1310/3087), 27.89 MiB | 41.00 KiB/sReceiving objects:  42% (1310/3087), 27.92 MiB | 45.00 KiB/sReceiving objects:  42% (1310/3087), 28.00 MiB | 44.00 KiB/sReceiving objects:  42% (1310/3087), 28.01 MiB | 43.00 KiB/sReceiving objects:  42% (1310/3087), 28.06 MiB | 43.00 KiB/sReceiving objects:  42% (1310/3087), 28.07 MiB | 33.00 KiB/sReceiving objects:  42% (1310/3087), 28.11 MiB | 36.00 KiB/sReceiving objects:  42% (1310/3087), 28.11 MiB | 34.00 KiB/sReceiving objects:  42% (1310/3087), 28.12 MiB | 23.00 KiB/sReceiving objects:  42% (1310/3087), 28.18 MiB | 26.00 KiB/sReceiving objects:  42% (1310/3087), 28.21 MiB | 24.00 KiB/sReceiving objects:  42% (1310/3087), 28.24 MiB | 22.00 KiB/sReceiving objects:  42% (1310/3087), 28.25 MiB | 21.00 KiB/sReceiving objects:  42% (1310/3087), 28.29 MiB | 22.00 KiB/sReceiving objects:  42% (1310/3087), 28.31 MiB | 24.00 KiB/sReceiving objects:  42% (1310/3087), 28.33 MiB | 25.00 KiB/sReceiving objects:  42% (1310/3087), 28.36 MiB | 26.00 KiB/sReceiving objects:  42% (1310/3087), 28.41 MiB | 25.00 KiB/sReceiving objects:  42% (1310/3087), 28.43 MiB | 27.00 KiB/sReceiving objects:  42% (1310/3087), 28.44 MiB | 23.00 KiB/sReceiving objects:  42% (1310/3087), 28.45 MiB | 20.00 KiB/sReceiving objects:  42% (1310/3087), 28.46 MiB | 19.00 KiB/sReceiving objects:  42% (1310/3087), 28.49 MiB | 19.00 KiB/sReceiving objects:  42% (1310/3087), 28.50 MiB | 20.00 KiB/sReceiving objects:  42% (1310/3087), 28.52 MiB | 15.00 KiB/sReceiving objects:  42% (1310/3087), 28.56 MiB | 16.00 KiB/sReceiving objects:  42% (1310/3087), 28.58 MiB | 21.00 KiB/sReceiving objects:  42% (1310/3087), 28.59 MiB | 19.00 KiB/sReceiving objects:  42% (1310/3087), 28.61 MiB | 17.00 KiB/sReceiving objects:  42% (1310/3087), 28.62 MiB | 16.00 KiB/sReceiving objects:  42% (1310/3087), 28.64 MiB | 15.00 KiB/sReceiving objects:  42% (1310/3087), 28.68 MiB | 16.00 KiB/sReceiving objects:  42% (1310/3087), 28.69 MiB | 15.00 KiB/sReceiving objects:  42% (1310/3087), 28.71 MiB | 15.00 KiB/sReceiving objects:  42% (1310/3087), 28.71 MiB | 14.00 KiB/sReceiving objects:  42% (1310/3087), 28.72 MiB | 13.00 KiB/sReceiving objects:  42% (1310/3087), 28.74 MiB | 12.00 KiB/sReceiving objects:  42% (1310/3087), 28.76 MiB | 13.00 KiB/sReceiving objects:  42% (1310/3087), 28.77 MiB | 13.00 KiB/sReceiving objects:  42% (1310/3087), 28.78 MiB | 11.00 KiB/sReceiving objects:  42% (1310/3087), 28.81 MiB | 11.00 KiB/sReceiving objects:  42% (1310/3087), 28.82 MiB | 12.00 KiB/sReceiving objects:  42% (1310/3087), 28.85 MiB | 14.00 KiB/sReceiving objects:  42% (1310/3087), 28.86 MiB | 14.00 KiB/sReceiving objects:  42% (1310/3087), 28.89 MiB | 16.00 KiB/sReceiving objects:  42% (1310/3087), 28.92 MiB | 17.00 KiB/sReceiving objects:  42% (1310/3087), 28.93 MiB | 19.00 KiB/sReceiving objects:  42% (1310/3087), 28.94 MiB | 19.00 KiB/sReceiving objects:  42% (1310/3087), 28.96 MiB | 16.00 KiB/sReceiving objects:  42% (1310/3087), 28.97 MiB | 16.00 KiB/sReceiving objects:  42% (1310/3087), 29.00 MiB | 16.00 KiB/sReceiving objects:  42% (1310/3087), 29.01 MiB | 17.00 KiB/sReceiving objects:  42% (1310/3087), 29.02 MiB | 17.00 KiB/sReceiving objects:  42% (1310/3087), 29.04 MiB | 17.00 KiB/sReceiving objects:  42% (1310/3087), 29.09 MiB | 18.00 KiB/sReceiving objects:  42% (1310/3087), 29.10 MiB | 20.00 KiB/sReceiving objects:  42% (1310/3087), 29.12 MiB | 22.00 KiB/sReceiving objects:  42% (1310/3087), 29.14 MiB | 22.00 KiB/sReceiving objects:  42% (1310/3087), 29.19 MiB | 25.00 KiB/sReceiving objects:  42% (1310/3087), 29.20 MiB | 23.00 KiB/sReceiving objects:  42% (1310/3087), 29.29 MiB | 31.00 KiB/sReceiving objects:  42% (1310/3087), 29.33 MiB | 34.00 KiB/sReceiving objects:  42% (1310/3087), 29.40 MiB | 38.00 KiB/sReceiving objects:  42% (1311/3087), 29.40 MiB | 38.00 KiB/sReceiving objects:  42% (1315/3087), 29.54 MiB | 51.00 KiB/sReceiving objects:  42% (1317/3087), 29.62 MiB | 63.00 KiB/sReceiving objects:  42% (1317/3087), 29.68 MiB | 68.00 KiB/sReceiving objects:  42% (1317/3087), 29.76 MiB | 72.00 KiB/sReceiving objects:  42% (1317/3087), 29.81 MiB | 76.00 KiB/sReceiving objects:  42% (1317/3087), 29.90 MiB | 80.00 KiB/sReceiving objects:  42% (1323/3087), 30.00 MiB | 81.00 KiB/sReceiving objects:  42% (1323/3087), 30.04 MiB | 78.00 KiB/sReceiving objects:  42% (1324/3087), 30.25 MiB | 98.00 KiB/sReceiving objects:  42% (1325/3087), 30.36 MiB | 115.00 KiB/sReceiving objects:  42% (1327/3087), 30.62 MiB | 150.00 KiB/sReceiving objects:  43% (1328/3087), 30.74 MiB | 167.00 KiB/sReceiving objects:  43% (1338/3087), 30.85 MiB | 176.00 KiB/sReceiving objects:  43% (1338/3087), 31.13 MiB | 217.00 KiB/sReceiving objects:  43% (1338/3087), 31.32 MiB | 220.00 KiB/sReceiving objects:  43% (1342/3087), 31.52 MiB | 210.00 KiB/sReceiving objects:  43% (1343/3087), 31.59 MiB | 193.00 KiB/sReceiving objects:  43% (1343/3087), 31.76 MiB | 176.00 KiB/sReceiving objects:  44% (1359/3087), 31.91 MiB | 184.00 KiB/sReceiving objects:  44% (1368/3087), 31.91 MiB | 184.00 KiB/sReceiving objects:  45% (1390/3087), 31.98 MiB | 168.00 KiB/sReceiving objects:  46% (1421/3087), 31.98 MiB | 168.00 KiB/sReceiving objects:  46% (1441/3087), 32.08 MiB | 178.00 KiB/sReceiving objects:  47% (1451/3087), 32.08 MiB | 178.00 KiB/sReceiving objects:  48% (1482/3087), 32.18 MiB | 168.00 KiB/sReceiving objects:  49% (1513/3087), 32.18 MiB | 168.00 KiB/sReceiving objects:  49% (1513/3087), 32.25 MiB | 165.00 KiB/sReceiving objects:  50% (1544/3087), 32.32 MiB | 155.00 KiB/sReceiving objects:  50% (1562/3087), 32.32 MiB | 155.00 KiB/sReceiving objects:  51% (1575/3087), 32.40 MiB | 160.00 KiB/sReceiving objects:  52% (1606/3087), 32.47 MiB | 150.00 KiB/sReceiving objects:  52% (1632/3087), 32.47 MiB | 150.00 KiB/sReceiving objects:  53% (1637/3087), 32.47 MiB | 150.00 KiB/sReceiving objects:  53% (1661/3087), 32.60 MiB | 131.00 KiB/sReceiving objects:  53% (1661/3087), 32.80 MiB | 136.00 KiB/sReceiving objects:  53% (1661/3087), 32.86 MiB | 123.00 KiB/sReceiving objects:  53% (1662/3087), 33.03 MiB | 127.00 KiB/sReceiving objects:  54% (1667/3087), 33.03 MiB | 127.00 KiB/sReceiving objects:  54% (1684/3087), 33.10 MiB | 125.00 KiB/sReceiving objects:  55% (1698/3087), 33.10 MiB | 125.00 KiB/sReceiving objects:  56% (1729/3087), 33.18 MiB | 126.00 KiB/sReceiving objects:  57% (1760/3087), 33.18 MiB | 126.00 KiB/sReceiving objects:  57% (1762/3087), 33.25 MiB | 132.00 KiB/sReceiving objects:  58% (1791/3087), 33.25 MiB | 132.00 KiB/sReceiving objects:  58% (1807/3087), 33.38 MiB | 127.00 KiB/sReceiving objects:  59% (1822/3087), 33.43 MiB | 117.00 KiB/sReceiving objects:  59% (1829/3087), 33.43 MiB | 117.00 KiB/sReceiving objects:  60% (1853/3087), 33.55 MiB | 134.00 KiB/sReceiving objects:  60% (1875/3087), 33.61 MiB | 128.00 KiB/sReceiving objects:  61% (1884/3087), 33.68 MiB | 124.00 KiB/sReceiving objects:  61% (1884/3087), 33.74 MiB | 119.00 KiB/sReceiving objects:  62% (1914/3087), 33.74 MiB | 119.00 KiB/sReceiving objects:  62% (1921/3087), 33.85 MiB | 109.00 KiB/sReceiving objects:  62% (1927/3087), 33.90 MiB | 105.00 KiB/sReceiving objects:  63% (1945/3087), 33.95 MiB | 105.00 KiB/sReceiving objects:  63% (1946/3087), 33.95 MiB | 105.00 KiB/sReceiving objects:  63% (1962/3087), 34.08 MiB | 87.00 KiB/sReceiving objects:  63% (1962/3087), 34.20 MiB | 89.00 KiB/sReceiving objects:  63% (1962/3087), 34.25 MiB | 87.00 KiB/sReceiving objects:  63% (1962/3087), 34.39 MiB | 100.00 KiB/sReceiving objects:  63% (1962/3087), 34.62 MiB | 122.00 KiB/sReceiving objects:  63% (1962/3087), 34.72 MiB | 132.00 KiB/sReceiving objects:  63% (1962/3087), 34.82 MiB | 131.00 KiB/sReceiving objects:  63% (1962/3087), 34.86 MiB | 121.00 KiB/sReceiving objects:  63% (1962/3087), 35.00 MiB | 130.00 KiB/sReceiving objects:  63% (1962/3087), 35.07 MiB | 108.00 KiB/sReceiving objects:  63% (1962/3087), 35.16 MiB | 83.00 KiB/sReceiving objects:  63% (1962/3087), 35.22 MiB | 77.00 KiB/sReceiving objects:  63% (1962/3087), 35.32 MiB | 91.00 KiB/sReceiving objects:  63% (1962/3087), 35.46 MiB | 91.00 KiB/sReceiving objects:  63% (1962/3087), 35.61 MiB | 108.00 KiB/sReceiving objects:  63% (1962/3087), 35.73 MiB | 121.00 KiB/sReceiving objects:  63% (1962/3087), 35.94 MiB | 144.00 KiB/sReceiving objects:  63% (1966/3087), 36.06 MiB | 149.00 KiB/sReceiving objects:  63% (1966/3087), 36.25 MiB | 158.00 KiB/sReceiving objects:  63% (1967/3087), 36.27 MiB | 151.00 KiB/sReceiving objects:  63% (1969/3087), 36.36 MiB | 138.00 KiB/sReceiving objects:  63% (1969/3087), 36.42 MiB | 115.00 KiB/sReceiving objects:  63% (1969/3087), 36.57 MiB | 104.00 KiB/sReceiving objects:  63% (1969/3087), 36.64 MiB | 100.00 KiB/sReceiving objects:  63% (1970/3087), 36.74 MiB | 89.00 KiB/sReceiving objects:  63% (1971/3087), 36.86 MiB | 93.00 KiB/sReceiving objects:  64% (1976/3087), 36.86 MiB | 93.00 KiB/sReceiving objects:  64% (1988/3087), 36.98 MiB | 110.00 KiB/sReceiving objects:  65% (2007/3087), 36.98 MiB | 110.00 KiB/sReceiving objects:  66% (2038/3087), 36.98 MiB | 110.00 KiB/sReceiving objects:  67% (2069/3087), 36.98 MiB | 110.00 KiB/sReceiving objects:  68% (2100/3087), 36.98 MiB | 110.00 KiB/sReceiving objects:  69% (2131/3087), 37.04 MiB | 103.00 KiB/sReceiving objects:  69% (2135/3087), 37.04 MiB | 103.00 KiB/sReceiving objects:  70% (2161/3087), 37.04 MiB | 103.00 KiB/sReceiving objects:  70% (2187/3087), 37.14 MiB | 102.00 KiB/sReceiving objects:  71% (2192/3087), 37.14 MiB | 102.00 KiB/sReceiving objects:  71% (2196/3087), 37.21 MiB | 104.00 KiB/sReceiving objects:  71% (2206/3087), 37.32 MiB | 102.00 KiB/sReceiving objects:  71% (2206/3087), 37.51 MiB | 109.00 KiB/sReceiving objects:  71% (2206/3087), 37.63 MiB | 109.00 KiB/sReceiving objects:  71% (2206/3087), 37.68 MiB | 104.00 KiB/sReceiving objects:  71% (2206/3087), 37.81 MiB | 106.00 KiB/sReceiving objects:  71% (2206/3087), 37.88 MiB | 105.00 KiB/sReceiving objects:  71% (2206/3087), 37.92 MiB | 97.00 KiB/sReceiving objects:  71% (2209/3087), 38.00 MiB | 82.00 KiB/sReceiving objects:  71% (2211/3087), 38.03 MiB | 76.00 KiB/sReceiving objects:  71% (2211/3087), 38.11 MiB | 67.00 KiB/sReceiving objects:  71% (2213/3087), 38.15 MiB | 59.00 KiB/sReceiving objects:  71% (2215/3087), 38.24 MiB | 66.00 KiB/sReceiving objects:  71% (2217/3087), 38.29 MiB | 64.00 KiB/sReceiving objects:  71% (2222/3087), 38.36 MiB | 61.00 KiB/sReceiving objects:  72% (2223/3087), 38.36 MiB | 61.00 KiB/sReceiving objects:  72% (2236/3087), 38.39 MiB | 61.00 KiB/sReceiving objects:  72% (2245/3087), 38.48 MiB | 60.00 KiB/sReceiving objects:  72% (2246/3087), 38.57 MiB | 70.00 KiB/sReceiving objects:  72% (2248/3087), 38.71 MiB | 81.00 KiB/sReceiving objects:  72% (2250/3087), 38.93 MiB | 109.00 KiB/sReceiving objects:  72% (2251/3087), 38.98 MiB | 107.00 KiB/sReceiving objects:  72% (2252/3087), 39.07 MiB | 119.00 KiB/sReceiving objects:  72% (2253/3087), 39.19 MiB | 113.00 KiB/sReceiving objects:  73% (2254/3087), 39.19 MiB | 113.00 KiB/sReceiving objects:  73% (2254/3087), 39.24 MiB | 95.00 KiB/sReceiving objects:  73% (2254/3087), 39.33 MiB | 96.00 KiB/sReceiving objects:  73% (2254/3087), 39.39 MiB | 89.00 KiB/sReceiving objects:  73% (2254/3087), 39.45 MiB | 66.00 KiB/sReceiving objects:  73% (2255/3087), 39.49 MiB | 67.00 KiB/sReceiving objects:  73% (2255/3087), 39.57 MiB | 62.00 KiB/sReceiving objects:  73% (2255/3087), 39.64 MiB | 72.00 KiB/sReceiving objects:  73% (2256/3087), 39.75 MiB | 70.00 KiB/sReceiving objects:  73% (2257/3087), 39.84 MiB | 81.00 KiB/sReceiving objects:  73% (2257/3087), 40.07 MiB | 116.00 KiB/sReceiving objects:  73% (2258/3087), 40.36 MiB | 154.00 KiB/sReceiving objects:  73% (2259/3087), 40.41 MiB | 154.00 KiB/sReceiving objects:  73% (2259/3087), 40.50 MiB | 148.00 KiB/sReceiving objects:  73% (2259/3087), 40.57 MiB | 136.00 KiB/sReceiving objects:  73% (2260/3087), 40.61 MiB | 117.00 KiB/sReceiving objects:  73% (2260/3087), 40.71 MiB | 73.00 KiB/sReceiving objects:  73% (2260/3087), 40.76 MiB | 73.00 KiB/sReceiving objects:  73% (2261/3087), 40.80 MiB | 72.00 KiB/sReceiving objects:  73% (2261/3087), 40.92 MiB | 71.00 KiB/sReceiving objects:  73% (2261/3087), 40.99 MiB | 75.00 KiB/sReceiving objects:  73% (2266/3087), 41.07 MiB | 81.00 KiB/sReceiving objects:  73% (2277/3087), 41.13 MiB | 83.00 KiB/sReceiving objects:  74% (2285/3087), 41.18 MiB | 84.00 KiB/sReceiving objects:  74% (2291/3087), 41.23 MiB | 84.00 KiB/sReceiving objects:  75% (2316/3087), 41.29 MiB | 93.00 KiB/sReceiving objects:  75% (2325/3087), 41.29 MiB | 93.00 KiB/sReceiving objects:  76% (2347/3087), 41.36 MiB | 90.00 KiB/sReceiving objects:  76% (2361/3087), 41.41 MiB | 89.00 KiB/sReceiving objects:  77% (2377/3087), 41.46 MiB | 86.00 KiB/sReceiving objects:  77% (2389/3087), 41.50 MiB | 89.00 KiB/sReceiving objects:  78% (2408/3087), 41.55 MiB | 88.00 KiB/sReceiving objects:  78% (2418/3087), 41.55 MiB | 88.00 KiB/sReceiving objects:  79% (2439/3087), 41.61 MiB | 90.00 KiB/sReceiving objects:  79% (2468/3087), 41.68 MiB | 82.00 KiB/sReceiving objects:  80% (2470/3087), 41.68 MiB | 82.00 KiB/sReceiving objects:  81% (2501/3087), 41.68 MiB | 82.00 KiB/sReceiving objects:  81% (2505/3087), 41.77 MiB | 88.00 KiB/sReceiving objects:  82% (2532/3087), 41.82 MiB | 94.00 KiB/sReceiving objects:  82% (2536/3087), 41.82 MiB | 94.00 KiB/sReceiving objects:  82% (2561/3087), 41.92 MiB | 84.00 KiB/sReceiving objects:  83% (2563/3087), 41.92 MiB | 84.00 KiB/sReceiving objects:  83% (2579/3087), 41.98 MiB | 86.00 KiB/sReceiving objects:  83% (2587/3087), 42.06 MiB | 82.00 KiB/sReceiving objects:  84% (2594/3087), 42.06 MiB | 82.00 KiB/sReceiving objects:  84% (2601/3087), 42.11 MiB | 77.00 KiB/sReceiving objects:  85% (2624/3087), 42.11 MiB | 77.00 KiB/sReceiving objects:  85% (2643/3087), 42.25 MiB | 75.00 KiB/sReceiving objects:  85% (2643/3087), 42.33 MiB | 78.00 KiB/sReceiving objects:  85% (2643/3087), 42.39 MiB | 77.00 KiB/sReceiving objects:  85% (2643/3087), 42.49 MiB | 83.00 KiB/sReceiving objects:  85% (2643/3087), 42.67 MiB | 103.00 KiB/sReceiving objects:  85% (2643/3087), 42.92 MiB | 127.00 KiB/sReceiving objects:  85% (2643/3087), 43.02 MiB | 138.00 KiB/sReceiving objects:  85% (2643/3087), 43.18 MiB | 153.00 KiB/sReceiving objects:  85% (2643/3087), 43.25 MiB | 148.00 KiB/sReceiving objects:  85% (2643/3087), 43.35 MiB | 117.00 KiB/sReceiving objects:  85% (2643/3087), 43.43 MiB | 113.00 KiB/sReceiving objects:  85% (2643/3087), 43.50 MiB | 89.00 KiB/sReceiving objects:  85% (2643/3087), 43.54 MiB | 79.00 KiB/sReceiving objects:  85% (2643/3087), 43.62 MiB | 66.00 KiB/sReceiving objects:  85% (2643/3087), 43.73 MiB | 65.00 KiB/sReceiving objects:  85% (2643/3087), 43.79 MiB | 82.00 KiB/sReceiving objects:  85% (2643/3087), 44.03 MiB | 104.00 KiB/sReceiving objects:  86% (2655/3087), 44.03 MiB | 104.00 KiB/sReceiving objects:  87% (2686/3087), 44.03 MiB | 104.00 KiB/sReceiving objects:  88% (2717/3087), 44.03 MiB | 104.00 KiB/sReceiving objects:  88% (2745/3087), 44.19 MiB | 122.00 KiB/sReceiving objects:  89% (2748/3087), 44.19 MiB | 122.00 KiB/sReceiving objects:  90% (2779/3087), 44.19 MiB | 122.00 KiB/sReceiving objects:  90% (2782/3087), 44.39 MiB | 146.00 KiB/sReceiving objects:  90% (2782/3087), 44.43 MiB | 142.00 KiB/sReceiving objects:  90% (2784/3087), 44.48 MiB | 134.00 KiB/sReceiving objects:  90% (2792/3087), 44.63 MiB | 132.00 KiB/sReceiving objects:  90% (2792/3087), 44.69 MiB | 123.00 KiB/sReceiving objects:  90% (2793/3087), 44.79 MiB | 100.00 KiB/sReceiving objects:  90% (2796/3087), 44.86 MiB | 84.00 KiB/sReceiving objects:  90% (2803/3087), 44.96 MiB | 88.00 KiB/sReceiving objects:  90% (2805/3087), 45.05 MiB | 92.00 KiB/sReceiving objects:  90% (2805/3087), 45.15 MiB | 87.00 KiB/sReceiving objects:  90% (2805/3087), 45.21 MiB | 83.00 KiB/sReceiving objects:  90% (2805/3087), 45.29 MiB | 88.00 KiB/sReceiving objects:  90% (2805/3087), 45.32 MiB | 77.00 KiB/sReceiving objects:  90% (2808/3087), 45.42 MiB | 87.00 KiB/sReceiving objects:  91% (2810/3087), 45.49 MiB | 88.00 KiB/sReceiving objects:  91% (2810/3087), 45.53 MiB | 82.00 KiB/sReceiving objects:  91% (2811/3087), 45.66 MiB | 90.00 KiB/sReceiving objects:  91% (2813/3087), 45.71 MiB | 88.00 KiB/sReceiving objects:  91% (2824/3087), 45.82 MiB | 89.00 KiB/s
Receiving objects:  92% (2841/3087), 45.82 MiB | 89.00 KiB/sReceiving objects:  93% (2871/3087), 45.82 MiB | 89.00 KiB/sReceiving objects:  93% (2881/3087), 45.93 MiB | 91.00 KiB/sReceiving objects:  94% (2902/3087), 45.93 MiB | 91.00 KiB/sReceiving objects:  94% (2914/3087), 45.98 MiB | 88.00 KiB/sReceiving objects:  95% (2933/3087), 46.04 MiB | 91.00 KiB/sReceiving objects:  95% (2957/3087), 46.04 MiB | 91.00 KiB/sReceiving objects:  96% (2964/3087), 46.04 MiB | 91.00 KiB/sReceiving objects:  96% (2984/3087), 46.22 MiB | 93.00 KiB/sReceiving objects:  96% (2985/3087), 46.29 MiB | 93.00 KiB/sReceiving objects:  97% (2995/3087), 46.33 MiB | 94.00 KiB/sReceiving objects:  97% (2995/3087), 46.39 MiB | 85.00 KiB/sReceiving objects:  98% (3026/3087), 46.39 MiB | 85.00 KiB/sReceiving objects:  98% (3039/3087), 46.39 MiB | 85.00 KiB/sReceiving objects:  99% (3057/3087), 46.50 MiB | 99.00 KiB/sremote: Total 3087 (delta 1758), reused 1752 (delta 856), pack-reused 0 (from 0)
	Receiving objects: 100% (3087/3087), 46.50 MiB | 99.00 KiB/s
Receiving objects: 100% (3087/3087), 46.52 MiB | 93.00 KiB/s, done.
	Resolving deltas:   0% (0/1758)Resolving deltas:   1% (18/1758)Resolving deltas:   2% (36/1758)
Resolving deltas:   3% (53/1758)Resolving deltas:   4% (72/1758)Resolving deltas:   5% (88/1758)Resolving deltas:   6% (106/1758)
Resolving deltas:   7% (124/1758)
Resolving deltas:   8% (141/1758)Resolving deltas:   9% (160/1758)Resolving deltas:  10% (176/1758)Resolving deltas:  11% (194/1758)
Resolving deltas:  12% (211/1758)Resolving deltas:  13% (230/1758)Resolving deltas:  14% (247/1758)
Resolving deltas:  15% (264/1758)
Resolving deltas:  16% (282/1758)
Resolving deltas:  17% (300/1758)Resolving deltas:  18% (318/1758)Resolving deltas:  19% (335/1758)
Resolving deltas:  20% (353/1758)Resolving deltas:  21% (370/1758)
Resolving deltas:  22% (387/1758)Resolving deltas:  23% (405/1758)
Resolving deltas:  24% (422/1758)Resolving deltas:  25% (441/1758)Resolving deltas:  26% (458/1758)Resolving deltas:  27% (475/1758)
Resolving deltas:  28% (494/1758)
Resolving deltas:  29% (510/1758)
Resolving deltas:  30% (528/1758)
Resolving deltas:  31% (545/1758)Resolving deltas:  32% (563/1758)Resolving deltas:  33% (581/1758)Resolving deltas:  34% (599/1758)Resolving deltas:  35% (616/1758)
Resolving deltas:  36% (633/1758)
Resolving deltas:  37% (651/1758)Resolving deltas:  38% (671/1758)
Resolving deltas:  39% (686/1758)
Resolving deltas:  40% (704/1758)Resolving deltas:  41% (721/1758)
Resolving deltas:  42% (739/1758)Resolving deltas:  43% (756/1758)Resolving deltas:  44% (774/1758)
Resolving deltas:  45% (792/1758)Resolving deltas:  46% (809/1758)Resolving deltas:  47% (827/1758)Resolving deltas:  48% (844/1758)Resolving deltas:  49% (862/1758)Resolving deltas:  50% (879/1758)Resolving deltas:  51% (897/1758)Resolving deltas:  52% (915/1758)Resolving deltas:  53% (932/1758)Resolving deltas:  54% (950/1758)
Resolving deltas:  55% (967/1758)Resolving deltas:  56% (985/1758)Resolving deltas:  57% (1003/1758)
Resolving deltas:  58% (1020/1758)
Resolving deltas:  59% (1038/1758)
Resolving deltas:  60% (1055/1758)Resolving deltas:  61% (1073/1758)
Resolving deltas:  62% (1090/1758)Resolving deltas:  63% (1108/1758)Resolving deltas:  64% (1126/1758)Resolving deltas:  65% (1143/1758)Resolving deltas:  66% (1163/1758)Resolving deltas:  67% (1178/1758)Resolving deltas:  68% (1196/1758)Resolving deltas:  69% (1214/1758)
Resolving deltas:  70% (1231/1758)Resolving deltas:  71% (1249/1758)Resolving deltas:  72% (1266/1758)Resolving deltas:  73% (1284/1758)Resolving deltas:  74% (1301/1758)Resolving deltas:  75% (1319/1758)Resolving deltas:  76% (1337/1758)
Resolving deltas:  77% (1354/1758)Resolving deltas:  78% (1372/1758)Resolving deltas:  79% (1389/1758)Resolving deltas:  80% (1407/1758)Resolving deltas:  81% (1424/1758)Resolving deltas:  82% (1442/1758)Resolving deltas:  83% (1460/1758)
Resolving deltas:  84% (1477/1758)
Resolving deltas:  85% (1495/1758)Resolving deltas:  86% (1512/1758)Resolving deltas:  87% (1530/1758)Resolving deltas:  88% (1548/1758)Resolving deltas:  89% (1565/1758)Resolving deltas:  90% (1583/1758)Resolving deltas:  91% (1600/1758)Resolving deltas:  92% (1618/1758)Resolving deltas:  93% (1635/1758)Resolving deltas:  94% (1653/1758)Resolving deltas:  95% (1671/1758)Resolving deltas:  96% (1688/1758)Resolving deltas:  97% (1706/1758)Resolving deltas:  98% (1723/1758)
Resolving deltas:  99% (1741/1758)Resolving deltas: 100% (1758/1758)Resolving deltas: 100% (1758/1758), done.
	HEAD is now at a4523cb Update cutil.c (#683)
	Submodule 'src/GAP' (https://github.com/libAtoms/GAP) registered for path 'src/GAP'
	Submodule 'src/fox' (https://github.com/libAtoms/fox) registered for path 'src/fox'
	Cloning into '/opt/my_lammps/build/quip_build-prefix/src/quip_build/src/GAP'...
	Cloning into '/opt/my_lammps/build/quip_build-prefix/src/quip_build/src/fox'...
	Submodule path 'src/GAP': checked out '65c8971e93f42db60fe06e5c45c254e8c80ac766'
	Submodule 'soap_turbo' (https://github.com/libAtoms/soap_turbo.git) registered for path 'src/GAP/soap_turbo'
	Cloning into '/opt/my_lammps/build/quip_build-prefix/src/quip_build/src/GAP/soap_turbo'...
	Submodule path 'src/GAP/soap_turbo': checked out '03f9d82366ea7a8702761908abfcc4acebf0be4d'
	Submodule path 'src/fox': checked out 'b5b69ef9a46837bd944ba5c9bc1cf9d00a6198a7'
	[  9%] Performing update step for 'quip_build'
	HEAD is now at a4523cb Update cutil.c (#683)
	[  9%] Performing patch step for 'quip_build'
	[  9%] Performing configure step for 'quip_build'
	Using QUIP_ARCH=lammps, MODULES=libAtoms GAP Potentials Utils, QUIP_ROOT=/opt/my_lammps/build/quip_build-prefix/src/quip_build
	
	In the following, hit enter to accept the defaults.
	
	
	BUILD OPTIONS
	=============
	
	
	OPTIONAL INTERNAL FEATURES
	==========================
	
	
	OPTIONAL FEATURES (EXTRA CODE REQUIRED)
	=======================================
	
	
	OPTIONAL EXTERNAL LIBRARIES
	===========================
	
	[  9%] Performing build step for 'quip_build'
	Using QUIP_ARCH=lammps, MODULES=libAtoms GAP Potentials Utils, QUIP_ROOT=/opt/my_lammps/build/quip_build-prefix/src/quip_build
	checking build system type...x86_64-pc-linux-gnu
	checking host system type...x86_64-pc-linux-gnu
	checking whether the Fortran compiler works...yes
	checking for Fortran compiler default output file name... a.out
	checking for suffix of executables...
	checking whether we are cross compiling...no
	checking for suffix of object files...o
	checking whether we are using the GNU Fortran compiler...yes
	checking whether /usr/bin/gfortran accepts -g...yes
	checking for ranlib... ranlib
	configure: Could not determine type of compiler
	checking for kind number produced by kind(1.0)...4
	checking for kind number produced by kind(1.0d0)...8
	checking for kind number produced by selected_real_kind(6,34)...4
	checking for kind number produced by selected_real_kind(15,300)...8
	checking how to compile a call to FLUSH...default
	checking how to compile a call to ABORT...default
	checking for EOR character used by /usr/bin/gfortran...LF
	checking for ASSOCIATED in restricted expression bug...no
	checking for a BSD-compatible install.../usr/bin/install -c
	checking for a thread-safe mkdir -p.../usr/bin/mkdir -p
	checking Fortran 90 module inclusion flag...-I
	checking Fortran 90 module extension...mod
	configure: creating ./config.status
	config.status: creating arch.make
	config.status: creating FoX-config
	==> Creating libFoX_fsys.a with fox_m_fsys_abort_flush.o fox_m_fsys_array_str.o fox_m_fsys_format.o fox_m_fsys_parse_input.o fox_m_fsys_count_parse_input.o fox_m_fsys_string.o fox_m_fsys_string_list.o fox_m_fsys_realtypes.o fox_m_fsys_varstr.o
	ar: `u' modifier ignored since `D' is the default (see `U')
	==> Creating libFoX_utils.a with FoX_utils.o fox_m_utils_mtprng.o fox_m_utils_uuid.o fox_m_utils_uri.o
	ar: `u' modifier ignored since `D' is the default (see `U')
	==> Creating libFoX_common.a with m_common_attrs.o m_common_buffer.o m_common_charset.o m_common_namespaces.o m_common_error.o m_common_elstack.o m_common_io.o FoX_common.o m_common_namecheck.o m_common_entities.o m_common_notations.o m_common_element.o m_common_struct.o m_common_entity_expand.o m_common_content_model.o
	ar: `u' modifier ignored since `D' is the default (see `U')
	==> Creating libFoX_wxml.a with m_wxml_escape.o m_wxml_core.o m_wxml_overloads.o FoX_wxml.o
	ar: `u' modifier ignored since `D' is the default (see `U')
	==> Creating libFoX_wcml.a with FoX_wcml.o m_wcml_coma.o m_wcml_core.o m_wcml_stml.o m_wcml_parameter.o m_wcml_property.o m_wcml_metadata.o m_wcml_lattice.o m_wcml_geometry.o m_wcml_molecule.o m_wcml_lists.o m_wcml_inputdec.o
	ar: `u' modifier ignored since `D' is the default (see `U')
	==> Updating libFoX_wkml.a with FoX_wkml.o m_wkml_lowlevel.o m_wkml_color.o m_wkml_styling.o m_wkml_features.o m_wkml_coverage.o m_wkml_core.o m_wkml_contours.o m_contours.o m_wkml_color_def.o m_wkml_chart.o
	ar: `u' modifier ignored since `D' is the default (see `U')
	==> Creating libFoX_sax.a with m_sax_types.o m_sax_tokenizer.o m_sax_reader.o m_sax_parser.o m_sax_operate.o m_sax_xml_source.o FoX_sax.o
	ar: `u' modifier ignored since `D' is the default (see `U')
	********************************************
	
	Making libAtoms
	
	********************************************
	/opt/my_lammps/build/quip_build-prefix/src/quip_build/src/libAtoms/lbfgs.f:278:72:
	
	278 |  30      IF (DIAG(I).LE.ZERO) GO TO 195
	|                                                                        1
	Warning: Fortran 2018 deleted feature: DO termination statement which is not END DO or CONTINUE with label 30 at (1)
	/opt/my_lammps/build/quip_build-prefix/src/quip_build/src/libAtoms/lbfgs.f:281:72:
	
	281 |  40      DIAG(I)= 1.0D0
	|                                                                        1
	Warning: Fortran 2018 deleted feature: DO termination statement which is not END DO or CONTINUE with label 40 at (1)
	/opt/my_lammps/build/quip_build-prefix/src/quip_build/src/libAtoms/lbfgs.f:302:72:
	
	302 |  50   W(ISPT+I)= -G(I)*DIAG(I)
	|                                                                        1
	Warning: Fortran 2018 deleted feature: DO termination statement which is not END DO or CONTINUE with label 50 at (1)
	/opt/my_lammps/build/quip_build-prefix/src/quip_build/src/libAtoms/lbfgs.f:328:72:
	
	328 |    90    DIAG(I)= YS/YY
	|                                                                        1
	Warning: Fortran 2018 deleted feature: DO termination statement which is not END DO or CONTINUE with label 90 at (1)
	/opt/my_lammps/build/quip_build-prefix/src/quip_build/src/libAtoms/lbfgs.f:336:72:
	
	336 |  110    IF (DIAG(I).LE.ZERO) GO TO 195
	|                                                                        1
	Warning: Fortran 2018 deleted feature: DO termination statement which is not END DO or CONTINUE with label 110 at (1)
	/opt/my_lammps/build/quip_build-prefix/src/quip_build/src/libAtoms/lbfgs.f:348:72:
	
	348 |  112  W(I)= -G(I)
	|                                                                        1
	Warning: Fortran 2018 deleted feature: DO termination statement which is not END DO or CONTINUE with label 112 at (1)
	/opt/my_lammps/build/quip_build-prefix/src/quip_build/src/libAtoms/lbfgs.f:361:72:
	
	361 |  130  W(I)=DIAG(I)*W(I)
	|                                                                        1
	Warning: Fortran 2018 deleted feature: DO termination statement which is not END DO or CONTINUE with label 130 at (1)
	/opt/my_lammps/build/quip_build-prefix/src/quip_build/src/libAtoms/lbfgs.f:378:72:
	
	378 |  160   W(ISPT+POINT*N+I)= W(I)
	|                                                                        1
	Warning: Fortran 2018 deleted feature: DO termination statement which is not END DO or CONTINUE with label 160 at (1)
	/opt/my_lammps/build/quip_build-prefix/src/quip_build/src/libAtoms/lbfgs.f:387:72:
	
	387 |  170  W(I)=G(I)
	|                                                                        1
	Warning: Fortran 2018 deleted feature: DO termination statement which is not END DO or CONTINUE with label 170 at (1)
	/opt/my_lammps/build/quip_build-prefix/src/quip_build/src/libAtoms/lbfgs.f:404:72:
	
	404 |  175  W(IYPT+NPT+I)= G(I)-W(I)
	|                                                                        1
	Warning: Fortran 2018 deleted feature: DO termination statement which is not END DO or CONTINUE with label 175 at (1)
	/opt/my_lammps/build/quip_build-prefix/src/quip_build/src/libAtoms/histogram1d.f95:49:0:
	
	49 | #define ASSERT(x)
	|
	Warning: "ASSERT" redefined
	/opt/my_lammps/build/quip_build-prefix/src/quip_build/src/libAtoms/error.inc:59:0:
	
	59 | #define ASSERT(condition, message, error)   if (.not. (condition)) then ; RAISE_ERROR(message, error) ; endif
	|
	note: this is the location of the previous definition
	cc1: warning: command-line option '-fmax-stack-var-size=6553600' is valid for Fortran but not for C
	cc1: note: unrecognized command-line option '-Wno-return-mismatch' may have been intended to silence earlier diagnostics
	cc1: warning: command-line option '-fmax-stack-var-size=6553600' is valid for Fortran but not for C
	/opt/my_lammps/build/quip_build-prefix/src/quip_build/src/libAtoms/cutil.c: In function 'pointer_to_':
	/opt/my_lammps/build/quip_build-prefix/src/quip_build/src/libAtoms/cutil.c:273:11: warning: cast from pointer to integer of different size [-Wpointer-to-int-cast]
	273 |   return ((int) p);
	|           ^
	/opt/my_lammps/build/quip_build-prefix/src/quip_build/src/libAtoms/cutil.c: In function 'fread_array_d_':
	/opt/my_lammps/build/quip_build-prefix/src/quip_build/src/libAtoms/cutil.c:211:7: warning: ignoring return value of 'fscanf' declared with attribute 'warn_unused_result' [-Wunused-result]
	211 |       fscanf(fp, "%lf", v+i);
	|       ^~~~~~~~~~~~~~~~~~~~~~
	/opt/my_lammps/build/quip_build-prefix/src/quip_build/src/libAtoms/cutil.c: In function 'fread_array_i_':
	/opt/my_lammps/build/quip_build-prefix/src/quip_build/src/libAtoms/cutil.c:222:7: warning: ignoring return value of 'fscanf' declared with attribute 'warn_unused_result' [-Wunused-result]
	222 |       fscanf(fp, "%i", v+i);
	|       ^~~~~~~~~~~~~~~~~~~~~
	/opt/my_lammps/build/quip_build-prefix/src/quip_build/src/libAtoms/cutil.c: In function 'fwc_l_':
	/opt/my_lammps/build/quip_build-prefix/src/quip_build/src/libAtoms/cutil.c:235:19: warning: ignoring return value of 'fscanf' declared with attribute 'warn_unused_result' [-Wunused-result]
	235 |    while (EOF != (fscanf(fp,"%*[^\n]"), fscanf(fp,"%*c"))) {
	|                   ^~~~~~~~~~~~~~~~~~~~
	/opt/my_lammps/build/quip_build-prefix/src/quip_build/src/libAtoms/cutil.c: At top level:
	cc1: note: unrecognized command-line option '-Wno-return-mismatch' may have been intended to silence earlier diagnostics
	cc1: warning: command-line option '-fmax-stack-var-size=6553600' is valid for Fortran but not for C
	cc1: note: unrecognized command-line option '-Wno-return-mismatch' may have been intended to silence earlier diagnostics
	cc1: warning: command-line option '-fmax-stack-var-size=6553600' is valid for Fortran but not for C
	/opt/my_lammps/build/quip_build-prefix/src/quip_build/src/libAtoms/xyz.c: In function 'get_line':
	/opt/my_lammps/build/quip_build-prefix/src/quip_build/src/libAtoms/xyz.c:413:7: warning: format not a string literal and no format arguments [-Wformat-security]
	413 |       RAISE_ERROR_WITH_KIND_CHAR(ERROR_IO_EOF, info);
	|       ^~~~~~~~~~~~~~~~~~~~~~~~~~
	/opt/my_lammps/build/quip_build-prefix/src/quip_build/src/libAtoms/xyz.c:431:7: warning: format not a string literal and no format arguments [-Wformat-security]
	431 |       RAISE_ERROR_WITH_KIND_CHAR(ERROR_IO_EOF, info);
	|       ^~~~~~~~~~~~~~~~~~~~~~~~~~
	In file included from /opt/my_lammps/build/quip_build-prefix/src/quip_build/src/libAtoms/xyz.c:50:
	/opt/my_lammps/build/quip_build-prefix/src/quip_build/src/libAtoms/xyz.c: In function 'read_xyz':
	/opt/my_lammps/build/quip_build-prefix/src/quip_build/src/libAtoms/xyz.c:1047:39: warning: too many arguments for format [-Wformat-extra-args]
	1047 |       RAISE_ERROR_WITH_KIND(ERROR_IO, "incomplete row, frame %d atom %d - got %d/%d entries line %d\n", frame, n, k, entry_count, frame, linep);
	|                                       ^~~~~~~~~~~~~~~~~~~~~~~~~~~~~~~~~~~~~~~~~~~~~~~~~~~~~~~~~~~~~~~~
	/opt/my_lammps/build/quip_build-prefix/src/quip_build/src/libAtoms/libatoms.h:127:70: note: in definition of macro 'RAISE_ERROR_WITH_KIND'
	127 | #define RAISE_ERROR_WITH_KIND(kind, info, ...) sprintf(error_h_info, info, ## __VA_ARGS__ ); error_h_line = __LINE__; error_h_kind = kind; c_push_error_with_info_(error_h_info, __FILE__, &error_h_line, &error_h_kind, strlen(error_h_info), strlen(__FILE__)); if (error != NULL) { *error = error_h_kind; return; } else c_error_abort_(error)
	|                                                                      ^~~~
	/opt/my_lammps/build/quip_build-prefix/src/quip_build/src/libAtoms/xyz.c:765:49: warning: '%s' directive writing up to 2047 bytes into a region of size 971 [-Wformat-overflow=]
	765 |                 RAISE_ERROR_WITH_KIND(ERROR_IO, "Missing value for parameter \"%s\"\n", param_key);
	|                                                 ^~~~~~~~~~~~~~~~~~~~~~~~~~~~~~~~~~~~~~  ~~~~~~~~~
	/opt/my_lammps/build/quip_build-prefix/src/quip_build/src/libAtoms/libatoms.h:127:70: note: in definition of macro 'RAISE_ERROR_WITH_KIND'
	127 | #define RAISE_ERROR_WITH_KIND(kind, info, ...) sprintf(error_h_info, info, ## __VA_ARGS__ ); error_h_line = __LINE__; error_h_kind = kind; c_push_error_with_info_(error_h_info, __FILE__, &error_h_line, &error_h_kind, strlen(error_h_info), strlen(__FILE__)); if (error != NULL) { *error = error_h_kind; return; } else c_error_abort_(error)
	|                                                                      ^~~~
	/opt/my_lammps/build/quip_build-prefix/src/quip_build/src/libAtoms/xyz.c:765:80: note: format string is defined here
	765 |                 RAISE_ERROR_WITH_KIND(ERROR_IO, "Missing value for parameter \"%s\"\n", param_key);
	|                                                                                ^~
	In file included from /usr/include/stdio.h:894,
	from /opt/my_lammps/build/quip_build-prefix/src/quip_build/src/libAtoms/xyz.c:36:
	/usr/include/x86_64-linux-gnu/bits/stdio2.h:38:10: note: '__builtin___sprintf_chk' output between 32 and 2079 bytes into a destination of size 1000
	38 |   return __builtin___sprintf_chk (__s, __USE_FORTIFY_LEVEL - 1,
	|          ^~~~~~~~~~~~~~~~~~~~~~~~~~~~~~~~~~~~~~~~~~~~~~~~~~~~~~
	39 |                                   __glibc_objsize (__s), __fmt,
	|                                   ~~~~~~~~~~~~~~~~~~~~~~~~~~~~~
	40 |                                   __va_arg_pack ());
	|                                   ~~~~~~~~~~~~~~~~~
	In file included from /opt/my_lammps/build/quip_build-prefix/src/quip_build/src/libAtoms/xyz.c:50:
	/opt/my_lammps/build/quip_build-prefix/src/quip_build/src/libAtoms/xyz.c:815:39: warning: '%s' directive writing up to 2047 bytes into a region of size between 950 and 959 [-Wformat-overflow=]
	815 |       RAISE_ERROR_WITH_KIND(ERROR_IO, "Bad number of fields %d in real parameter %s\n", k, param_key);
	|                                       ^~~~~~~~~~~~~~~~~~~~~~~~~~~~~~~~~~~~~~~~~~~~~~~~     ~~~~~~~~~
	/opt/my_lammps/build/quip_build-prefix/src/quip_build/src/libAtoms/libatoms.h:127:70: note: in definition of macro 'RAISE_ERROR_WITH_KIND'
	127 | #define RAISE_ERROR_WITH_KIND(kind, info, ...) sprintf(error_h_info, info, ## __VA_ARGS__ ); error_h_line = __LINE__; error_h_kind = kind; c_push_error_with_info_(error_h_info, __FILE__, &error_h_line, &error_h_kind, strlen(error_h_info), strlen(__FILE__)); if (error != NULL) { *error = error_h_kind; return; } else c_error_abort_(error)
	|                                                                      ^~~~
	/opt/my_lammps/build/quip_build-prefix/src/quip_build/src/libAtoms/xyz.c:815:82: note: format string is defined here
	815 |       RAISE_ERROR_WITH_KIND(ERROR_IO, "Bad number of fields %d in real parameter %s\n", k, param_key);
	|                                                                                  ^~
	In file included from /usr/include/stdio.h:894,
	from /opt/my_lammps/build/quip_build-prefix/src/quip_build/src/libAtoms/xyz.c:36:
	/usr/include/x86_64-linux-gnu/bits/stdio2.h:38:10: note: '__builtin___sprintf_chk' output between 43 and 2099 bytes into a destination of size 1000
	38 |   return __builtin___sprintf_chk (__s, __USE_FORTIFY_LEVEL - 1,
	|          ^~~~~~~~~~~~~~~~~~~~~~~~~~~~~~~~~~~~~~~~~~~~~~~~~~~~~~
	39 |                                   __glibc_objsize (__s), __fmt,
	|                                   ~~~~~~~~~~~~~~~~~~~~~~~~~~~~~
	40 |                                   __va_arg_pack ());
	|                                   ~~~~~~~~~~~~~~~~~
	In file included from /opt/my_lammps/build/quip_build-prefix/src/quip_build/src/libAtoms/xyz.c:50:
	/opt/my_lammps/build/quip_build-prefix/src/quip_build/src/libAtoms/xyz.c:833:39: warning: '%s' directive writing up to 2047 bytes into a region of size between 947 and 956 [-Wformat-overflow=]
	833 |       RAISE_ERROR_WITH_KIND(ERROR_IO, "Bad number of fields %d in logical parameter %s\n", k, param_key);
	|                                       ^~~~~~~~~~~~~~~~~~~~~~~~~~~~~~~~~~~~~~~~~~~~~~~~~~~     ~~~~~~~~~
	/opt/my_lammps/build/quip_build-prefix/src/quip_build/src/libAtoms/libatoms.h:127:70: note: in definition of macro 'RAISE_ERROR_WITH_KIND'
	127 | #define RAISE_ERROR_WITH_KIND(kind, info, ...) sprintf(error_h_info, info, ## __VA_ARGS__ ); error_h_line = __LINE__; error_h_kind = kind; c_push_error_with_info_(error_h_info, __FILE__, &error_h_line, &error_h_kind, strlen(error_h_info), strlen(__FILE__)); if (error != NULL) { *error = error_h_kind; return; } else c_error_abort_(error)
	|                                                                      ^~~~
	/opt/my_lammps/build/quip_build-prefix/src/quip_build/src/libAtoms/xyz.c:833:85: note: format string is defined here
	833 |       RAISE_ERROR_WITH_KIND(ERROR_IO, "Bad number of fields %d in logical parameter %s\n", k, param_key);
	|                                                                                     ^~
	In file included from /usr/include/stdio.h:894,
	from /opt/my_lammps/build/quip_build-prefix/src/quip_build/src/libAtoms/xyz.c:36:
	/usr/include/x86_64-linux-gnu/bits/stdio2.h:38:10: note: '__builtin___sprintf_chk' output between 46 and 2102 bytes into a destination of size 1000
	38 |   return __builtin___sprintf_chk (__s, __USE_FORTIFY_LEVEL - 1,
	|          ^~~~~~~~~~~~~~~~~~~~~~~~~~~~~~~~~~~~~~~~~~~~~~~~~~~~~~
	39 |                                   __glibc_objsize (__s), __fmt,
	|                                   ~~~~~~~~~~~~~~~~~~~~~~~~~~~~~
	40 |                                   __va_arg_pack ());
	|                                   ~~~~~~~~~~~~~~~~~
	In file included from /opt/my_lammps/build/quip_build-prefix/src/quip_build/src/libAtoms/xyz.c:50:
	/opt/my_lammps/build/quip_build-prefix/src/quip_build/src/libAtoms/xyz.c:794:39: warning: '%s' directive writing up to 2047 bytes into a region of size between 947 and 956 [-Wformat-overflow=]
	794 |       RAISE_ERROR_WITH_KIND(ERROR_IO, "Bad number of fields %d in integer parameter %s\n", k, param_key);
	|                                       ^~~~~~~~~~~~~~~~~~~~~~~~~~~~~~~~~~~~~~~~~~~~~~~~~~~     ~~~~~~~~~
	/opt/my_lammps/build/quip_build-prefix/src/quip_build/src/libAtoms/libatoms.h:127:70: note: in definition of macro 'RAISE_ERROR_WITH_KIND'
	127 | #define RAISE_ERROR_WITH_KIND(kind, info, ...) sprintf(error_h_info, info, ## __VA_ARGS__ ); error_h_line = __LINE__; error_h_kind = kind; c_push_error_with_info_(error_h_info, __FILE__, &error_h_line, &error_h_kind, strlen(error_h_info), strlen(__FILE__)); if (error != NULL) { *error = error_h_kind; return; } else c_error_abort_(error)
	|                                                                      ^~~~
	/opt/my_lammps/build/quip_build-prefix/src/quip_build/src/libAtoms/xyz.c:794:85: note: format string is defined here
	794 |       RAISE_ERROR_WITH_KIND(ERROR_IO, "Bad number of fields %d in integer parameter %s\n", k, param_key);
	|                                                                                     ^~
	In file included from /usr/include/stdio.h:894,
	from /opt/my_lammps/build/quip_build-prefix/src/quip_build/src/libAtoms/xyz.c:36:
	/usr/include/x86_64-linux-gnu/bits/stdio2.h:38:10: note: '__builtin___sprintf_chk' output between 46 and 2102 bytes into a destination of size 1000
	38 |   return __builtin___sprintf_chk (__s, __USE_FORTIFY_LEVEL - 1,
	|          ^~~~~~~~~~~~~~~~~~~~~~~~~~~~~~~~~~~~~~~~~~~~~~~~~~~~~~
	39 |                                   __glibc_objsize (__s), __fmt,
	|                                   ~~~~~~~~~~~~~~~~~~~~~~~~~~~~~
	40 |                                   __va_arg_pack ());
	|                                   ~~~~~~~~~~~~~~~~~
	In file included from /opt/my_lammps/build/quip_build-prefix/src/quip_build/src/libAtoms/xyz.c:50:
	/opt/my_lammps/build/quip_build-prefix/src/quip_build/src/libAtoms/xyz.c:979:41: warning: '%s' directive writing up to 409599 bytes into a region of size 983 [-Wformat-overflow=]
	979 |         RAISE_ERROR_WITH_KIND(ERROR_IO, "Logical property %s with ncols != 1 no longer supported", fields[3*i]);
	|                                         ^~~~~~~~~~~~~~~~~~~~~~~~~~~~~~~~~~~~~~~~~~~~~~~~~~~~~~~~~
	/opt/my_lammps/build/quip_build-prefix/src/quip_build/src/libAtoms/libatoms.h:127:70: note: in definition of macro 'RAISE_ERROR_WITH_KIND'
	127 | #define RAISE_ERROR_WITH_KIND(kind, info, ...) sprintf(error_h_info, info, ## __VA_ARGS__ ); error_h_line = __LINE__; error_h_kind = kind; c_push_error_with_info_(error_h_info, __FILE__, &error_h_line, &error_h_kind, strlen(error_h_info), strlen(__FILE__)); if (error != NULL) { *error = error_h_kind; return; } else c_error_abort_(error)
	|                                                                      ^~~~
	/opt/my_lammps/build/quip_build-prefix/src/quip_build/src/libAtoms/xyz.c:979:59: note: format string is defined here
	979 |         RAISE_ERROR_WITH_KIND(ERROR_IO, "Logical property %s with ncols != 1 no longer supported", fields[3*i]);
	|                                                           ^~
	In file included from /usr/include/stdio.h:894,
	from /opt/my_lammps/build/quip_build-prefix/src/quip_build/src/libAtoms/xyz.c:36:
	/usr/include/x86_64-linux-gnu/bits/stdio2.h:38:10: note: '__builtin___sprintf_chk' output between 54 and 409653 bytes into a destination of size 1000
	38 |   return __builtin___sprintf_chk (__s, __USE_FORTIFY_LEVEL - 1,
	|          ^~~~~~~~~~~~~~~~~~~~~~~~~~~~~~~~~~~~~~~~~~~~~~~~~~~~~~
	39 |                                   __glibc_objsize (__s), __fmt,
	|                                   ~~~~~~~~~~~~~~~~~~~~~~~~~~~~~
	40 |                                   __va_arg_pack ());
	|                                   ~~~~~~~~~~~~~~~~~
	In file included from /opt/my_lammps/build/quip_build-prefix/src/quip_build/src/libAtoms/xyz.c:50:
	/opt/my_lammps/build/quip_build-prefix/src/quip_build/src/libAtoms/xyz.c:972:41: warning: '%s' directive writing up to 409599 bytes into a region of size 984 [-Wformat-overflow=]
	972 |         RAISE_ERROR_WITH_KIND(ERROR_IO, "String property %s with ncols != 1 no longer supported", fields[3*i]);
	|                                         ^~~~~~~~~~~~~~~~~~~~~~~~~~~~~~~~~~~~~~~~~~~~~~~~~~~~~~~~
	/opt/my_lammps/build/quip_build-prefix/src/quip_build/src/libAtoms/libatoms.h:127:70: note: in definition of macro 'RAISE_ERROR_WITH_KIND'
	127 | #define RAISE_ERROR_WITH_KIND(kind, info, ...) sprintf(error_h_info, info, ## __VA_ARGS__ ); error_h_line = __LINE__; error_h_kind = kind; c_push_error_with_info_(error_h_info, __FILE__, &error_h_line, &error_h_kind, strlen(error_h_info), strlen(__FILE__)); if (error != NULL) { *error = error_h_kind; return; } else c_error_abort_(error)
	|                                                                      ^~~~
	/opt/my_lammps/build/quip_build-prefix/src/quip_build/src/libAtoms/xyz.c:972:58: note: format string is defined here
	972 |         RAISE_ERROR_WITH_KIND(ERROR_IO, "String property %s with ncols != 1 no longer supported", fields[3*i]);
	|                                                          ^~
	In file included from /usr/include/stdio.h:894,
	from /opt/my_lammps/build/quip_build-prefix/src/quip_build/src/libAtoms/xyz.c:36:
	/usr/include/x86_64-linux-gnu/bits/stdio2.h:38:10: note: '__builtin___sprintf_chk' output between 53 and 409652 bytes into a destination of size 1000
	38 |   return __builtin___sprintf_chk (__s, __USE_FORTIFY_LEVEL - 1,
	|          ^~~~~~~~~~~~~~~~~~~~~~~~~~~~~~~~~~~~~~~~~~~~~~~~~~~~~~
	39 |                                   __glibc_objsize (__s), __fmt,
	|                                   ~~~~~~~~~~~~~~~~~~~~~~~~~~~~~
	40 |                                   __va_arg_pack ());
	|                                   ~~~~~~~~~~~~~~~~~
	In file included from /opt/my_lammps/build/quip_build-prefix/src/quip_build/src/libAtoms/xyz.c:50:
	/opt/my_lammps/build/quip_build-prefix/src/quip_build/src/libAtoms/xyz.c: In function 'write_xyz':
	/opt/my_lammps/build/quip_build-prefix/src/quip_build/src/libAtoms/xyz.c:1435:46: warning: '%s' directive writing up to 2047 bytes into a region of size 977 [-Wformat-overflow=]
	1435 |              RAISE_ERROR_WITH_KIND(ERROR_IO, "Cannot stat index file %s\n", indexname);
	|                                              ^~~~~~~~~~~~~~~~~~~~~~~~~~~~~  ~~~~~~~~~
	/opt/my_lammps/build/quip_build-prefix/src/quip_build/src/libAtoms/libatoms.h:127:70: note: in definition of macro 'RAISE_ERROR_WITH_KIND'
	127 | #define RAISE_ERROR_WITH_KIND(kind, info, ...) sprintf(error_h_info, info, ## __VA_ARGS__ ); error_h_line = __LINE__; error_h_kind = kind; c_push_error_with_info_(error_h_info, __FILE__, &error_h_line, &error_h_kind, strlen(error_h_info), strlen(__FILE__)); if (error != NULL) { *error = error_h_kind; return; } else c_error_abort_(error)
	|                                                                      ^~~~
	/opt/my_lammps/build/quip_build-prefix/src/quip_build/src/libAtoms/xyz.c:1435:70: note: format string is defined here
	1435 |              RAISE_ERROR_WITH_KIND(ERROR_IO, "Cannot stat index file %s\n", indexname);
	|                                                                      ^~
	In file included from /usr/include/stdio.h:894,
	from /opt/my_lammps/build/quip_build-prefix/src/quip_build/src/libAtoms/xyz.c:36:
	/usr/include/x86_64-linux-gnu/bits/stdio2.h:38:10: note: '__builtin___sprintf_chk' output between 25 and 2072 bytes into a destination of size 1000
	38 |   return __builtin___sprintf_chk (__s, __USE_FORTIFY_LEVEL - 1,
	|          ^~~~~~~~~~~~~~~~~~~~~~~~~~~~~~~~~~~~~~~~~~~~~~~~~~~~~~
	39 |                                   __glibc_objsize (__s), __fmt,
	|                                   ~~~~~~~~~~~~~~~~~~~~~~~~~~~~~
	40 |                                   __va_arg_pack ());
	|                                   ~~~~~~~~~~~~~~~~~
	In file included from /opt/my_lammps/build/quip_build-prefix/src/quip_build/src/libAtoms/xyz.c:50:
	/opt/my_lammps/build/quip_build-prefix/src/quip_build/src/libAtoms/xyz.c:1432:46: warning: '%s' directive writing up to 2047 bytes into a region of size 975 [-Wformat-overflow=]
	1432 |              RAISE_ERROR_WITH_KIND(ERROR_IO, "Cannot access index file %s\n", indexname);
	|                                              ^~~~~~~~~~~~~~~~~~~~~~~~~~~~~~~  ~~~~~~~~~
	/opt/my_lammps/build/quip_build-prefix/src/quip_build/src/libAtoms/libatoms.h:127:70: note: in definition of macro 'RAISE_ERROR_WITH_KIND'
	127 | #define RAISE_ERROR_WITH_KIND(kind, info, ...) sprintf(error_h_info, info, ## __VA_ARGS__ ); error_h_line = __LINE__; error_h_kind = kind; c_push_error_with_info_(error_h_info, __FILE__, &error_h_line, &error_h_kind, strlen(error_h_info), strlen(__FILE__)); if (error != NULL) { *error = error_h_kind; return; } else c_error_abort_(error)
	|                                                                      ^~~~
	/opt/my_lammps/build/quip_build-prefix/src/quip_build/src/libAtoms/xyz.c:1432:72: note: format string is defined here
	1432 |              RAISE_ERROR_WITH_KIND(ERROR_IO, "Cannot access index file %s\n", indexname);
	|                                                                        ^~
	In file included from /usr/include/stdio.h:894,
	from /opt/my_lammps/build/quip_build-prefix/src/quip_build/src/libAtoms/xyz.c:36:
	/usr/include/x86_64-linux-gnu/bits/stdio2.h:38:10: note: '__builtin___sprintf_chk' output between 27 and 2074 bytes into a destination of size 1000
	38 |   return __builtin___sprintf_chk (__s, __USE_FORTIFY_LEVEL - 1,
	|          ^~~~~~~~~~~~~~~~~~~~~~~~~~~~~~~~~~~~~~~~~~~~~~~~~~~~~~
	39 |                                   __glibc_objsize (__s), __fmt,
	|                                   ~~~~~~~~~~~~~~~~~~~~~~~~~~~~~
	40 |                                   __va_arg_pack ());
	|                                   ~~~~~~~~~~~~~~~~~
	In file included from /opt/my_lammps/build/quip_build-prefix/src/quip_build/src/libAtoms/xyz.c:50:
	/opt/my_lammps/build/quip_build-prefix/src/quip_build/src/libAtoms/xyz.c:1435:46: warning: '%s' directive writing up to 2047 bytes into a region of size 977 [-Wformat-overflow=]
	1435 |              RAISE_ERROR_WITH_KIND(ERROR_IO, "Cannot stat index file %s\n", indexname);
	|                                              ^~~~~~~~~~~~~~~~~~~~~~~~~~~~~  ~~~~~~~~~
	/opt/my_lammps/build/quip_build-prefix/src/quip_build/src/libAtoms/libatoms.h:127:70: note: in definition of macro 'RAISE_ERROR_WITH_KIND'
	127 | #define RAISE_ERROR_WITH_KIND(kind, info, ...) sprintf(error_h_info, info, ## __VA_ARGS__ ); error_h_line = __LINE__; error_h_kind = kind; c_push_error_with_info_(error_h_info, __FILE__, &error_h_line, &error_h_kind, strlen(error_h_info), strlen(__FILE__)); if (error != NULL) { *error = error_h_kind; return; } else c_error_abort_(error)
	|                                                                      ^~~~
	/opt/my_lammps/build/quip_build-prefix/src/quip_build/src/libAtoms/xyz.c:1435:70: note: format string is defined here
	1435 |              RAISE_ERROR_WITH_KIND(ERROR_IO, "Cannot stat index file %s\n", indexname);
	|                                                                      ^~
	In file included from /usr/include/stdio.h:894,
	from /opt/my_lammps/build/quip_build-prefix/src/quip_build/src/libAtoms/xyz.c:36:
	/usr/include/x86_64-linux-gnu/bits/stdio2.h:38:10: note: '__builtin___sprintf_chk' output between 25 and 2072 bytes into a destination of size 1000
	38 |   return __builtin___sprintf_chk (__s, __USE_FORTIFY_LEVEL - 1,
	|          ^~~~~~~~~~~~~~~~~~~~~~~~~~~~~~~~~~~~~~~~~~~~~~~~~~~~~~
	39 |                                   __glibc_objsize (__s), __fmt,
	|                                   ~~~~~~~~~~~~~~~~~~~~~~~~~~~~~
	40 |                                   __va_arg_pack ());
	|                                   ~~~~~~~~~~~~~~~~~
	In file included from /opt/my_lammps/build/quip_build-prefix/src/quip_build/src/libAtoms/xyz.c:50:
	/opt/my_lammps/build/quip_build-prefix/src/quip_build/src/libAtoms/xyz.c:1435:46: warning: '%s' directive writing up to 2047 bytes into a region of size 977 [-Wformat-overflow=]
	1435 |              RAISE_ERROR_WITH_KIND(ERROR_IO, "Cannot stat index file %s\n", indexname);
	|                                              ^~~~~~~~~~~~~~~~~~~~~~~~~~~~~  ~~~~~~~~~
	/opt/my_lammps/build/quip_build-prefix/src/quip_build/src/libAtoms/libatoms.h:127:70: note: in definition of macro 'RAISE_ERROR_WITH_KIND'
	127 | #define RAISE_ERROR_WITH_KIND(kind, info, ...) sprintf(error_h_info, info, ## __VA_ARGS__ ); error_h_line = __LINE__; error_h_kind = kind; c_push_error_with_info_(error_h_info, __FILE__, &error_h_line, &error_h_kind, strlen(error_h_info), strlen(__FILE__)); if (error != NULL) { *error = error_h_kind; return; } else c_error_abort_(error)
	|                                                                      ^~~~
	/opt/my_lammps/build/quip_build-prefix/src/quip_build/src/libAtoms/xyz.c:1435:70: note: format string is defined here
	1435 |              RAISE_ERROR_WITH_KIND(ERROR_IO, "Cannot stat index file %s\n", indexname);
	|                                                                      ^~
	In file included from /usr/include/stdio.h:894,
	from /opt/my_lammps/build/quip_build-prefix/src/quip_build/src/libAtoms/xyz.c:36:
	/usr/include/x86_64-linux-gnu/bits/stdio2.h:38:10: note: '__builtin___sprintf_chk' output between 25 and 2072 bytes into a destination of size 1000
	38 |   return __builtin___sprintf_chk (__s, __USE_FORTIFY_LEVEL - 1,
	|          ^~~~~~~~~~~~~~~~~~~~~~~~~~~~~~~~~~~~~~~~~~~~~~~~~~~~~~
	39 |                                   __glibc_objsize (__s), __fmt,
	|                                   ~~~~~~~~~~~~~~~~~~~~~~~~~~~~~
	40 |                                   __va_arg_pack ());
	|                                   ~~~~~~~~~~~~~~~~~
	In file included from /opt/my_lammps/build/quip_build-prefix/src/quip_build/src/libAtoms/xyz.c:50:
	/opt/my_lammps/build/quip_build-prefix/src/quip_build/src/libAtoms/xyz.c:1432:46: warning: '%s' directive writing up to 2047 bytes into a region of size 975 [-Wformat-overflow=]
	1432 |              RAISE_ERROR_WITH_KIND(ERROR_IO, "Cannot access index file %s\n", indexname);
	|                                              ^~~~~~~~~~~~~~~~~~~~~~~~~~~~~~~  ~~~~~~~~~
	/opt/my_lammps/build/quip_build-prefix/src/quip_build/src/libAtoms/libatoms.h:127:70: note: in definition of macro 'RAISE_ERROR_WITH_KIND'
	127 | #define RAISE_ERROR_WITH_KIND(kind, info, ...) sprintf(error_h_info, info, ## __VA_ARGS__ ); error_h_line = __LINE__; error_h_kind = kind; c_push_error_with_info_(error_h_info, __FILE__, &error_h_line, &error_h_kind, strlen(error_h_info), strlen(__FILE__)); if (error != NULL) { *error = error_h_kind; return; } else c_error_abort_(error)
	|                                                                      ^~~~
	/opt/my_lammps/build/quip_build-prefix/src/quip_build/src/libAtoms/xyz.c:1432:72: note: format string is defined here
	1432 |              RAISE_ERROR_WITH_KIND(ERROR_IO, "Cannot access index file %s\n", indexname);
	|                                                                        ^~
	In file included from /usr/include/stdio.h:894,
	from /opt/my_lammps/build/quip_build-prefix/src/quip_build/src/libAtoms/xyz.c:36:
	/usr/include/x86_64-linux-gnu/bits/stdio2.h:38:10: note: '__builtin___sprintf_chk' output between 27 and 2074 bytes into a destination of size 1000
	38 |   return __builtin___sprintf_chk (__s, __USE_FORTIFY_LEVEL - 1,
	|          ^~~~~~~~~~~~~~~~~~~~~~~~~~~~~~~~~~~~~~~~~~~~~~~~~~~~~~
	39 |                                   __glibc_objsize (__s), __fmt,
	|                                   ~~~~~~~~~~~~~~~~~~~~~~~~~~~~~
	40 |                                   __va_arg_pack ());
	|                                   ~~~~~~~~~~~~~~~~~
	/opt/my_lammps/build/quip_build-prefix/src/quip_build/src/libAtoms/xyz.c: At top level:
	cc1: note: unrecognized command-line option '-Wno-return-mismatch' may have been intended to silence earlier diagnostics
	cc1: warning: command-line option '-fmax-stack-var-size=6553600' is valid for Fortran but not for C
	cc1: note: unrecognized command-line option '-Wno-return-mismatch' may have been intended to silence earlier diagnostics
	********************************************
	
	Making GAP
	
	********************************************
	********************************************
	
	Making Potentials
	
	********************************************
	********************************************
	
	Making Utils
	
	********************************************
	********************************************
	
	Making GAPFIT library
	
	********************************************
	[  9%] No install step for 'quip_build'
	[  9%] Completed 'quip_build'
	[  9%] Built target quip_build
	[  9%] Building C object CMakeFiles/h5md.dir/opt/my_lammps/lib/h5md/src/ch5md.c.o
	[ 10%] Linking C static library liblammps_h5md.a
	[ 10%] Built target h5md
	-- Git Directory: /opt/my_lammps/.git
	-- Generating lmpgitversion.h...
	[ 10%] Built target gitversion
	[ 10%] Generating includes/lammps/angle.h
	[ 10%] Built target angle.h
	[ 10%] Generating includes/lammps/atom.h
	[ 10%] Built target atom.h
	[ 10%] Generating includes/lammps/bond.h
	[ 10%] Built target bond.h
	[ 10%] Generating includes/lammps/citeme.h
	[ 10%] Built target citeme.h
	[ 10%] Generating includes/lammps/comm.h
	[ 10%] Built target comm.h
	[ 10%] Generating includes/lammps/command.h
	[ 10%] Built target command.h
	[ 10%] Generating includes/lammps/compute.h
	[ 10%] Built target compute.h
	[ 10%] Generating includes/lammps/dihedral.h
	[ 10%] Built target dihedral.h
	[ 10%] Generating includes/lammps/domain.h
	[ 10%] Built target domain.h
	[ 10%] Generating includes/lammps/error.h
	[ 10%] Built target error.h
	[ 10%] Generating includes/lammps/exceptions.h
	[ 10%] Built target exceptions.h
	[ 10%] Generating includes/lammps/fix.h
	[ 10%] Built target fix.h
	[ 10%] Generating includes/lammps/force.h
	[ 10%] Built target force.h
	[ 10%] Generating includes/lammps/group.h
	[ 10%] Built target group.h
	[ 10%] Generating includes/lammps/improper.h
	[ 10%] Built target improper.h
	[ 10%] Generating includes/lammps/input.h
	[ 10%] Built target input.h
	[ 10%] Generating includes/lammps/info.h
	[ 10%] Built target info.h
	[ 10%] Generating includes/lammps/json.h
	[ 10%] Built target json.h
	[ 10%] Generating includes/lammps/json_fwd.h
	[ 10%] Built target json_fwd.h
	[ 10%] Generating includes/lammps/kspace.h
	[ 10%] Built target kspace.h
	[ 10%] Generating includes/lammps/lammps.h
	[ 10%] Built target lammps.h
	[ 10%] Generating includes/lammps/lattice.h
	[ 10%] Built target lattice.h
	[ 10%] Generating includes/lammps/library.h
	[ 10%] Built target library.h
	[ 10%] Generating includes/lammps/lmppython.h
	[ 10%] Built target lmppython.h
	[ 10%] Generating includes/lammps/lmptype.h
	[ 10%] Built target lmptype.h
	[ 10%] Generating includes/lammps/memory.h
	[ 10%] Built target memory.h
	[ 10%] Generating includes/lammps/modify.h
	[ 10%] Built target modify.h
	[ 10%] Generating includes/lammps/neighbor.h
	[ 10%] Built target neighbor.h
	[ 10%] Generating includes/lammps/neigh_list.h
	[ 10%] Built target neigh_list.h
	[ 10%] Generating includes/lammps/output.h
	[ 10%] Built target output.h
	[ 10%] Generating includes/lammps/pair.h
	[ 10%] Built target pair.h
	[ 10%] Generating includes/lammps/platform.h
	[ 10%] Built target platform.h
	[ 10%] Generating includes/lammps/pointers.h
	[ 10%] Built target pointers.h
	[ 11%] Generating includes/lammps/region.h
	[ 11%] Built target region.h
	[ 11%] Generating includes/lammps/timer.h
	[ 11%] Built target timer.h
	[ 11%] Generating includes/lammps/universe.h
	[ 11%] Built target universe.h
	[ 11%] Generating includes/lammps/update.h
	[ 11%] Built target update.h
	[ 11%] Generating includes/lammps/utils.h
	[ 11%] Built target utils.h
	[ 11%] Generating includes/lammps/variable.h
	[ 11%] Built target variable.h
	[ 11%] Generating includes/lammps/fmt/core.h
	[ 11%] Built target fmt_core.h
	[ 11%] Generating includes/lammps/fmt/format.h
	[ 11%] Built target fmt_format.h
	[ 11%] Generating includes/lammps/nlohmann/json_fwd.hpp
	[ 11%] Built target json_json_fwd.hpp
	[ 11%] Generating includes/lammps/nlohmann/json.hpp
	[ 11%] Built target json_json.hpp
	[ 11%] Building CXX object build-pace/CMakeFiles/cnpy-static.dir/cnpy/cnpy.cpp.o
	/opt/my_lammps/build/lammps-user-pace-v.2023.11.25.fix2/cnpy/cnpy.cpp(64): warning #177-D: variable "major_version" was declared but never referenced
	uint8_t major_version = *reinterpret_cast<uint8_t*>(buffer+6);
	^
	
	Remark: The warnings can be suppressed with "-diag-suppress <warning-number>"
	
	/opt/my_lammps/build/lammps-user-pace-v.2023.11.25.fix2/cnpy/cnpy.cpp(65): warning #177-D: variable "minor_version" was declared but never referenced
	uint8_t minor_version = *reinterpret_cast<uint8_t*>(buffer+7);
	^
	/opt/my_lammps/build/lammps-user-pace-v.2023.11.25.fix2/cnpy/cnpy.cpp(163): warning #550-D: variable "disk_no" was set but never used
	uint16_t disk_no, disk_start, nrecs_on_disk, comment_len;
	^
	/opt/my_lammps/build/lammps-user-pace-v.2023.11.25.fix2/cnpy/cnpy.cpp(163): warning #550-D: variable "disk_start" was set but never used
	uint16_t disk_no, disk_start, nrecs_on_disk, comment_len;
	^
	/opt/my_lammps/build/lammps-user-pace-v.2023.11.25.fix2/cnpy/cnpy.cpp(163): warning #550-D: variable "nrecs_on_disk" was set but never used
	uint16_t disk_no, disk_start, nrecs_on_disk, comment_len;
	^
	/opt/my_lammps/build/lammps-user-pace-v.2023.11.25.fix2/cnpy/cnpy.cpp(163): warning #550-D: variable "comment_len" was set but never used
	uint16_t disk_no, disk_start, nrecs_on_disk, comment_len;
	^
	[ 11%] Linking CXX static library libcnpy.a
	[ 11%] Built target cnpy-static
	[ 11%] Building CXX object build-pace/build-yaml-cpp/CMakeFiles/yaml-cpp-pace.dir/src/binary.cpp.o
	[ 11%] Building CXX object build-pace/build-yaml-cpp/CMakeFiles/yaml-cpp-pace.dir/src/convert.cpp.o
	[ 11%] Building CXX object build-pace/build-yaml-cpp/CMakeFiles/yaml-cpp-pace.dir/src/depthguard.cpp.o
	[ 11%] Building CXX object build-pace/build-yaml-cpp/CMakeFiles/yaml-cpp-pace.dir/src/directives.cpp.o
	[ 11%] Building CXX object build-pace/build-yaml-cpp/CMakeFiles/yaml-cpp-pace.dir/src/emit.cpp.o
	[ 11%] Building CXX object build-pace/build-yaml-cpp/CMakeFiles/yaml-cpp-pace.dir/src/emitfromevents.cpp.o
	[ 11%] Building CXX object build-pace/build-yaml-cpp/CMakeFiles/yaml-cpp-pace.dir/src/emitter.cpp.o
	[ 11%] Building CXX object build-pace/build-yaml-cpp/CMakeFiles/yaml-cpp-pace.dir/src/emitterstate.cpp.o
	[ 11%] Building CXX object build-pace/build-yaml-cpp/CMakeFiles/yaml-cpp-pace.dir/src/emitterutils.cpp.o
	[ 11%] Building CXX object build-pace/build-yaml-cpp/CMakeFiles/yaml-cpp-pace.dir/src/exceptions.cpp.o
	[ 11%] Building CXX object build-pace/build-yaml-cpp/CMakeFiles/yaml-cpp-pace.dir/src/exp.cpp.o
	[ 11%] Building CXX object build-pace/build-yaml-cpp/CMakeFiles/yaml-cpp-pace.dir/src/memory.cpp.o
	[ 12%] Building CXX object build-pace/build-yaml-cpp/CMakeFiles/yaml-cpp-pace.dir/src/node.cpp.o
	[ 12%] Building CXX object build-pace/build-yaml-cpp/CMakeFiles/yaml-cpp-pace.dir/src/node_data.cpp.o
	[ 12%] Building CXX object build-pace/build-yaml-cpp/CMakeFiles/yaml-cpp-pace.dir/src/nodebuilder.cpp.o
	[ 12%] Building CXX object build-pace/build-yaml-cpp/CMakeFiles/yaml-cpp-pace.dir/src/nodeevents.cpp.o
	[ 12%] Building CXX object build-pace/build-yaml-cpp/CMakeFiles/yaml-cpp-pace.dir/src/null.cpp.o
	[ 12%] Building CXX object build-pace/build-yaml-cpp/CMakeFiles/yaml-cpp-pace.dir/src/ostream_wrapper.cpp.o
	[ 12%] Building CXX object build-pace/build-yaml-cpp/CMakeFiles/yaml-cpp-pace.dir/src/parse.cpp.o
	[ 12%] Building CXX object build-pace/build-yaml-cpp/CMakeFiles/yaml-cpp-pace.dir/src/parser.cpp.o
	[ 12%] Building CXX object build-pace/build-yaml-cpp/CMakeFiles/yaml-cpp-pace.dir/src/regex_yaml.cpp.o
	[ 12%] Building CXX object build-pace/build-yaml-cpp/CMakeFiles/yaml-cpp-pace.dir/src/scanner.cpp.o
	[ 12%] Building CXX object build-pace/build-yaml-cpp/CMakeFiles/yaml-cpp-pace.dir/src/scanscalar.cpp.o
	[ 12%] Building CXX object build-pace/build-yaml-cpp/CMakeFiles/yaml-cpp-pace.dir/src/scantag.cpp.o
	[ 12%] Building CXX object build-pace/build-yaml-cpp/CMakeFiles/yaml-cpp-pace.dir/src/scantoken.cpp.o
	[ 12%] Building CXX object build-pace/build-yaml-cpp/CMakeFiles/yaml-cpp-pace.dir/src/simplekey.cpp.o
	[ 12%] Building CXX object build-pace/build-yaml-cpp/CMakeFiles/yaml-cpp-pace.dir/src/singledocparser.cpp.o
	[ 12%] Building CXX object build-pace/build-yaml-cpp/CMakeFiles/yaml-cpp-pace.dir/src/stream.cpp.o
	[ 12%] Building CXX object build-pace/build-yaml-cpp/CMakeFiles/yaml-cpp-pace.dir/src/tag.cpp.o
	[ 13%] Linking CXX static library libyaml-cpp-pace.a
	[ 13%] Built target yaml-cpp-pace
	[ 14%] Building CXX object build-pace/CMakeFiles/pace.dir/ML-PACE/ace-evaluator/ace_abstract_basis.cpp.o
	nvcc_wrapper has been given GNU extension standard flag -std=gnu++17 - reverting flag to -std=c++17
	[ 14%] Building CXX object build-pace/CMakeFiles/pace.dir/ML-PACE/ace-evaluator/ace_c_basis.cpp.o
	nvcc_wrapper has been given GNU extension standard flag -std=gnu++17 - reverting flag to -std=c++17
	[ 14%] Building CXX object build-pace/CMakeFiles/pace.dir/ML-PACE/ace-evaluator/ace_evaluator.cpp.o
	nvcc_wrapper has been given GNU extension standard flag -std=gnu++17 - reverting flag to -std=c++17
	[ 14%] Building CXX object build-pace/CMakeFiles/pace.dir/ML-PACE/ace-evaluator/ace_flatten_basis.cpp.o
	nvcc_wrapper has been given GNU extension standard flag -std=gnu++17 - reverting flag to -std=c++17
	[ 14%] Building CXX object build-pace/CMakeFiles/pace.dir/ML-PACE/ace-evaluator/ace_radial.cpp.o
	nvcc_wrapper has been given GNU extension standard flag -std=gnu++17 - reverting flag to -std=c++17
	[ 14%] Building CXX object build-pace/CMakeFiles/pace.dir/ML-PACE/ace-evaluator/ace_recursive.cpp.o
	nvcc_wrapper has been given GNU extension standard flag -std=gnu++17 - reverting flag to -std=c++17
	[ 14%] Building CXX object build-pace/CMakeFiles/pace.dir/ML-PACE/ace-evaluator/ace_spherical_cart.cpp.o
	nvcc_wrapper has been given GNU extension standard flag -std=gnu++17 - reverting flag to -std=c++17
	[ 14%] Building CXX object build-pace/CMakeFiles/pace.dir/ML-PACE/ace-evaluator/ships_radial.cpp.o
	nvcc_wrapper has been given GNU extension standard flag -std=gnu++17 - reverting flag to -std=c++17
	[ 14%] Building CXX object build-pace/CMakeFiles/pace.dir/ML-PACE/ace/ace_b_basis.cpp.o
	nvcc_wrapper has been given GNU extension standard flag -std=gnu++17 - reverting flag to -std=c++17
	/opt/my_lammps/build/lammps-user-pace-v.2023.11.25.fix2/ML-PACE/ace/ace_b_basis.cpp(110): warning #550-D: variable "sign" was set but never used
	SHORT_INT_TYPE sign = 0;
	^
	
	Remark: The warnings can be suppressed with "-diag-suppress <warning-number>"
	[ 14%] Building CXX object build-pace/CMakeFiles/pace.dir/ML-PACE/ace/ace_b_basisfunction.cpp.o
	nvcc_wrapper has been given GNU extension standard flag -std=gnu++17 - reverting flag to -std=c++17
	/opt/my_lammps/build/lammps-user-pace-v.2023.11.25.fix2/ML-PACE/ace/ace_b_basisfunction.cpp(88): warning #550-D: variable "rankL" was set but never used
	RANK_TYPE rankL = 0;
	^
	
	Remark: The warnings can be suppressed with "-diag-suppress <warning-number>"
	[ 14%] Building CXX object build-pace/CMakeFiles/pace.dir/ML-PACE/ace/ace_b_evaluator.cpp.o
	nvcc_wrapper has been given GNU extension standard flag -std=gnu++17 - reverting flag to -std=c++17
	[ 14%] Building CXX object build-pace/CMakeFiles/pace.dir/ML-PACE/ace/ace_clebsch_gordan.cpp.o
	nvcc_wrapper has been given GNU extension standard flag -std=gnu++17 - reverting flag to -std=c++17
	[ 14%] Building CXX object build-pace/CMakeFiles/pace.dir/ML-PACE/ace/ace_couplings.cpp.o
	nvcc_wrapper has been given GNU extension standard flag -std=gnu++17 - reverting flag to -std=c++17
	[ 14%] Building CXX object build-pace/CMakeFiles/pace.dir/ML-PACE/ace/ace_spherical_polar.cpp.o
	nvcc_wrapper has been given GNU extension standard flag -std=gnu++17 - reverting flag to -std=c++17
	[ 14%] Building CXX object build-pace/CMakeFiles/pace.dir/ML-PACE/ace/ace_yaml_input.cpp.o
	nvcc_wrapper has been given GNU extension standard flag -std=gnu++17 - reverting flag to -std=c++17
	[ 14%] Linking CXX static library liblammps_pace.a
	[ 14%] Built target pace
	[ 14%] Building CXX object lib/kokkos/core/src/CMakeFiles/kokkoscore.dir/impl/Kokkos_Abort.cpp.o
	[ 14%] Building CXX object lib/kokkos/core/src/CMakeFiles/kokkoscore.dir/impl/Kokkos_CPUDiscovery.cpp.o
	[ 15%] Building CXX object lib/kokkos/core/src/CMakeFiles/kokkoscore.dir/impl/Kokkos_Command_Line_Parsing.cpp.o
	[ 15%] Building CXX object lib/kokkos/core/src/CMakeFiles/kokkoscore.dir/impl/Kokkos_Core.cpp.o
	[ 15%] Building CXX object lib/kokkos/core/src/CMakeFiles/kokkoscore.dir/impl/Kokkos_Error.cpp.o
	[ 15%] Building CXX object lib/kokkos/core/src/CMakeFiles/kokkoscore.dir/impl/Kokkos_ExecPolicy.cpp.o
	[ 15%] Building CXX object lib/kokkos/core/src/CMakeFiles/kokkoscore.dir/impl/Kokkos_HostBarrier.cpp.o
	[ 15%] Building CXX object lib/kokkos/core/src/CMakeFiles/kokkoscore.dir/impl/Kokkos_HostSpace.cpp.o
	[ 15%] Building CXX object lib/kokkos/core/src/CMakeFiles/kokkoscore.dir/impl/Kokkos_HostSpace_deepcopy.cpp.o
	[ 15%] Building CXX object lib/kokkos/core/src/CMakeFiles/kokkoscore.dir/impl/Kokkos_HostThreadTeam.cpp.o
	[ 15%] Building CXX object lib/kokkos/core/src/CMakeFiles/kokkoscore.dir/impl/Kokkos_MemoryPool.cpp.o
	[ 15%] Building CXX object lib/kokkos/core/src/CMakeFiles/kokkoscore.dir/impl/Kokkos_Profiling.cpp.o
	[ 15%] Building CXX object lib/kokkos/core/src/CMakeFiles/kokkoscore.dir/impl/Kokkos_SharedAlloc.cpp.o
	[ 15%] Building CXX object lib/kokkos/core/src/CMakeFiles/kokkoscore.dir/impl/Kokkos_Stacktrace.cpp.o
	[ 15%] Building CXX object lib/kokkos/core/src/CMakeFiles/kokkoscore.dir/impl/Kokkos_hwloc.cpp.o
	[ 15%] Building CXX object lib/kokkos/core/src/CMakeFiles/kokkoscore.dir/Cuda/Kokkos_CudaSpace.cpp.o
	[ 15%] Building CXX object lib/kokkos/core/src/CMakeFiles/kokkoscore.dir/Cuda/Kokkos_Cuda_Instance.cpp.o
	[ 15%] Building CXX object lib/kokkos/core/src/CMakeFiles/kokkoscore.dir/Cuda/Kokkos_Cuda_Task.cpp.o
	[ 15%] Building CXX object lib/kokkos/core/src/CMakeFiles/kokkoscore.dir/OpenMP/Kokkos_OpenMP.cpp.o
	[ 15%] Building CXX object lib/kokkos/core/src/CMakeFiles/kokkoscore.dir/OpenMP/Kokkos_OpenMP_Instance.cpp.o
	[ 16%] Building CXX object lib/kokkos/core/src/CMakeFiles/kokkoscore.dir/OpenMP/Kokkos_OpenMP_Task.cpp.o
	[ 16%] Building CXX object lib/kokkos/core/src/CMakeFiles/kokkoscore.dir/opt/my_lammps/lib/kokkos/tpls/desul/src/Lock_Array_CUDA.cpp.o
	[ 16%] Linking CXX static library libkokkoscore.a
	[ 16%] Built target kokkoscore
	[ 16%] Building CXX object lib/kokkos/containers/src/CMakeFiles/kokkoscontainers.dir/impl/Kokkos_UnorderedMap_impl.cpp.o
	[ 16%] Linking CXX static library libkokkoscontainers.a
	[ 16%] Built target kokkoscontainers
	[ 16%] Building CXX object lib/kokkos/algorithms/src/CMakeFiles/kokkosalgorithms.dir/KokkosAlgorithms_dummy.cpp.o
	[ 16%] Linking CXX static library libkokkosalgorithms.a
	[ 16%] Built target kokkosalgorithms
	[ 16%] Generating C++ sources with cythonize...
	performance hint: mliap_unified_couple_kokkos.pyx:473:0: Exception check on 'compute_gradients_python_kokkos' will always require the GIL to be acquired.
	Possible solutions:
	1. Declare 'compute_gradients_python_kokkos' as 'noexcept' if you control the definition and you're sure you don't want the function to raise exceptions.
	2. Use an 'int' return type on 'compute_gradients_python_kokkos' to allow an error code to be returned.
	performance hint: mliap_unified_couple_kokkos.pyx:479:0: Exception check on 'compute_descriptors_python_kokkos' will always require the GIL to be acquired.
	Possible solutions:
	1. Declare 'compute_descriptors_python_kokkos' as 'noexcept' if you control the definition and you're sure you don't want the function to raise exceptions.
	2. Use an 'int' return type on 'compute_descriptors_python_kokkos' to allow an error code to be returned.
	performance hint: mliap_unified_couple_kokkos.pyx:485:0: Exception check on 'compute_forces_python_kokkos' will always require the GIL to be acquired.
	Possible solutions:
	1. Declare 'compute_forces_python_kokkos' as 'noexcept' if you control the definition and you're sure you don't want the function to raise exceptions.
	2. Use an 'int' return type on 'compute_forces_python_kokkos' to allow an error code to be returned.
	Compiling /opt/my_lammps/build/cython/mliap_unified_couple_kokkos.pyx because it changed.
	[1/1] Cythonizing /opt/my_lammps/build/cython/mliap_unified_couple_kokkos.pyx
	[ 16%] Generating C++ sources with cythonize...
	performance hint: mliap_model_python_couple.pyx:91:0: Exception check on 'MLIAPPY_unload_model' will always require the GIL to be acquired.
	Possible solutions:
	1. Declare 'MLIAPPY_unload_model' as 'noexcept' if you control the definition and you're sure you don't want the function to raise exceptions.
	2. Use an 'int' return type on 'MLIAPPY_unload_model' to allow an error code to be returned.
	performance hint: mliap_model_python_couple.pyx:103:0: Exception check on 'MLIAPPY_compute_gradients' will always require the GIL to be acquired.
	Possible solutions:
	1. Declare 'MLIAPPY_compute_gradients' as 'noexcept' if you control the definition and you're sure you don't want the function to raise exceptions.
	2. Use an 'int' return type on 'MLIAPPY_compute_gradients' to allow an error code to be returned.
	Compiling /opt/my_lammps/build/cython/mliap_model_python_couple.pyx because it changed.
	[1/1] Cythonizing /opt/my_lammps/build/cython/mliap_model_python_couple.pyx
	[ 16%] Generating C++ sources with cythonize...
	performance hint: mliap_model_python_couple_kokkos.pyx:98:0: Exception check on 'MLIAPPYKokkos_unload_model' will always require the GIL to be acquired.
	Possible solutions:
	1. Declare 'MLIAPPYKokkos_unload_model' as 'noexcept' if you control the definition and you're sure you don't want the function to raise exceptions.
	2. Use an 'int' return type on 'MLIAPPYKokkos_unload_model' to allow an error code to be returned.
	performance hint: mliap_model_python_couple_kokkos.pyx:136:0: Exception check on 'MLIAPPYKokkos_compute_gradients' will always require the GIL to be acquired.
	Possible solutions:
	1. Declare 'MLIAPPYKokkos_compute_gradients' as 'noexcept' if you control the definition and you're sure you don't want the function to raise exceptions.
	2. Use an 'int' return type on 'MLIAPPYKokkos_compute_gradients' to allow an error code to be returned.
	Compiling /opt/my_lammps/build/cython/mliap_model_python_couple_kokkos.pyx because it changed.
	[1/1] Cythonizing /opt/my_lammps/build/cython/mliap_model_python_couple_kokkos.pyx
	[ 16%] Generating C++ sources with cythonize...
	performance hint: mliap_unified_couple.pyx:338:0: Exception check on 'compute_gradients_python' will always require the GIL to be acquired.
	Possible solutions:
	1. Declare 'compute_gradients_python' as 'noexcept' if you control the definition and you're sure you don't want the function to raise exceptions.
	2. Use an 'int' return type on 'compute_gradients_python' to allow an error code to be returned.
	performance hint: mliap_unified_couple.pyx:344:0: Exception check on 'compute_descriptors_python' will always require the GIL to be acquired.
	Possible solutions:
	1. Declare 'compute_descriptors_python' as 'noexcept' if you control the definition and you're sure you don't want the function to raise exceptions.
	2. Use an 'int' return type on 'compute_descriptors_python' to allow an error code to be returned.
	performance hint: mliap_unified_couple.pyx:350:0: Exception check on 'compute_forces_python' will always require the GIL to be acquired.
	Possible solutions:
	1. Declare 'compute_forces_python' as 'noexcept' if you control the definition and you're sure you don't want the function to raise exceptions.
	2. Use an 'int' return type on 'compute_forces_python' to allow an error code to be returned.
	Compiling /opt/my_lammps/build/cython/mliap_unified_couple.pyx because it changed.
	[1/1] Cythonizing /opt/my_lammps/build/cython/mliap_unified_couple.pyx
	[ 16%] Building CXX object CMakeFiles/lammps.dir/opt/my_lammps/src/angle.cpp.o
	[ 16%] Building CXX object CMakeFiles/lammps.dir/opt/my_lammps/src/angle_deprecated.cpp.o
	[ 16%] Building CXX object CMakeFiles/lammps.dir/opt/my_lammps/src/angle_hybrid.cpp.o
	[ 16%] Building CXX object CMakeFiles/lammps.dir/opt/my_lammps/src/angle_write.cpp.o
	[ 16%] Building CXX object CMakeFiles/lammps.dir/opt/my_lammps/src/angle_zero.cpp.o
	[ 16%] Building CXX object CMakeFiles/lammps.dir/opt/my_lammps/src/arg_info.cpp.o
	[ 16%] Building CXX object CMakeFiles/lammps.dir/opt/my_lammps/src/atom.cpp.o
	[ 17%] Building CXX object CMakeFiles/lammps.dir/opt/my_lammps/src/atom_map.cpp.o
	[ 17%] Building CXX object CMakeFiles/lammps.dir/opt/my_lammps/src/atom_vec.cpp.o
	[ 17%] Building CXX object CMakeFiles/lammps.dir/opt/my_lammps/src/atom_vec_atomic.cpp.o
	[ 17%] Building CXX object CMakeFiles/lammps.dir/opt/my_lammps/src/atom_vec_body.cpp.o
	[ 17%] Building CXX object CMakeFiles/lammps.dir/opt/my_lammps/src/atom_vec_charge.cpp.o
	[ 17%] Building CXX object CMakeFiles/lammps.dir/opt/my_lammps/src/atom_vec_ellipsoid.cpp.o
	[ 17%] Building CXX object CMakeFiles/lammps.dir/opt/my_lammps/src/atom_vec_hybrid.cpp.o
	[ 17%] Building CXX object CMakeFiles/lammps.dir/opt/my_lammps/src/atom_vec_line.cpp.o
	[ 17%] Building CXX object CMakeFiles/lammps.dir/opt/my_lammps/src/atom_vec_sphere.cpp.o
	[ 17%] Building CXX object CMakeFiles/lammps.dir/opt/my_lammps/src/atom_vec_tri.cpp.o
	[ 17%] Building CXX object CMakeFiles/lammps.dir/opt/my_lammps/src/balance.cpp.o
	[ 17%] Building CXX object CMakeFiles/lammps.dir/opt/my_lammps/src/body.cpp.o
	[ 17%] Building CXX object CMakeFiles/lammps.dir/opt/my_lammps/src/bond.cpp.o
	[ 17%] Building CXX object CMakeFiles/lammps.dir/opt/my_lammps/src/bond_deprecated.cpp.o
	[ 17%] Building CXX object CMakeFiles/lammps.dir/opt/my_lammps/src/bond_hybrid.cpp.o
	[ 17%] Building CXX object CMakeFiles/lammps.dir/opt/my_lammps/src/bond_zero.cpp.o
	[ 17%] Building CXX object CMakeFiles/lammps.dir/opt/my_lammps/src/change_box.cpp.o
	[ 17%] Building CXX object CMakeFiles/lammps.dir/opt/my_lammps/src/citeme.cpp.o
	[ 18%] Building CXX object CMakeFiles/lammps.dir/opt/my_lammps/src/comm.cpp.o
	[ 18%] Building CXX object CMakeFiles/lammps.dir/opt/my_lammps/src/comm_brick.cpp.o
	[ 18%] Building CXX object CMakeFiles/lammps.dir/opt/my_lammps/src/comm_tiled.cpp.o
	[ 18%] Building CXX object CMakeFiles/lammps.dir/opt/my_lammps/src/compute.cpp.o
	[ 18%] Building CXX object CMakeFiles/lammps.dir/opt/my_lammps/src/compute_aggregate_atom.cpp.o
	[ 18%] Building CXX object CMakeFiles/lammps.dir/opt/my_lammps/src/compute_angle.cpp.o
	[ 18%] Building CXX object CMakeFiles/lammps.dir/opt/my_lammps/src/compute_angle_local.cpp.o
	[ 18%] Building CXX object CMakeFiles/lammps.dir/opt/my_lammps/src/compute_angmom_chunk.cpp.o
	[ 18%] Building CXX object CMakeFiles/lammps.dir/opt/my_lammps/src/compute_bond.cpp.o
	[ 18%] Building CXX object CMakeFiles/lammps.dir/opt/my_lammps/src/compute_bond_local.cpp.o
	[ 18%] Building CXX object CMakeFiles/lammps.dir/opt/my_lammps/src/compute_centro_atom.cpp.o
	[ 18%] Building CXX object CMakeFiles/lammps.dir/opt/my_lammps/src/compute_centroid_stress_atom.cpp.o
	[ 18%] Building CXX object CMakeFiles/lammps.dir/opt/my_lammps/src/compute_chunk.cpp.o
	[ 18%] Building CXX object CMakeFiles/lammps.dir/opt/my_lammps/src/compute_chunk_atom.cpp.o
	[ 18%] Building CXX object CMakeFiles/lammps.dir/opt/my_lammps/src/compute_chunk_spread_atom.cpp.o
	[ 18%] Building CXX object CMakeFiles/lammps.dir/opt/my_lammps/src/compute_cluster_atom.cpp.o
	[ 18%] Building CXX object CMakeFiles/lammps.dir/opt/my_lammps/src/compute_cna_atom.cpp.o
	[ 19%] Building CXX object CMakeFiles/lammps.dir/opt/my_lammps/src/compute_com.cpp.o
	[ 19%] Building CXX object CMakeFiles/lammps.dir/opt/my_lammps/src/compute_com_chunk.cpp.o
	[ 19%] Building CXX object CMakeFiles/lammps.dir/opt/my_lammps/src/compute_coord_atom.cpp.o
	[ 19%] Building CXX object CMakeFiles/lammps.dir/opt/my_lammps/src/compute_count_type.cpp.o
	[ 19%] Building CXX object CMakeFiles/lammps.dir/opt/my_lammps/src/compute_deprecated.cpp.o
	[ 19%] Building CXX object CMakeFiles/lammps.dir/opt/my_lammps/src/compute_dihedral.cpp.o
	[ 19%] Building CXX object CMakeFiles/lammps.dir/opt/my_lammps/src/compute_dihedral_local.cpp.o
	[ 19%] Building CXX object CMakeFiles/lammps.dir/opt/my_lammps/src/compute_dipole.cpp.o
	[ 19%] Building CXX object CMakeFiles/lammps.dir/opt/my_lammps/src/compute_dipole_chunk.cpp.o
	[ 19%] Building CXX object CMakeFiles/lammps.dir/opt/my_lammps/src/compute_displace_atom.cpp.o
	[ 19%] Building CXX object CMakeFiles/lammps.dir/opt/my_lammps/src/compute_erotate_sphere.cpp.o
	[ 19%] Building CXX object CMakeFiles/lammps.dir/opt/my_lammps/src/compute_erotate_sphere_atom.cpp.o
	[ 19%] Building CXX object CMakeFiles/lammps.dir/opt/my_lammps/src/compute_fragment_atom.cpp.o
	[ 19%] Building CXX object CMakeFiles/lammps.dir/opt/my_lammps/src/compute_global_atom.cpp.o
	[ 19%] Building CXX object CMakeFiles/lammps.dir/opt/my_lammps/src/compute_group_group.cpp.o
	[ 19%] Building CXX object CMakeFiles/lammps.dir/opt/my_lammps/src/compute_gyration.cpp.o
	[ 19%] Building CXX object CMakeFiles/lammps.dir/opt/my_lammps/src/compute_gyration_chunk.cpp.o
	[ 19%] Building CXX object CMakeFiles/lammps.dir/opt/my_lammps/src/compute_heat_flux.cpp.o
	[ 20%] Building CXX object CMakeFiles/lammps.dir/opt/my_lammps/src/compute_improper.cpp.o
	[ 20%] Building CXX object CMakeFiles/lammps.dir/opt/my_lammps/src/compute_improper_local.cpp.o
	[ 20%] Building CXX object CMakeFiles/lammps.dir/opt/my_lammps/src/compute_inertia_chunk.cpp.o
	[ 20%] Building CXX object CMakeFiles/lammps.dir/opt/my_lammps/src/compute_ke.cpp.o
	[ 20%] Building CXX object CMakeFiles/lammps.dir/opt/my_lammps/src/compute_ke_atom.cpp.o
	[ 20%] Building CXX object CMakeFiles/lammps.dir/opt/my_lammps/src/compute_msd.cpp.o
	[ 20%] Building CXX object CMakeFiles/lammps.dir/opt/my_lammps/src/compute_msd_chunk.cpp.o
	[ 20%] Building CXX object CMakeFiles/lammps.dir/opt/my_lammps/src/compute_omega_chunk.cpp.o
	[ 20%] Building CXX object CMakeFiles/lammps.dir/opt/my_lammps/src/compute_orientorder_atom.cpp.o
	[ 20%] Building CXX object CMakeFiles/lammps.dir/opt/my_lammps/src/compute_pair.cpp.o
	[ 20%] Building CXX object CMakeFiles/lammps.dir/opt/my_lammps/src/compute_pair_local.cpp.o
	[ 20%] Building CXX object CMakeFiles/lammps.dir/opt/my_lammps/src/compute_pe.cpp.o
	[ 20%] Building CXX object CMakeFiles/lammps.dir/opt/my_lammps/src/compute_pe_atom.cpp.o
	[ 20%] Building CXX object CMakeFiles/lammps.dir/opt/my_lammps/src/compute_pressure.cpp.o
	[ 20%] Building CXX object CMakeFiles/lammps.dir/opt/my_lammps/src/compute_property_atom.cpp.o
	[ 20%] Building CXX object CMakeFiles/lammps.dir/opt/my_lammps/src/compute_property_chunk.cpp.o
	[ 20%] Building CXX object CMakeFiles/lammps.dir/opt/my_lammps/src/compute_property_grid.cpp.o
	[ 20%] Building CXX object CMakeFiles/lammps.dir/opt/my_lammps/src/compute_property_local.cpp.o
	[ 21%] Building CXX object CMakeFiles/lammps.dir/opt/my_lammps/src/compute_rdf.cpp.o
	[ 21%] Building CXX object CMakeFiles/lammps.dir/opt/my_lammps/src/compute_reduce.cpp.o
	[ 21%] Building CXX object CMakeFiles/lammps.dir/opt/my_lammps/src/compute_reduce_chunk.cpp.o
	[ 21%] Building CXX object CMakeFiles/lammps.dir/opt/my_lammps/src/compute_reduce_region.cpp.o
	[ 21%] Building CXX object CMakeFiles/lammps.dir/opt/my_lammps/src/compute_slice.cpp.o
	[ 21%] Building CXX object CMakeFiles/lammps.dir/opt/my_lammps/src/compute_stress_atom.cpp.o
	[ 21%] Building CXX object CMakeFiles/lammps.dir/opt/my_lammps/src/compute_temp.cpp.o
	[ 21%] Building CXX object CMakeFiles/lammps.dir/opt/my_lammps/src/compute_temp_chunk.cpp.o
	[ 21%] Building CXX object CMakeFiles/lammps.dir/opt/my_lammps/src/compute_temp_com.cpp.o
	[ 21%] Building CXX object CMakeFiles/lammps.dir/opt/my_lammps/src/compute_temp_deform.cpp.o
	[ 21%] Building CXX object CMakeFiles/lammps.dir/opt/my_lammps/src/compute_temp_partial.cpp.o
	[ 21%] Building CXX object CMakeFiles/lammps.dir/opt/my_lammps/src/compute_temp_profile.cpp.o
	[ 21%] Building CXX object CMakeFiles/lammps.dir/opt/my_lammps/src/compute_temp_ramp.cpp.o
	[ 21%] Building CXX object CMakeFiles/lammps.dir/opt/my_lammps/src/compute_temp_region.cpp.o
	[ 21%] Building CXX object CMakeFiles/lammps.dir/opt/my_lammps/src/compute_temp_sphere.cpp.o
	[ 21%] Building CXX object CMakeFiles/lammps.dir/opt/my_lammps/src/compute_torque_chunk.cpp.o
	[ 21%] Building CXX object CMakeFiles/lammps.dir/opt/my_lammps/src/compute_vacf.cpp.o
	[ 22%] Building CXX object CMakeFiles/lammps.dir/opt/my_lammps/src/compute_vacf_chunk.cpp.o
	[ 22%] Building CXX object CMakeFiles/lammps.dir/opt/my_lammps/src/compute_vcm_chunk.cpp.o
	[ 22%] Building CXX object CMakeFiles/lammps.dir/opt/my_lammps/src/create_atoms.cpp.o
	[ 22%] Building CXX object CMakeFiles/lammps.dir/opt/my_lammps/src/create_bonds.cpp.o
	[ 22%] Building CXX object CMakeFiles/lammps.dir/opt/my_lammps/src/create_box.cpp.o
	[ 22%] Building CXX object CMakeFiles/lammps.dir/opt/my_lammps/src/delete_atoms.cpp.o
	[ 22%] Building CXX object CMakeFiles/lammps.dir/opt/my_lammps/src/delete_bonds.cpp.o
	[ 22%] Building CXX object CMakeFiles/lammps.dir/opt/my_lammps/src/deprecated.cpp.o
	[ 22%] Building CXX object CMakeFiles/lammps.dir/opt/my_lammps/src/dihedral.cpp.o
	[ 22%] Building CXX object CMakeFiles/lammps.dir/opt/my_lammps/src/dihedral_deprecated.cpp.o
	[ 22%] Building CXX object CMakeFiles/lammps.dir/opt/my_lammps/src/dihedral_hybrid.cpp.o
	[ 22%] Building CXX object CMakeFiles/lammps.dir/opt/my_lammps/src/dihedral_write.cpp.o
	[ 22%] Building CXX object CMakeFiles/lammps.dir/opt/my_lammps/src/dihedral_zero.cpp.o
	[ 22%] Building CXX object CMakeFiles/lammps.dir/opt/my_lammps/src/displace_atoms.cpp.o
	[ 22%] Building CXX object CMakeFiles/lammps.dir/opt/my_lammps/src/domain.cpp.o
	[ 22%] Building CXX object CMakeFiles/lammps.dir/opt/my_lammps/src/dump.cpp.o
	[ 22%] Building CXX object CMakeFiles/lammps.dir/opt/my_lammps/src/dump_atom.cpp.o
	[ 22%] Building CXX object CMakeFiles/lammps.dir/opt/my_lammps/src/dump_cfg.cpp.o
	[ 23%] Building CXX object CMakeFiles/lammps.dir/opt/my_lammps/src/dump_custom.cpp.o
	[ 23%] Building CXX object CMakeFiles/lammps.dir/opt/my_lammps/src/dump_deprecated.cpp.o
	[ 23%] Building CXX object CMakeFiles/lammps.dir/opt/my_lammps/src/dump_grid.cpp.o
	[ 23%] Building CXX object CMakeFiles/lammps.dir/opt/my_lammps/src/dump_grid_vtk.cpp.o
	[ 23%] Building CXX object CMakeFiles/lammps.dir/opt/my_lammps/src/dump_image.cpp.o
	[ 23%] Building CXX object CMakeFiles/lammps.dir/opt/my_lammps/src/dump_local.cpp.o
	[ 23%] Building CXX object CMakeFiles/lammps.dir/opt/my_lammps/src/dump_movie.cpp.o
	[ 23%] Building CXX object CMakeFiles/lammps.dir/opt/my_lammps/src/dump_xyz.cpp.o
	[ 23%] Building CXX object CMakeFiles/lammps.dir/opt/my_lammps/src/error.cpp.o
	[ 23%] Building CXX object CMakeFiles/lammps.dir/opt/my_lammps/src/finish.cpp.o
	[ 23%] Building CXX object CMakeFiles/lammps.dir/opt/my_lammps/src/fix.cpp.o
	[ 23%] Building CXX object CMakeFiles/lammps.dir/opt/my_lammps/src/fix_adapt.cpp.o
	[ 23%] Building CXX object CMakeFiles/lammps.dir/opt/my_lammps/src/fix_addforce.cpp.o
	[ 23%] Building CXX object CMakeFiles/lammps.dir/opt/my_lammps/src/fix_ave_atom.cpp.o
	[ 23%] Building CXX object CMakeFiles/lammps.dir/opt/my_lammps/src/fix_ave_chunk.cpp.o
	[ 23%] Building CXX object CMakeFiles/lammps.dir/opt/my_lammps/src/fix_ave_correlate.cpp.o
	[ 23%] Building CXX object CMakeFiles/lammps.dir/opt/my_lammps/src/fix_ave_grid.cpp.o
	[ 24%] Building CXX object CMakeFiles/lammps.dir/opt/my_lammps/src/fix_ave_histo.cpp.o
	[ 24%] Building CXX object CMakeFiles/lammps.dir/opt/my_lammps/src/fix_ave_histo_weight.cpp.o
	[ 24%] Building CXX object CMakeFiles/lammps.dir/opt/my_lammps/src/fix_ave_time.cpp.o
	[ 24%] Building CXX object CMakeFiles/lammps.dir/opt/my_lammps/src/fix_aveforce.cpp.o
	[ 24%] Building CXX object CMakeFiles/lammps.dir/opt/my_lammps/src/fix_balance.cpp.o
	[ 24%] Building CXX object CMakeFiles/lammps.dir/opt/my_lammps/src/fix_bond_history.cpp.o
	[ 24%] Building CXX object CMakeFiles/lammps.dir/opt/my_lammps/src/fix_box_relax.cpp.o
	[ 24%] Building CXX object CMakeFiles/lammps.dir/opt/my_lammps/src/fix_deform.cpp.o
	[ 24%] Building CXX object CMakeFiles/lammps.dir/opt/my_lammps/src/fix_deposit.cpp.o
	[ 24%] Building CXX object CMakeFiles/lammps.dir/opt/my_lammps/src/fix_deprecated.cpp.o
	[ 24%] Building CXX object CMakeFiles/lammps.dir/opt/my_lammps/src/fix_dt_reset.cpp.o
	[ 24%] Building CXX object CMakeFiles/lammps.dir/opt/my_lammps/src/fix_dummy.cpp.o
	[ 24%] Building CXX object CMakeFiles/lammps.dir/opt/my_lammps/src/fix_efield.cpp.o
	[ 24%] Building CXX object CMakeFiles/lammps.dir/opt/my_lammps/src/fix_enforce2d.cpp.o
	[ 24%] Building CXX object CMakeFiles/lammps.dir/opt/my_lammps/src/fix_evaporate.cpp.o
	[ 24%] Building CXX object CMakeFiles/lammps.dir/opt/my_lammps/src/fix_external.cpp.o
	[ 24%] Building CXX object CMakeFiles/lammps.dir/opt/my_lammps/src/fix_gravity.cpp.o
	[ 24%] Building CXX object CMakeFiles/lammps.dir/opt/my_lammps/src/fix_group.cpp.o
	[ 25%] Building CXX object CMakeFiles/lammps.dir/opt/my_lammps/src/fix_halt.cpp.o
	[ 25%] Building CXX object CMakeFiles/lammps.dir/opt/my_lammps/src/fix_heat.cpp.o
	[ 25%] Building CXX object CMakeFiles/lammps.dir/opt/my_lammps/src/fix_indent.cpp.o
	[ 25%] Building CXX object CMakeFiles/lammps.dir/opt/my_lammps/src/fix_langevin.cpp.o
	[ 25%] Building CXX object CMakeFiles/lammps.dir/opt/my_lammps/src/fix_lineforce.cpp.o
	[ 25%] Building CXX object CMakeFiles/lammps.dir/opt/my_lammps/src/fix_minimize.cpp.o
	[ 25%] Building CXX object CMakeFiles/lammps.dir/opt/my_lammps/src/fix_momentum.cpp.o
	[ 25%] Building CXX object CMakeFiles/lammps.dir/opt/my_lammps/src/fix_move.cpp.o
	[ 25%] Building CXX object CMakeFiles/lammps.dir/opt/my_lammps/src/fix_neigh_history.cpp.o
	[ 25%] Building CXX object CMakeFiles/lammps.dir/opt/my_lammps/src/fix_nh.cpp.o
	[ 25%] Building CXX object CMakeFiles/lammps.dir/opt/my_lammps/src/fix_nh_sphere.cpp.o
	[ 25%] Building CXX object CMakeFiles/lammps.dir/opt/my_lammps/src/fix_nph.cpp.o
	[ 25%] Building CXX object CMakeFiles/lammps.dir/opt/my_lammps/src/fix_nph_sphere.cpp.o
	[ 25%] Building CXX object CMakeFiles/lammps.dir/opt/my_lammps/src/fix_npt.cpp.o
	[ 25%] Building CXX object CMakeFiles/lammps.dir/opt/my_lammps/src/fix_npt_sphere.cpp.o
	[ 25%] Building CXX object CMakeFiles/lammps.dir/opt/my_lammps/src/fix_nve.cpp.o
	[ 25%] Building CXX object CMakeFiles/lammps.dir/opt/my_lammps/src/fix_nve_limit.cpp.o
	[ 26%] Building CXX object CMakeFiles/lammps.dir/opt/my_lammps/src/fix_nve_noforce.cpp.o
	[ 26%] Building CXX object CMakeFiles/lammps.dir/opt/my_lammps/src/fix_nve_sphere.cpp.o
	[ 26%] Building CXX object CMakeFiles/lammps.dir/opt/my_lammps/src/fix_nvt.cpp.o
	[ 26%] Building CXX object CMakeFiles/lammps.dir/opt/my_lammps/src/fix_nvt_sllod.cpp.o
	[ 26%] Building CXX object CMakeFiles/lammps.dir/opt/my_lammps/src/fix_nvt_sphere.cpp.o
	[ 26%] Building CXX object CMakeFiles/lammps.dir/opt/my_lammps/src/fix_pair.cpp.o
	[ 26%] Building CXX object CMakeFiles/lammps.dir/opt/my_lammps/src/fix_planeforce.cpp.o
	[ 26%] Building CXX object CMakeFiles/lammps.dir/opt/my_lammps/src/fix_press_berendsen.cpp.o
	[ 26%] Building CXX object CMakeFiles/lammps.dir/opt/my_lammps/src/fix_press_langevin.cpp.o
	[ 26%] Building CXX object CMakeFiles/lammps.dir/opt/my_lammps/src/fix_print.cpp.o
	[ 26%] Building CXX object CMakeFiles/lammps.dir/opt/my_lammps/src/fix_property_atom.cpp.o
	[ 26%] Building CXX object CMakeFiles/lammps.dir/opt/my_lammps/src/fix_read_restart.cpp.o
	[ 26%] Building CXX object CMakeFiles/lammps.dir/opt/my_lammps/src/fix_recenter.cpp.o
	[ 26%] Building CXX object CMakeFiles/lammps.dir/opt/my_lammps/src/fix_respa.cpp.o
	[ 26%] Building CXX object CMakeFiles/lammps.dir/opt/my_lammps/src/fix_restrain.cpp.o
	[ 26%] Building CXX object CMakeFiles/lammps.dir/opt/my_lammps/src/fix_set.cpp.o
	[ 26%] Building CXX object CMakeFiles/lammps.dir/opt/my_lammps/src/fix_setforce.cpp.o
	[ 26%] Building CXX object CMakeFiles/lammps.dir/opt/my_lammps/src/fix_spring.cpp.o
	[ 27%] Building CXX object CMakeFiles/lammps.dir/opt/my_lammps/src/fix_spring_chunk.cpp.o
	[ 27%] Building CXX object CMakeFiles/lammps.dir/opt/my_lammps/src/fix_spring_self.cpp.o
	[ 27%] Building CXX object CMakeFiles/lammps.dir/opt/my_lammps/src/fix_store_atom.cpp.o
	[ 27%] Building CXX object CMakeFiles/lammps.dir/opt/my_lammps/src/fix_store_force.cpp.o
	[ 27%] Building CXX object CMakeFiles/lammps.dir/opt/my_lammps/src/fix_store_global.cpp.o
	[ 27%] Building CXX object CMakeFiles/lammps.dir/opt/my_lammps/src/fix_store_local.cpp.o
	[ 27%] Building CXX object CMakeFiles/lammps.dir/opt/my_lammps/src/fix_store_state.cpp.o
	[ 27%] Building CXX object CMakeFiles/lammps.dir/opt/my_lammps/src/fix_temp_berendsen.cpp.o
	[ 27%] Building CXX object CMakeFiles/lammps.dir/opt/my_lammps/src/fix_temp_rescale.cpp.o
	[ 27%] Building CXX object CMakeFiles/lammps.dir/opt/my_lammps/src/fix_thermal_conductivity.cpp.o
	[ 27%] Building CXX object CMakeFiles/lammps.dir/opt/my_lammps/src/fix_vector.cpp.o
	[ 27%] Building CXX object CMakeFiles/lammps.dir/opt/my_lammps/src/fix_viscous.cpp.o
	[ 27%] Building CXX object CMakeFiles/lammps.dir/opt/my_lammps/src/fix_wall.cpp.o
	[ 27%] Building CXX object CMakeFiles/lammps.dir/opt/my_lammps/src/fix_wall_harmonic.cpp.o
	[ 27%] Building CXX object CMakeFiles/lammps.dir/opt/my_lammps/src/fix_wall_harmonic_outside.cpp.o
	[ 27%] Building CXX object CMakeFiles/lammps.dir/opt/my_lammps/src/fix_wall_lj1043.cpp.o
	[ 27%] Building CXX object CMakeFiles/lammps.dir/opt/my_lammps/src/fix_wall_lj126.cpp.o
	[ 28%] Building CXX object CMakeFiles/lammps.dir/opt/my_lammps/src/fix_wall_lj93.cpp.o
	[ 28%] Building CXX object CMakeFiles/lammps.dir/opt/my_lammps/src/fix_wall_morse.cpp.o
	[ 28%] Building CXX object CMakeFiles/lammps.dir/opt/my_lammps/src/fix_wall_reflect.cpp.o
	[ 28%] Building CXX object CMakeFiles/lammps.dir/opt/my_lammps/src/fix_wall_region.cpp.o
	[ 28%] Building CXX object CMakeFiles/lammps.dir/opt/my_lammps/src/fix_wall_table.cpp.o
	[ 28%] Building CXX object CMakeFiles/lammps.dir/opt/my_lammps/src/fmtlib_format.cpp.o
	[ 28%] Building CXX object CMakeFiles/lammps.dir/opt/my_lammps/src/fmtlib_os.cpp.o
	[ 28%] Building CXX object CMakeFiles/lammps.dir/opt/my_lammps/src/force.cpp.o
	/usr/local/lib/python3.10/dist-packages/torch/include/ATen/core/Generator.h(122): error: "at::Device" is ambiguous
	Device device() const { return impl_->device(); }
	^
	/usr/local/lib/python3.10/dist-packages/torch/include/ATen/core/DeprecatedTypeProperties.h(114): error: "at::Device" is ambiguous
	Device device = device_opt.value();
	^
	/usr/local/lib/python3.10/dist-packages/torch/include/ATen/core/TensorBase.h(447): error: "at::Device" is ambiguous
	inline Device device() const {
	^
	/usr/local/lib/python3.10/dist-packages/torch/include/ATen/core/TensorBody.h(1378): error: "at::Device" is ambiguous
	inline Tensor to(Device device, caffe2::TypeMeta type_meta, bool non_blocking=false, bool copy=false) const {
	^
	/usr/local/lib/python3.10/dist-packages/torch/include/ATen/detail/AcceleratorHooksInterface.h(79): error: "at::Device" is ambiguous
	virtual Device getDeviceFromPtr(void* data) const {
	^
	/usr/local/lib/python3.10/dist-packages/torch/include/ATen/detail/CUDAHooksInterface.h(85): error: "at::Device" is ambiguous
	Device getDeviceFromPtr(void* ) const override {
	^
	/usr/local/lib/python3.10/dist-packages/torch/include/ATen/detail/HPUHooksInterface.h(23): error: "at::Device" is ambiguous
	Device getDeviceFromPtr(void* ) const override {
	^
	/usr/local/lib/python3.10/dist-packages/torch/include/ATen/detail/MPSHooksInterface.h(81): error: "at::Device" is ambiguous
	Device getDeviceFromPtr(void* data) const override {
	^
	/usr/local/lib/python3.10/dist-packages/torch/include/ATen/detail/XPUHooksInterface.h(53): error: "at::Device" is ambiguous
	Device getDeviceFromPtr(void* ) const override {
	^
	/usr/local/lib/python3.10/dist-packages/torch/include/ATen/Context.h(44): error: "at::Device" is ambiguous
	const Generator& defaultGenerator(Device device) {
	^
	
	/usr/local/lib/python3.10/dist-packages/torch/include/ATen/Context.h(85): error: "at::Device" is ambiguous
	Device getDeviceFromPtr(void* data, c10::DeviceType device_type) {
	^
	/usr/local/lib/python3.10/dist-packages/torch/include/ATen/Context.h(654): error: "at::Device" is ambiguous
	Device(opt_device_type.value(), static_cast<c10::DeviceIndex>(i)));
	^
	/usr/local/lib/python3.10/dist-packages/torch/include/ATen/ScalarOps.h(47): error: "at::Device" is ambiguous
	const Device device = at::kCPU) {
	^
	/usr/local/lib/python3.10/dist-packages/torch/include/ATen/TensorIterator.h(322): error: "at::Device" is ambiguous
	Device device(int64_t arg = 0) const {
	^
	/usr/local/lib/python3.10/dist-packages/torch/include/ATen/TensorIterator.h(723): error: "at::Device" is ambiguous
	Device common_device_ = kCPU;
	^
	/usr/local/lib/python3.10/dist-packages/torch/include/ATen/TensorIterator.h(954): error: "at::Device" is ambiguous
	Device device);
	^
	
	/usr/local/lib/python3.10/dist-packages/torch/include/ATen/TensorIterator.h(956): error: "at::Device" is ambiguous
	TensorIteratorConfig& declare_static_device(Device device);
	^
	17 errors detected in the compilation of "/opt/my_lammps/src/force.cpp".
	make[2]: *** [CMakeFiles/lammps.dir/build.make:3006: CMakeFiles/lammps.dir/opt/my_lammps/src/force.cpp.o] Error 2
	make[1]: *** [CMakeFiles/Makefile2:454: CMakeFiles/lammps.dir/all] Error 2
	make: *** [Makefile:136: all] Error 2
