docker-image://docker.io/docker/dockerfile:1@sha256:b6afd42430b15f2d2a4c5a02b919e98a525b785b1aaff16747d2f623364e39b6
	resolve docker.io/docker/dockerfile:1@sha256:b6afd42430b15f2d2a4c5a02b919e98a525b785b1aaff16747d2f623364e39b6 0/0 0.084
[stage-0  1/25] FROM docker.io/nvidia/cuda:12.9.0-devel-ubuntu22.04@sha256:26cd7d00c09c1f3ff187929c7f4aa7e9273020cb18e86730f40e062e8ffa4d33
	resolve docker.io/nvidia/cuda:12.9.0-devel-ubuntu22.04@sha256:26cd7d00c09c1f3ff187929c7f4aa7e9273020cb18e86730f40e062e8ffa4d33 0/0 0.067
[internal] load build definition from rtx5080_torch_all_uv_cuequ_cvhd.Dockerfile
	transferring 13426/0 0.008
resolve image config for docker-image://docker.io/docker/dockerfile:1
[internal] load metadata for docker.io/nvidia/cuda:12.9.0-devel-ubuntu22.04
[internal] load .dockerignore
[internal] load build context
	transferring 143/0 0.003
[stage-0  2/25] RUN ln -s /usr/local/cuda/lib64/stubs/libcuda.so /usr/local/cuda/lib64/stubs/libcuda.so.1 || true
[stage-0  5/29] RUN --mount=type=cache,target=/root/.cache/pip python3 -m pip install --upgrade pip &&     python3 -m pip install uv
[stage-0  6/29] RUN --mount=type=cache,target=/root/.cache/uv     uv pip install --system numpy cython &&     uv pip install --system torch torchvision torchaudio --index-url https://download.pytorch.org/whl/cu129
[stage-0 14/29] RUN sed -i '/#include <algorithm>/a #include <limits>' /opt/plumed2_cvhd/src/lepton/Operation.h
[stage-0 12/29] COPY AngleSwitch.cpp /opt/plumed2_cvhd/src/cvhd/
[stage-0 13/29] COPY BondRotate.cpp /opt/plumed2_cvhd/src/cvhd/
[stage-0 15/29] RUN cd /opt/plumed2_cvhd &&     ./configure --prefix=/opt/plumed_cvhd     --enable-modules=+cvhd     --enable-mpi     CXX=mpicxx     CXXFLAGS="-O3 -fPIC"     LDFLAGS="-L/opt/intel/oneapi/mkl/latest/lib/intel64"     LIBS="-lmkl_intel_lp64 -lmkl_sequential -lmkl_core -lpthread -lm -ldl" &&     make -j$(nproc) &&     make install &&     rm -rf /opt/plumed2_cvhd
	configure: Optional modules are disabled by default
	configure: Enabling module cvhd
	checking whether the C++ compiler works...yes
	checking for C++ compiler default output file name... a.out
	checking for suffix of executables...
	checking whether we are cross compiling...no
	checking for suffix of object files...o
	checking whether we are using the GNU C++ compiler...yes
	checking whether mpicxx accepts -g...yes
	checking for gcc...gcc
	checking whether we are using the GNU C compiler...yes
	checking whether gcc accepts -g...yes
	checking for gcc option to accept ISO C89...none needed
	checking for gfortran...gfortran
	checking whether we are using the GNU Fortran compiler...yes
	checking whether gfortran accepts -g...yes
	configure: Initial CXX:         mpicxx
	configure: Initial CXXFLAGS:    -O3 -fPIC
	configure: Initial CPPFLAGS:
	configure: Initial CFLAGS:      -g -O2
	configure: Initial LDFLAGS:     -L/opt/intel/oneapi/mkl/latest/lib/intel64
	configure: Initial LIBS:        -lmkl_intel_lp64 -lmkl_sequential -lmkl_core -lpthread -lm -ldl
	configure: Initial STATIC_LIBS:
	configure: Initial LD:
	configure: Initial LDSHARED:    mpicxx
	configure: Initial SOEXT:
	checking whether mpicxx accepts -fPIC...yes
	checking whether gcc accepts -fPIC...yes
	checking whether mpicxx accepts -Wall...yes
	checking whether mpicxx accepts -pedantic...yes
	checking whether mpicxx accepts -std=c++11...yes
	checking whether mpicxx declares c++11 support...yes
	checking whether C++ library supports C++11 exceptions...yes
	checking whether mpicxx can generate dependency file with -MM -MF...yes
	configure: dependency tracking enabled
	configure: Now we will check compulsory headers and libraries
	checking how to run the C++ preprocessor...mpicxx -E
	checking for grep that handles long lines and -e.../usr/bin/grep
	checking for egrep.../usr/bin/grep -E
	checking for ANSI C header files...yes
	checking for sys/types.h...yes
	checking for sys/stat.h...yes
	checking for stdlib.h...yes
	checking for string.h...yes
	checking for memory.h...yes
	checking for strings.h...yes
	checking for inttypes.h...yes
	checking for stdint.h...yes
	checking for unistd.h...yes
	checking dirent.h usability...yes
	checking dirent.h presence...yes
	checking for dirent.h...yes
	checking for readdir...yes
	checking whether dgemv can be linked with no library...yes
	checking for library containing dsyevr...none required
	checking whether sdot returns float...yes
	configure: Now we will check for optional headers and libraries
	checking libmolfile_plugin.h usability...no
	checking libmolfile_plugin.h presence...no
	checking for libmolfile_plugin.h... no
	configure: WARNING: cannot enable __PLUMED_HAS_EXTERNAL_MOLFILE_PLUGINS
	configure: WARNING: using internal molfile_plugins, which only support dcd/xtc/trr/trj/crd files
	checking for dlopen in -ldl...yes
	checking mpi.h usability...yes
	checking mpi.h presence...yes
	checking for mpi.h... yes
	checking for library containing MPI_Init...none required
	checking for mpicxx option to support OpenMP...-fopenmp
	checking regex.h usability...yes
	checking regex.h presence...yes
	checking for regex.h... yes
	checking for library containing regcomp...none required
	checking dlfcn.h usability...yes
	checking dlfcn.h presence...yes
	checking for dlfcn.h... yes
	checking for library containing dlopen...none required
	checking RTLD_DEFAULT without extra libs...yes
	checking for unistd.h... (cached) yes
	checking for library containing chdir...none required
	checking subprocess without extra libs...yes
	checking for unistd.h... (cached) yes
	checking for library containing getcwd...none required
	checking execinfo.h usability...yes
	checking execinfo.h presence...yes
	checking for execinfo.h... yes
	checking for library containing backtrace...none required
	checking zlib.h usability...yes
	checking zlib.h presence...yes
	checking for zlib.h...yes
	checking for library containing gzopen...-lz
	checking for library containing cblas_dgemv...none required
	checking gsl/gsl_vector.h usability...yes
	checking gsl/gsl_vector.h presence...yes
	checking for gsl/gsl_vector.h... yes
	checking for library containing gsl_vector_alloc...-lgsl
	checking xdrfile/xdrfile_xtc.h usability...no
	checking xdrfile/xdrfile_xtc.h presence...no
	checking for xdrfile/xdrfile_xtc.h...no
	configure: WARNING: cannot enable __PLUMED_HAS_XDRFILE
	checking fftw3.h usability...no
	checking fftw3.h presence...no
	checking for fftw3.h...configure: WARNING: cannot enable __PLUMED_HAS_FFTW
	no
	checking for python...no
	configure: WARNING: cannot enable python interface
	configure: Release mode, adding -DNDEBUG
	configure: *** Special settings for dynamic libraries on Linux ***
	configure: Dynamic library extension is 'so'
	configure: LDSHARED and LDFLAGS need special flags
	checking whether LDFLAGS can contain -rdynamic...yes
	checking whether LDFLAGS can contain -Wl,-Bsymbolic...yes
	configure: Using LDSHARED='mpicxx -shared'
	configure: Using LDFLAGS='-L/opt/intel/oneapi/mkl/latest/lib/intel64 -rdynamic -Wl,-Bsymbolic'
	checking whether LDSHARED can create dynamic libraries...yes
	checking for doxygen...no
	configure: Manuals will not be generated
	configure: A PDF version of the manual will not be generated
	checking for xxd...found
	checking whether a program can be run on this machine...yes
	checking whether a program compiled with mpi can be run on this machine...yes
	configure: Regtest suite will use env var PLUMED_MPIRUN to run MPI tests (default: mpirun)
	configure: PLUMED seems to be configured properly!
	configure: **************************
	checking whether C++ objects can be grouped with ld -r -o...yes
	checking whether static libraries can be created with ar cr...yes
	checking whether static-object constructors can be linked from a static archive...yes
	configure: I will now check if C++ objects can be linked by C/Fortran compilers
	configure: This is relevant if you want to use plumed patch --static on a non-C++ code
	checking whether C can link a C++ object...no
	checking whether C can link a C++ object with library -lstdc++...yes
	checking whether FORTRAN can link a C++ object...yes
	checking for pkg-config.../usr/bin/pkg-config
	configure: bash-completion is not installed or it is installed on a different prefix
	configure: bash completion for plumed will not be installed
	configure: **** PLUMED will be installed using the following paths:
	configure: **** prefix: /opt/plumed_cvhd
	configure: **** exec_prefix: ${prefix}
	configure: **** bindir: ${exec_prefix}/bin
	configure: **** libdir: ${exec_prefix}/lib
	configure: **** includedir: ${prefix}/include
	configure: **** datarootdir: ${prefix}/share
	configure: **** datadir: ${datarootdir}
	configure: **** docdir: ${prefix}/share/doc/plumed
	configure: **** htmldir: ${docdir}
	configure: **** Executable will be named plumed
	configure: **** As of PLUMED 2.5, you cannot change paths anymore during "make install"
	configure: **** Please configure and make clean to change the prefix
	configure: **** PLUMED will be compiled using MPI
	configure: WARNING: **** Bash completion for plumed will not be installed, please add the following two lines to your bashrc
	configure: WARNING: **** _plumed() { eval "$(plumed --no-mpi completion 2>/dev/null)";}
	configure: WARNING: **** complete -F _plumed -o default plumed
	configure: creating ./config.status
	config.status: creating Makefile.conf
	config.status: creating sourceme.sh
	config.status: creating stamp-h
	make lib
	make[1]: Entering directory '/opt/plumed2_cvhd'
	make	-C src
	make[2]: Entering directory '/opt/plumed2_cvhd/src'
	make -C lib
	make[3]: Entering directory '/opt/plumed2_cvhd/src/lib'
	make dirslinks
	make[4]: Entering directory '/opt/plumed2_cvhd/src/lib'
	*** Updating links to used modules in all directories ***
	make ../analysis.links ../asmjit.links ../bias.links ../blas.links ../cltools.links ../colvar.links ../config.links ../core.links ../cvhd.links ../function.links ../generic.links ../gridtools.links ../isdb.links ../lapack.links ../lepton.links ../main.links ../mapping.links ../molfile.links ../multicolvar.links ../reference.links ../secondarystructure.links ../setup.links ../tools.links ../vatom.links ../vesselbase.links ../wrapper.links
	make[5]: Entering directory '/opt/plumed2_cvhd/src/lib'
	make -C ../analysis links
	make[6]: Entering directory '/opt/plumed2_cvhd/src/analysis'
	Verify modules and create links in /opt/plumed2_cvhd/src/analysis
	make[6]: Leaving directory '/opt/plumed2_cvhd/src/analysis'
	make -C ../asmjit links
	make[6]: Entering directory '/opt/plumed2_cvhd/src/asmjit'
	Verify modules and create links in /opt/plumed2_cvhd/src/asmjit
	make[6]: Leaving directory '/opt/plumed2_cvhd/src/asmjit'
	make -C ../bias links
	make[6]: Entering directory '/opt/plumed2_cvhd/src/bias'
	Verify modules and create links in /opt/plumed2_cvhd/src/bias
	make[6]: Leaving directory '/opt/plumed2_cvhd/src/bias'
	make -C ../blas links
	make[6]: Entering directory '/opt/plumed2_cvhd/src/blas'
	Verify modules and create links in /opt/plumed2_cvhd/src/blas
	make[6]: Leaving directory '/opt/plumed2_cvhd/src/blas'
	make -C ../cltools links
	make[6]: Entering directory '/opt/plumed2_cvhd/src/cltools'
	Verify modules and create links in /opt/plumed2_cvhd/src/cltools
	make[6]: Leaving directory '/opt/plumed2_cvhd/src/cltools'
	make -C ../colvar links
	make[6]: Entering directory '/opt/plumed2_cvhd/src/colvar'
	Verify modules and create links in /opt/plumed2_cvhd/src/colvar
	make[6]: Leaving directory '/opt/plumed2_cvhd/src/colvar'
	make -C ../config links
	make[6]: Entering directory '/opt/plumed2_cvhd/src/config'
	Nothing to do in /opt/plumed2_cvhd/src/config
	make[6]: Leaving directory '/opt/plumed2_cvhd/src/config'
	make -C ../core links
	make[6]: Entering directory '/opt/plumed2_cvhd/src/core'
	Verify modules and create links in /opt/plumed2_cvhd/src/core
	make[6]: Leaving directory '/opt/plumed2_cvhd/src/core'
	make -C ../cvhd links
	make[6]: Entering directory '/opt/plumed2_cvhd/src/cvhd'
	Verify modules and create links in /opt/plumed2_cvhd/src/cvhd
	make[6]: Leaving directory '/opt/plumed2_cvhd/src/cvhd'
	make -C ../function links
	make[6]: Entering directory '/opt/plumed2_cvhd/src/function'
	Verify modules and create links in /opt/plumed2_cvhd/src/function
	make[6]: Leaving directory '/opt/plumed2_cvhd/src/function'
	make -C ../generic links
	make[6]: Entering directory '/opt/plumed2_cvhd/src/generic'
	Verify modules and create links in /opt/plumed2_cvhd/src/generic
	make[6]: Leaving directory '/opt/plumed2_cvhd/src/generic'
	make -C ../gridtools links
	make[6]: Entering directory '/opt/plumed2_cvhd/src/gridtools'
	Verify modules and create links in /opt/plumed2_cvhd/src/gridtools
	make[6]: Leaving directory '/opt/plumed2_cvhd/src/gridtools'
	make -C ../isdb links
	make[6]: Entering directory '/opt/plumed2_cvhd/src/isdb'
	Verify modules and create links in /opt/plumed2_cvhd/src/isdb
	make[6]: Leaving directory '/opt/plumed2_cvhd/src/isdb'
	make -C ../lapack links
	make[6]: Entering directory '/opt/plumed2_cvhd/src/lapack'
	Verify modules and create links in /opt/plumed2_cvhd/src/lapack
	make[6]: Leaving directory '/opt/plumed2_cvhd/src/lapack'
	make -C ../lepton links
	make[6]: Entering directory '/opt/plumed2_cvhd/src/lepton'
	Verify modules and create links in /opt/plumed2_cvhd/src/lepton
	make[6]: Leaving directory '/opt/plumed2_cvhd/src/lepton'
	make -C ../main links
	make[6]: Entering directory '/opt/plumed2_cvhd/src/main'
	Verify modules and create links in /opt/plumed2_cvhd/src/main
	make[6]: Leaving directory '/opt/plumed2_cvhd/src/main'
	make -C ../mapping links
	make[6]: Entering directory '/opt/plumed2_cvhd/src/mapping'
	Verify modules and create links in /opt/plumed2_cvhd/src/mapping
	make[6]: Leaving directory '/opt/plumed2_cvhd/src/mapping'
	make -C ../molfile links
	make[6]: Entering directory '/opt/plumed2_cvhd/src/molfile'
	Verify modules and create links in /opt/plumed2_cvhd/src/molfile
	make[6]: Leaving directory '/opt/plumed2_cvhd/src/molfile'
	make -C ../multicolvar links
	make[6]: Entering directory '/opt/plumed2_cvhd/src/multicolvar'
	Verify modules and create links in /opt/plumed2_cvhd/src/multicolvar
	make[6]: Leaving directory '/opt/plumed2_cvhd/src/multicolvar'
	make -C ../reference links
	make[6]: Entering directory '/opt/plumed2_cvhd/src/reference'
	Verify modules and create links in /opt/plumed2_cvhd/src/reference
	make[6]: Leaving directory '/opt/plumed2_cvhd/src/reference'
	make -C ../secondarystructure links
	make[6]: Entering directory '/opt/plumed2_cvhd/src/secondarystructure'
	Verify modules and create links in /opt/plumed2_cvhd/src/secondarystructure
	make[6]: Leaving directory '/opt/plumed2_cvhd/src/secondarystructure'
	make -C ../setup links
	make[6]: Entering directory '/opt/plumed2_cvhd/src/setup'
	Verify modules and create links in /opt/plumed2_cvhd/src/setup
	make[6]: Leaving directory '/opt/plumed2_cvhd/src/setup'
	make -C ../tools links
	make[6]: Entering directory '/opt/plumed2_cvhd/src/tools'
	Verify modules and create links in /opt/plumed2_cvhd/src/tools
	make[6]: Leaving directory '/opt/plumed2_cvhd/src/tools'
	make -C ../vatom links
	make[6]: Entering directory '/opt/plumed2_cvhd/src/vatom'
	Verify modules and create links in /opt/plumed2_cvhd/src/vatom
	make[6]: Leaving directory '/opt/plumed2_cvhd/src/vatom'
	make -C ../vesselbase links
	make[6]: Entering directory '/opt/plumed2_cvhd/src/vesselbase'
	Verify modules and create links in /opt/plumed2_cvhd/src/vesselbase
	make[6]: Leaving directory '/opt/plumed2_cvhd/src/vesselbase'
	make -C ../wrapper links
	make[6]: Entering directory '/opt/plumed2_cvhd/src/wrapper'
	Nothing to do in /opt/plumed2_cvhd/src/wrapper
	make[6]: Leaving directory '/opt/plumed2_cvhd/src/wrapper'
	make[5]: Leaving directory '/opt/plumed2_cvhd/src/lib'
	make[4]: Leaving directory '/opt/plumed2_cvhd/src/lib'
	make dirs
	make[4]: Entering directory '/opt/plumed2_cvhd/src/lib'
	*** Compiling all directories ***
	make ../analysis ../asmjit ../bias ../blas ../cltools ../colvar ../config ../core ../cvhd ../function ../generic ../gridtools ../isdb ../lapack ../lepton ../main ../mapping ../molfile ../multicolvar ../reference ../secondarystructure ../setup ../tools ../vatom ../vesselbase ../wrapper
	make[5]: Entering directory '/opt/plumed2_cvhd/src/lib'
	make -C ../analysis obj
	make[6]: Entering directory '/opt/plumed2_cvhd/src/analysis'
	compiling  AnalysisBase.cpp
	compiling  Average.cpp
	compiling  AverageVessel.cpp
	compiling  Committor.cpp
	compiling  DataCollectionObject.cpp
	compiling  EuclideanDissimilarityMatrix.cpp
	compiling  FarthestPointSampling.cpp
	compiling  Histogram.cpp
	compiling  LandmarkSelectionBase.cpp
	compiling  LandmarkStaged.cpp
	compiling  OutputColvarFile.cpp
	compiling  OutputPDBFile.cpp
	compiling  PrintDissimilarityMatrix.cpp
	compiling  ReadAnalysisFrames.cpp
	compiling  ReadDissimilarityMatrix.cpp
	compiling  ReselectLandmarks.cpp
	compiling  SelectRandomFrames.cpp
	compiling  SelectWithStride.cpp
	compiling  WhamHistogram.cpp
	compiling  WhamWeights.cpp
	make[6]: Leaving directory '/opt/plumed2_cvhd/src/analysis'
	make -C ../asmjit obj
	make[6]: Entering directory '/opt/plumed2_cvhd/src/asmjit'
	compiling  arch.cpp
	compiling  assembler.cpp
	compiling  codebuilder.cpp
	compiling  codecompiler.cpp
	compiling  codeemitter.cpp
	compiling  codeholder.cpp
	compiling  constpool.cpp
	compiling  cpuinfo.cpp
	compiling  func.cpp
	compiling  globals.cpp
	compiling  inst.cpp
	compiling  logging.cpp
	compiling  operand.cpp
	compiling  osutils.cpp
	compiling  regalloc.cpp
	compiling  runtime.cpp
	compiling  string.cpp
	compiling  utils.cpp
	compiling  vmem.cpp
	compiling  x86assembler.cpp
	compiling  x86builder.cpp
	compiling  x86compiler.cpp
	compiling  x86inst.cpp
	compiling  x86instimpl.cpp
	compiling  x86internal.cpp
	compiling  x86logging.cpp
	compiling  x86operand.cpp
	compiling  x86operand_regs.cpp
	compiling  x86regalloc.cpp
	compiling  zone.cpp
	make[6]: Leaving directory '/opt/plumed2_cvhd/src/asmjit'
	make -C ../bias obj
	make[6]: Entering directory '/opt/plumed2_cvhd/src/bias'
	compiling  ABMD.cpp
	compiling  Bias.cpp
	compiling  BiasValue.cpp
	compiling  ExtendedLagrangian.cpp
	compiling  External.cpp
	compiling  LWalls.cpp
	compiling  MaxEnt.cpp
	compiling  MetaD.cpp
	compiling  MovingRestraint.cpp
	compiling  PBMetaD.cpp
	compiling  Restraint.cpp
	compiling  ReweightBase.cpp
	compiling  ReweightBias.cpp
	compiling  ReweightMetad.cpp
	compiling  ReweightTemperaturePressure.cpp
	compiling  ReweightWham.cpp
	compiling  UWalls.cpp
	make[6]: Leaving directory '/opt/plumed2_cvhd/src/bias'
	make -C ../blas obj
	make[6]: Entering directory '/opt/plumed2_cvhd/src/blas'
	compiling  blas.cpp
	make[6]: Leaving directory '/opt/plumed2_cvhd/src/blas'
	make -C ../cltools obj
	make[6]: Entering directory '/opt/plumed2_cvhd/src/cltools'
	compiling  CLTool.cpp
	{ ../maketools/make-scripts-options.sh ; cat completion.sh ; }| xxd -i > completion.xxd
	../../scripts/selector.sh: line 219: python: command not found
	compiling  Completion.cpp
	compiling  Driver.cpp
	compiling  DriverDouble.cpp
	compiling  DriverFloat.cpp
	compiling  GenTemplate.cpp
	compiling  Info.cpp
	compiling  Manual.cpp
	compiling  PdbRenumber.cpp
	compiling  SimpleMD.cpp
	compiling  SumHills.cpp
	compiling  kT.cpp
	compiling  pesmd.cpp
	make[6]: Leaving directory '/opt/plumed2_cvhd/src/cltools'
	make -C ../colvar obj
	make[6]: Entering directory '/opt/plumed2_cvhd/src/colvar'
	compiling  Angle.cpp
	compiling  Cell.cpp
	compiling  Colvar.cpp
	compiling  Constant.cpp
	compiling  ContactMap.cpp
	compiling  Coordination.cpp
	compiling  CoordinationBase.cpp
	compiling  DHEnergy.cpp
	compiling  DRMSD.cpp
	compiling  Dimer.cpp
	Dimer.cpp: In constructor 'PLMD::colvar::Dimer::Dimer(const PLMD::ActionOptions&)':
	Dimer.cpp:222:28: warning: comparison of integer expressions of different signedness: 'unsigned int' and 'int' [-Wsign-compare]
	222 |     for(unsigned int i=0; i<isz1; i++)
	|                           ~^~~~~
	Dimer.cpp:230:28: warning: comparison of integer expressions of different signedness: 'unsigned int' and 'int' [-Wsign-compare]
	230 |     for(unsigned int i=0; i<isz2; i++)
	|                           ~^~~~~
	Dimer.cpp: In member function 'void PLMD::colvar::Dimer::consistencyCheck()':
	Dimer.cpp:319:20: warning: comparison of integer expressions of different signedness: 'std::vector<double>::size_type' {aka 'long unsigned int'} and 'int' [-Wsign-compare]
	319 |   if(dsigmas.size()!=nranks && dsigmas.size()!=1)
	|      ~~~~~~~~~~~~~~^~~~~~~~
	compiling  Dipole.cpp
	compiling  Distance.cpp
	compiling  EEFSolv.cpp
	compiling  ERMSD.cpp
	compiling  Energy.cpp
	compiling  ExtraCV.cpp
	compiling  Fake.cpp
	compiling  Gyration.cpp
	In file included from core/../../core/tools/Tensor.h:1,
	from core/../../core/ActionAtomistic.h:26,
	from core/../../core/Colvar.h:25,
	from core/Colvar.h:1,
	from Colvar.h:24,
	from Gyration.cpp:22:
	core/../../core/tools/../../tools/Tensor.h: In instantiation of 'void PLMD::diagMatSym(const PLMD::TensorGeneric<n_, n_>&, PLMD::VectorGeneric<m_>&, PLMD::TensorGeneric<m_, n_>&) [with unsigned int n_ = 3; unsigned int m_ = 3; unsigned int n = 3; unsigned int m = 3]':
	Gyration.cpp:252:13:   required from here
	core/../../core/tools/../../tools/Tensor.h:557:17: warning: comparison of integer expressions of different signedness: 'int' and 'unsigned int' [-Wsign-compare]
	557 |   for(int i=0; i<m; ++i) {
	|                ~^~
	core/../../core/tools/../../tools/Tensor.h:559:15: warning: comparison of integer expressions of different signedness: 'int' and 'unsigned int' [-Wsign-compare]
	559 |     for(j=0; j<n; j++) if(evec(i,j)*evec(i,j)>1e-14) break;
	|              ~^~
	core/../../core/tools/../../tools/Tensor.h:560:9: warning: comparison of integer expressions of different signedness: 'int' and 'unsigned int' [-Wsign-compare]
	560 |     if(j<n) if(evec(i,j)<0.0) for(j=0; j<n; j++) evec(i,j)*=-1;
	|        ~^~
	core/../../core/tools/../../tools/Tensor.h:560:41: warning: comparison of integer expressions of different signedness: 'int' and 'unsigned int' [-Wsign-compare]
	560 |     if(j<n) if(evec(i,j)<0.0) for(j=0; j<n; j++) evec(i,j)*=-1;
	|                                        ~^~
	compiling  MultiRMSD.cpp
	compiling  PCARMSD.cpp
	compiling  PathMSD.cpp
	compiling  PathMSDBase.cpp
	compiling  Position.cpp
	compiling  PropertyMap.cpp
	compiling  Puckering.cpp
	compiling  RMSD.cpp
	compiling  Template.cpp
	compiling  Torsion.cpp
	compiling  Volume.cpp
	make[6]: Leaving directory '/opt/plumed2_cvhd/src/colvar'
	make -C ../config obj
	make[6]: Entering directory '/opt/plumed2_cvhd/src/config'
	make PLUMED_FORCE=yes ConfigInstall.inc Config.inc version.h config.txt
	make[7]: Entering directory '/opt/plumed2_cvhd/src/config'
	Updating ConfigInstall.inc
	cmp -s ConfigInstall.inc~ ConfigInstall.inc || cp ConfigInstall.inc~ ConfigInstall.inc
	rm ConfigInstall.inc~
	Updating Config.inc
	cmp -s Config.inc~ Config.inc || cp Config.inc~ Config.inc
	rm Config.inc~
	Updating version.h
	Updating config.txt file
	make[7]: Leaving directory '/opt/plumed2_cvhd/src/config'
	make Config.o ConfigInstall.o compile_options.sh
	make[7]: Entering directory '/opt/plumed2_cvhd/src/config'
	cat ../../Makefile.conf | xxd -i > Makefile.conf.xxd
	compiling  Config.cpp
	compiling  ConfigInstall.cpp
	Building compile_options.sh, a sourceable bash script with some compilation options
	make[7]: Leaving directory '/opt/plumed2_cvhd/src/config'
	make[6]: Leaving directory '/opt/plumed2_cvhd/src/config'
	make -C ../core obj
	make[6]: Entering directory '/opt/plumed2_cvhd/src/core'
	compiling  Action.cpp
	compiling  ActionAnyorder.cpp
	compiling  ActionAtomistic.cpp
	ActionAtomistic.cpp: In member function 'void PLMD::ActionAtomistic::requestAtoms(const std::vector<PLMD::AtomNumber>&, bool)':
	ActionAtomistic.cpp:73:26: warning: comparison of integer expressions of different signedness: 'unsigned int' and 'int' [-Wsign-compare]
	73 |     if(indexes[i].index()>=n) { std::string num; Tools::convert( indexes[i].serial(),num ); error("atom " + num + " out of range"); }
	|        ~~~~~~~~~~~~~~~~~~^~~
	ActionAtomistic.cpp: In member function 'void PLMD::ActionAtomistic::interpretAtomList(std::vector<std::__cxx11::basic_string<char> >&, std::vector<PLMD::AtomNumber>&)':
	ActionAtomistic.cpp:181:28: warning: comparison of integer expressions of different signedness: 'unsigned int' and 'const int' [-Wsign-compare]
	181 |         for(unsigned i=0; i<n; i++) t.push_back(AtomNumber::index(i));
	|                           ~^~
	ActionAtomistic.cpp:186:28: warning: comparison of integer expressions of different signedness: 'unsigned int' and 'const int' [-Wsign-compare]
	186 |         for(unsigned i=0; i<n; i++) t.push_back(AtomNumber::index(i));
	|                           ~^~
	compiling  ActionPilot.cpp
	compiling  ActionRegister.cpp
	compiling  ActionSet.cpp
	compiling  ActionSetup.cpp
	compiling  ActionShortcut.cpp
	compiling  ActionWithArguments.cpp
	compiling  ActionWithValue.cpp
	compiling  ActionWithVirtualAtom.cpp
	compiling  Atoms.cpp
	Atoms.cpp: In member function 'void PLMD::Atoms::setAtomsGatindex(int*, bool)':
	Atoms.cpp:391:22: warning: comparison of integer expressions of different signedness: 'std::vector<int>::size_type' {aka 'long unsigned int'} and 'int' [-Wsign-compare]
	391 |   if( gatindex.size()==natoms ) {
	|       ~~~~~~~~~~~~~~~^~~~~~~~
	Atoms.cpp:394:22: warning: comparison of integer expressions of different signedness: '__gnu_cxx::__alloc_traits<std::allocator<int>, int>::value_type' {aka 'int'} and 'unsigned int' [-Wsign-compare]
	394 |       if( gatindex[i]!=i ) { shuffledAtoms=1; break; }
	Atoms.cpp: In member function 'void PLMD::Atoms::setAtomsContiguous(int)':
	Atoms.cpp:416:21: warning: comparison of integer expressions of different signedness: 'std::vector<int>::size_type' {aka 'long unsigned int'} and 'int' [-Wsign-compare]
	416 |   if(gatindex.size()<natoms) shuffledAtoms=1;
	|      ~~~~~~~~~~~~~~~^~~~~~~
	Atoms.cpp: In member function 'void PLMD::Atoms::createFullList(int*)':
	Atoms.cpp:464:24: warning: comparison of integer expressions of different signedness: 'unsigned int' and 'int' [-Wsign-compare]
	464 |     for(unsigned i=0; i<natoms; i++) fullList[i]=i;
	|                       ~^~~~~~~
	compiling  CLTool.cpp
	../maketools/makecmd map < CLToolMain.cpp > CLToolMainMap.inc
	../maketools/makecmd enum < CLToolMain.cpp > CLToolMainEnum.inc
	compiling  CLToolMain.cpp
	compiling  CLToolRegister.cpp
	compiling  Colvar.cpp
	Colvar.cpp: In member function 'virtual void PLMD::Colvar::apply()':
	Colvar.cpp:63:9: warning: comparison of integer expressions of different signedness: 'const unsigned int' and 'int' [-Wsign-compare]
	63 |   if(ncp>4*comm.Get_size()) {
	|      ~~~^~~~~~~~~~~~~~~~~~
	Colvar.cpp:103:11: warning: comparison of integer expressions of different signedness: 'const unsigned int' and 'int' [-Wsign-compare]
	103 |     if(ncp>4*comm.Get_size()) {
	|        ~~~^~~~~~~~~~~~~~~~~~
	compiling  DataFetchingObject.cpp
	DataFetchingObject.cpp: In static member function 'static void PLMD::DataFetchingObject::get_rank(const PLMD::ActionSet&, const string&, const string&, long int*)':
	DataFetchingObject.cpp:77:10: warning: unused variable 'val' [-Wunused-variable]
	77 |   Value* val = myv->copyOutput( key );
	|          ^~~
	DataFetchingObject.cpp: In static member function 'static void PLMD::DataFetchingObject::get_shape(const PLMD::ActionSet&, const string&, const string&, long int*)':
	DataFetchingObject.cpp:98:10: warning: unused variable 'val' [-Wunused-variable]
	98 |   Value* val = myv->copyOutput( key );
	|          ^~~
	compiling  ExchangePatterns.cpp
	compiling  FlexibleBin.cpp
	../maketools/makecmd map < GREX.cpp > GREXMap.inc
	../maketools/makecmd enum < GREX.cpp > GREXEnum.inc
	compiling  GREX.cpp
	compiling  MDAtoms.cpp
	../maketools/makecmd map < PlumedMain.cpp > PlumedMainMap.inc
	../maketools/makecmd enum < PlumedMain.cpp > PlumedMainEnum.inc
	compiling  PlumedMain.cpp
	compiling  PlumedMainInitializer.cpp
	compiling  SetupMolInfo.cpp
	compiling  TargetDist.cpp
	compiling  Value.cpp
	compiling  WithCmd.cpp
	make[6]: Leaving directory '/opt/plumed2_cvhd/src/core'
	make -C ../cvhd obj
	make[6]: Entering directory '/opt/plumed2_cvhd/src/cvhd'
	compiling  AngleSwitch.cpp
	compiling  BondRotate.cpp
	compiling  CVHD.cpp
	compiling  GlobalDistortion.cpp
	make[6]: Leaving directory '/opt/plumed2_cvhd/src/cvhd'
	make -C ../function obj
	make[6]: Entering directory '/opt/plumed2_cvhd/src/function'
	compiling  Combine.cpp
	compiling  Custom.cpp
	compiling  Ensemble.cpp
	compiling  FuncPathMSD.cpp
	compiling  FuncSumHills.cpp
	FuncSumHills.cpp: In member function 'bool PLMD::function::FilesHandler::readBunch(PLMD::BiasRepresentation*, int)':
	FuncSumHills.cpp:122:50: warning: 'n' may be used uninitialized in this function [-Wmaybe-uninitialized]
	122 |           (*log)<<"  final chunk: now with "<<n<<" kernels  \n";
	|                                                  ^~~~~~~~~~~~~~
	compiling  Function.cpp
	compiling  LocalEnsemble.cpp
	compiling  Piecewise.cpp
	compiling  Sort.cpp
	compiling  Stats.cpp
	compiling  Target.cpp
	make[6]: Leaving directory '/opt/plumed2_cvhd/src/function'
	make -C ../generic obj
	make[6]: Entering directory '/opt/plumed2_cvhd/src/generic'
	compiling  Debug.cpp
	compiling  DumpAtoms.cpp
	compiling  DumpDerivatives.cpp
	compiling  DumpForces.cpp
	compiling  DumpMassCharge.cpp
	compiling  DumpProjections.cpp
	compiling  EffectiveEnergyDrift.cpp
	compiling  EndPlumed.cpp
	compiling  FitToTemplate.cpp
	compiling  Flush.cpp
	compiling  Group.cpp
	compiling  Include.cpp
	compiling  Plumed.cpp
	Plumed.cpp: In member function 'virtual void PLMD::generic::Plumed::prepare()':
	Plumed.cpp:324:26: warning: comparison of integer expressions of different signedness: 'std::vector<int>::size_type' {aka 'long unsigned int'} and 'int' [-Wsign-compare]
	324 |   bool redo=(index.size()!=n);
	|              ~~~~~~~~~~~~^~~
	Plumed.cpp: In member function 'virtual void PLMD::generic::Plumed::calculate()':
	Plumed.cpp:365:17: warning: comparison of integer expressions of different signedness: 'int' and 'std::vector<double>::size_type' {aka 'long unsigned int'} [-Wsign-compare]
	365 |   for(int i=0; i<forces.size(); i++) forces[i]=0.0;
	|                ~^~~~~~~~~~~~~~
	Plumed.cpp:366:17: warning: comparison of integer expressions of different signedness: 'int' and 'std::vector<double>::size_type' {aka 'long unsigned int'} [-Wsign-compare]
	366 |   for(int i=0; i<masses.size(); i++) masses[i]=getMass(i);
	|                ~^~~~~~~~~~~~~~
	Plumed.cpp:367:17: warning: comparison of integer expressions of different signedness: 'int' and 'std::vector<double>::size_type' {aka 'long unsigned int'} [-Wsign-compare]
	367 |   for(int i=0; i<charges.size(); i++) charges[i]=getCharge(i);
	|                ~^~~~~~~~~~~~~~~
	compiling  Print.cpp
	compiling  RandomExchanges.cpp
	compiling  Read.cpp
	compiling  ResetCell.cpp
	compiling  Time.cpp
	compiling  UpdateIf.cpp
	compiling  WholeMolecules.cpp
	WholeMolecules.cpp: In constructor 'PLMD::generic::WholeMolecules::WholeMolecules(const PLMD::ActionOptions&)':
	WholeMolecules.cpp:156:19: warning: comparison of integer expressions of different signedness: 'int' and 'std::vector<std::vector<PLMD::AtomNumber> >::size_type' {aka 'long unsigned int'} [-Wsign-compare]
	156 |     for(int i=0; i<groups.size(); ++i) {
	|                  ~^~~~~~~~~~~~~~
	compiling  WrapAround.cpp
	make[6]: Leaving directory '/opt/plumed2_cvhd/src/generic'
	make -C ../gridtools obj
	make[6]: Entering directory '/opt/plumed2_cvhd/src/gridtools'
	compiling  ActionWithGrid.cpp
	compiling  ActionWithInputGrid.cpp
	compiling  ActionWithIntegral.cpp
	compiling  AverageOnGrid.cpp
	compiling  ContourFindingBase.cpp
	compiling  ConvertToFES.cpp
	compiling  DumpCube.cpp
	compiling  DumpGrid.cpp
	compiling  FindContour.cpp
	In file included from tools/../../tools/RootFindingBase.h:26,
	from tools/RootFindingBase.h:1,
	from ContourFindingBase.h:26,
	from FindContour.cpp:24:
	tools/../../tools/Brent1DRootSearch.h: In member function 'virtual void PLMD::gridtools::FindContour::compute(const unsigned int&, PLMD::MultiValue&) const':
	tools/../../tools/Brent1DRootSearch.h:100:57: warning: 'e' may be used uninitialized in this function [-Wmaybe-uninitialized]
	100 |       p=fabs(p); min1=3.0*xm*q-fabs(tol1*q); min2=fabs(e*q);
	|                                                        ~^~
	tools/../../tools/Brent1DRootSearch.h:86:20: note: 'e' was declared here
	86 |   double cx=bx, d, e, min1, min2, fc=fb, p, q, r, s, tol1, xm;
	|                    ^
	compiling  FindContourSurface.cpp
	In file included from tools/../../tools/RootFindingBase.h:26,
	from tools/RootFindingBase.h:1,
	from ContourFindingBase.h:26,
	from FindContourSurface.cpp:23:
	tools/../../tools/Brent1DRootSearch.h: In member function 'void PLMD::RootFindingBase<FCLASS>::linesearch(const std::vector<double>&, std::vector<double>&, PLMD::RootFindingBase<FCLASS>::engf_pointer) const [with FCLASS = PLMD::gridtools::ContourFindingBase]':
	tools/../../tools/Brent1DRootSearch.h:100:57: warning: 'e' may be used uninitialized in this function [-Wmaybe-uninitialized]
	100 |       p=fabs(p); min1=3.0*xm*q-fabs(tol1*q); min2=fabs(e*q);
	|                                                        ~^~
	tools/../../tools/Brent1DRootSearch.h:86:20: note: 'e' was declared here
	86 |   double cx=bx, d, e, min1, min2, fc=fb, p, q, r, s, tol1, xm;
	|                    ^
	compiling  FindSphericalContour.cpp
	In file included from tools/../../tools/RootFindingBase.h:26,
	from tools/RootFindingBase.h:1,
	from ContourFindingBase.h:26,
	from FindSphericalContour.cpp:23:
	tools/../../tools/Brent1DRootSearch.h: In member function 'void PLMD::RootFindingBase<FCLASS>::linesearch(const std::vector<double>&, std::vector<double>&, PLMD::RootFindingBase<FCLASS>::engf_pointer) const [with FCLASS = PLMD::gridtools::ContourFindingBase]':
	tools/../../tools/Brent1DRootSearch.h:100:57: warning: 'e' may be used uninitialized in this function [-Wmaybe-uninitialized]
	100 |       p=fabs(p); min1=3.0*xm*q-fabs(tol1*q); min2=fabs(e*q);
	|                                                        ~^~
	tools/../../tools/Brent1DRootSearch.h:86:20: note: 'e' was declared here
	86 |   double cx=bx, d, e, min1, min2, fc=fb, p, q, r, s, tol1, xm;
	|                    ^
	compiling  FourierTransform.cpp
	compiling  GridPrintingBase.cpp
	compiling  GridSearch.cpp
	compiling  GridToXYZ.cpp
	compiling  GridVessel.cpp
	GridVessel.cpp: In member function 'void PLMD::gridtools::GridVessel::getNeighbors(const std::vector<unsigned int>&, const std::vector<unsigned int>&, unsigned int&, std::vector<unsigned int>&) const':
	GridVessel.cpp:415:23: warning: comparison of integer expressions of different signedness: 'int' and 'const value_type' {aka 'const unsigned int'} [-Wsign-compare]
	415 |       if(!pbc[i] && i0>=nbin[i]) found=false;
	GridVessel.cpp:417:23: warning: comparison of integer expressions of different signedness: 'int' and 'const value_type' {aka 'const unsigned int'} [-Wsign-compare]
	417 |       if( pbc[i] && i0>=nbin[i]) i0%=nbin[i];
	GridVessel.cpp: In member function 'unsigned int PLMD::gridtools::GridVessel::getFibonacciIndex(const std::vector<double>&) const':
	GridVessel.cpp:251:10: warning: 'outind' may be used uninitialized in this function [-Wmaybe-uninitialized]
	251 |   return outind;
	|          ^~~~~~
	compiling  HistogramOnGrid.cpp
	compiling  IntegrateGrid.cpp
	compiling  InterpolateGrid.cpp
	make[6]: Leaving directory '/opt/plumed2_cvhd/src/gridtools'
	make -C ../isdb obj
	make[6]: Entering directory '/opt/plumed2_cvhd/src/isdb'
	compiling  CS2Backbone.cpp
	compiling  Caliber.cpp
	Caliber.cpp: In member function 'double PLMD::isdb::Caliber::getSpline(unsigned int)':
	Caliber.cpp:275:14: warning: comparison of integer expressions of different signedness: 'int' and 'std::vector<double>::size_type' {aka 'long unsigned int'} [-Wsign-compare]
	275 |   if(tindex+1<var[iarg].size()) end=tindex+2;
	|      ~~~~~~~~^~~~~~~~~~~~~~~~~
	Caliber.cpp:286:14: warning: comparison of integer expressions of different signedness: 'unsigned int' and 'const int' [-Wsign-compare]
	286 |     if(ipoint==tindex) x0=0;
	|        ~~~~~~^~~~~~~~
	compiling  EMMI.cpp
	EMMI.cpp: In member function 'void PLMD::isdb::EMMI::write_model_overlap(long int)':
	EMMI.cpp:594:17: warning: comparison of integer expressions of different signedness: 'int' and 'std::vector<double>::size_type' {aka 'long unsigned int'} [-Wsign-compare]
	594 |   for(int i=0; i<ovmd_.size(); ++i) {
	|                ~^~~~~~~~~~~~~
	EMMI.cpp: In member function 'std::vector<double> PLMD::isdb::EMMI::read_exp_errors(std::string)':
	EMMI.cpp:775:26: warning: comparison of integer expressions of different signedness: 'unsigned int' and 'int' [-Wsign-compare]
	775 |       for(unsigned i=0; i<nexp; ++i) {
	|                         ~^~~~~
	EMMI.cpp: In member function 'void PLMD::isdb::EMMI::get_GMM_d(std::string)':
	EMMI.cpp:942:22: warning: comparison of integer expressions of different signedness: '__gnu_cxx::__alloc_traits<std::allocator<int>, int>::value_type' {aka 'int'} and 'std::vector<std::vector<int> >::size_type' {aka 'long unsigned int'} [-Wsign-compare]
	942 |     if(GMM_d_beta_[i]>=GMM_d_grps_.size()) error("Check Beta values");
	compiling  FretEfficiency.cpp
	compiling  Jcoupling.cpp
	compiling  Metainference.cpp
	compiling  MetainferenceBase.cpp
	compiling  NOE.cpp
	compiling  PRE.cpp
	compiling  RDC.cpp
	compiling  Rescale.cpp
	compiling  SAXS.cpp
	compiling  Select.cpp
	compiling  Selector.cpp
	make[6]: Leaving directory '/opt/plumed2_cvhd/src/isdb'
	make -C ../lapack obj
	make[6]: Entering directory '/opt/plumed2_cvhd/src/lapack'
	compiling  lapack.cpp
	make[6]: Leaving directory '/opt/plumed2_cvhd/src/lapack'
	make -C ../lepton obj
	make[6]: Entering directory '/opt/plumed2_cvhd/src/lepton'
	compiling  CompiledExpression.cpp
	CompiledExpression.cpp: In member function 'void PLMD::lepton::CompiledExpression::compileExpression(const PLMD::lepton::ExpressionTreeNode&, std::vector<std::pair<PLMD::lepton::ExpressionTreeNode, int> >&)':
	CompiledExpression.cpp:157:23: warning: comparison of integer expressions of different signedness: 'int' and 'std::vector<PLMD::lepton::ExpressionTreeNode>::size_type' {aka 'long unsigned int'} [-Wsign-compare]
	157 |     for (int i = 0; i < node.getChildren().size(); i++) {
	|                     ~~^~~~~~~~~~~~~~~~~~~~~~~~~~~
	CompiledExpression.cpp:179:31: warning: comparison of integer expressions of different signedness: 'int' and 'std::vector<int>::size_type' {aka 'long unsigned int'} [-Wsign-compare]
	179 |             for (int i = 1; i < args.size(); i++)
	|                             ~~^~~~~~~~~~~~~
	CompiledExpression.cpp: In member function 'double PLMD::lepton::CompiledExpression::evaluate() const':
	CompiledExpression.cpp:240:23: warning: comparison of integer expressions of different signedness: 'int' and 'std::vector<std::pair<double*, double*> >::size_type' {aka 'long unsigned int'} [-Wsign-compare]
	240 |     for (int i = 0; i < variablesToCopy.size(); i++)
	|                     ~~^~~~~~~~~~~~~~~~~~~~~~~~
	CompiledExpression.cpp:245:29: warning: comparison of integer expressions of different signedness: 'int' and 'std::vector<PLMD::lepton::Operation*>::size_type' {aka 'long unsigned int'} [-Wsign-compare]
	245 |     for (int step = 0; step < operation.size(); step++) {
	|                        ~~~~~^~~~~~~~~~~~~~~~~~
	CompiledExpression.cpp:250:31: warning: comparison of integer expressions of different signedness: 'int' and 'std::vector<int>::size_type' {aka 'long unsigned int'} [-Wsign-compare]
	250 |             for (int i = 0; i < args.size(); i++)
	|                             ~~^~~~~~~~~~~~~
	CompiledExpression.cpp:236:23: warning: unused variable 'asmjit' [-Wunused-variable]
	236 |     static const bool asmjit=useAsmJit();
	|                       ^~~~~~
	compiling  ExpressionProgram.cpp
	compiling  ExpressionTreeNode.cpp
	ExpressionTreeNode.cpp: In constructor 'PLMD::lepton::ExpressionTreeNode::ExpressionTreeNode(PLMD::lepton::Operation*, const std::vector<PLMD::lepton::ExpressionTreeNode>&)':
	ExpressionTreeNode.cpp:73:38: warning: comparison of integer expressions of different signedness: 'int' and 'std::vector<PLMD::lepton::ExpressionTreeNode>::size_type' {aka 'long unsigned int'} [-Wsign-compare]
	73 |     if (operation->getNumArguments() != children.size())
	|         ~~~~~~~~~~~~~~~~~~~~~~~~~~~~~^~~~~~~~~~~~~~~~~~
	ExpressionTreeNode.cpp: In constructor 'PLMD::lepton::ExpressionTreeNode::ExpressionTreeNode(PLMD::lepton::Operation*, const PLMD::lepton::ExpressionTreeNode&, const PLMD::lepton::ExpressionTreeNode&)':
	ExpressionTreeNode.cpp:80:38: warning: comparison of integer expressions of different signedness: 'int' and 'std::vector<PLMD::lepton::ExpressionTreeNode>::size_type' {aka 'long unsigned int'} [-Wsign-compare]
	80 |     if (operation->getNumArguments() != children.size())
	|         ~~~~~~~~~~~~~~~~~~~~~~~~~~~~~^~~~~~~~~~~~~~~~~~
	ExpressionTreeNode.cpp: In constructor 'PLMD::lepton::ExpressionTreeNode::ExpressionTreeNode(PLMD::lepton::Operation*, const PLMD::lepton::ExpressionTreeNode&)':
	ExpressionTreeNode.cpp:86:38: warning: comparison of integer expressions of different signedness: 'int' and 'std::vector<PLMD::lepton::ExpressionTreeNode>::size_type' {aka 'long unsigned int'} [-Wsign-compare]
	86 |     if (operation->getNumArguments() != children.size())
	|         ~~~~~~~~~~~~~~~~~~~~~~~~~~~~~^~~~~~~~~~~~~~~~~~
	ExpressionTreeNode.cpp: In constructor 'PLMD::lepton::ExpressionTreeNode::ExpressionTreeNode(PLMD::lepton::Operation*)':
	ExpressionTreeNode.cpp:91:38: warning: comparison of integer expressions of different signedness: 'int' and 'std::vector<PLMD::lepton::ExpressionTreeNode>::size_type' {aka 'long unsigned int'} [-Wsign-compare]
	91 |     if (operation->getNumArguments() != children.size())
	|         ~~~~~~~~~~~~~~~~~~~~~~~~~~~~~^~~~~~~~~~~~~~~~~~
	compiling  Operation.cpp
	compiling  ParsedExpression.cpp
	compiling  Parser.cpp
	Parser.cpp: In static member function 'static PLMD::lepton::ParsedExpression PLMD::lepton::Parser::parse(const string&, const std::map<std::__cxx11::basic_string<char>, PLMD::lepton::CustomFunction*>&)':
	Parser.cpp:238:21: warning: comparison of integer expressions of different signedness: 'int' and 'std::vector<PLMD::lepton::ParseToken>::size_type' {aka 'long unsigned int'} [-Wsign-compare]
	238 |             if (pos != tokens.size())
	|                 ~~~~^~~~~~~~~~~~~~~~
	Parser.cpp:247:17: warning: comparison of integer expressions of different signedness: 'int' and 'std::vector<PLMD::lepton::ParseToken>::size_type' {aka 'long unsigned int'} [-Wsign-compare]
	247 |         if (pos != tokens.size())
	|             ~~~~^~~~~~~~~~~~~~~~
	Parser.cpp: In static member function 'static PLMD::lepton::ExpressionTreeNode PLMD::lepton::Parser::parsePrecedence(const std::vector<PLMD::lepton::ParseToken>&, int&, const std::map<std::__cxx11::basic_string<char>, PLMD::lepton::CustomFunction*>&, const std::map<std::__cxx11::basic_string<char>, PLMD::lepton::ExpressionTreeNode>&, int)':
	Parser.cpp:258:13: warning: comparison of integer expressions of different signedness: 'int' and 'std::vector<PLMD::lepton::ParseToken>::size_type' {aka 'long unsigned int'} [-Wsign-compare]
	258 |     if (pos == tokens.size())
	|         ~~~~^~~~~~~~~~~~~~~~
	Parser.cpp:284:17: warning: comparison of integer expressions of different signedness: 'int' and 'std::vector<PLMD::lepton::ParseToken>::size_type' {aka 'long unsigned int'} [-Wsign-compare]
	284 |         if (pos == tokens.size() || tokens[pos].getType() != ParseToken::RightParen)
	|             ~~~~^~~~~~~~~~~~~~~~
	Parser.cpp:298:17: warning: comparison of integer expressions of different signedness: 'int' and 'std::vector<PLMD::lepton::ParseToken>::size_type' {aka 'long unsigned int'} [-Wsign-compare]
	298 |         if (pos == tokens.size() || tokens[pos].getType() != ParseToken::RightParen)
	|             ~~~~^~~~~~~~~~~~~~~~
	make[6]: Leaving directory '/opt/plumed2_cvhd/src/lepton'
	make -C ../main obj
	make[6]: Entering directory '/opt/plumed2_cvhd/src/main'
	compiling  main.cpp
	main.cpp: In function 'int main(int, char**)':
	main.cpp:42:28: warning: comparison of integer expressions of different signedness: 'unsigned int' and 'int' [-Wsign-compare]
	42 |   for(unsigned iarg=1; iarg<argc; iarg++) {
	|                        ~~~~^~~~~
	make[6]: Leaving directory '/opt/plumed2_cvhd/src/main'
	make -C ../mapping obj
	make[6]: Entering directory '/opt/plumed2_cvhd/src/mapping'
	compiling  AdaptivePath.cpp
	AdaptivePath.cpp: In constructor 'PLMD::mapping::AdaptivePath::AdaptivePath(const PLMD::ActionOptions&)':
	AdaptivePath.cpp:154:17: warning: comparison of integer expressions of different signedness: 'int' and 'unsigned int' [-Wsign-compare]
	154 |   for(int i=0; i<getNumberOfReferencePoints(); ++i) {
	|                ~^~~~~~~~~~~~~~~~~~~~~~~~~~~~~
	compiling  Mapping.cpp
	compiling  PCAVars.cpp
	compiling  Path.cpp
	compiling  PathBase.cpp
	compiling  PathReparameterization.cpp
	PathReparameterization.cpp: In member function 'void PLMD::mapping::PathReparameterization::reparameterizePart(const int&, const int&, const double&, const double&)':
	PathReparameterization.cpp:72:31: warning: comparison of integer expressions of different signedness: 'unsigned int' and 'int' [-Wsign-compare]
	72 |       for(unsigned i=istart; i<iend+1; ++i) sfrac[i] = target*(i-istart);
	|                              ~^~~~~~~
	PathReparameterization.cpp:94:31: warning: comparison of integer expressions of different signedness: 'unsigned int' and 'const int' [-Wsign-compare]
	94 |       for(unsigned i=istart; i<iend; ++i) sfrac[i] = dr*(i-istart);
	|                              ~^~~~~
	PathReparameterization.cpp:102:17: warning: comparison of integer expressions of different signedness: 'unsigned int' and 'const int' [-Wsign-compare]
	102 |         if( cfin==iend && k>= iend+1 ) plumed_merror("path reparameterization error");
	|             ~~~~^~~~~~
	PathReparameterization.cpp:103:22: warning: comparison of integer expressions of different signedness: 'unsigned int' and 'int' [-Wsign-compare]
	103 |         else if( cfin==(iend+1) && k>=iend ) { k=iend-1; break; }
	|                  ~~~~^~~~~~~~~~
	PathReparameterization.cpp:104:22: warning: comparison of integer expressions of different signedness: 'unsigned int' and 'int' [-Wsign-compare]
	104 |         else if( cfin==(iend-1) && k<=iend ) { k=iend+1; break; }
	|                  ~~~~^~~~~~~~~~
	PathReparameterization.cpp: In member function 'void PLMD::mapping::PathReparameterization::reparameterize(const int&, const int&, const double&)':
	PathReparameterization.cpp:141:12: warning: comparison of integer expressions of different signedness: 'const int' and 'std::vector<std::unique_ptr<PLMD::ReferenceConfiguration> >::size_type' {aka 'long unsigned int'} [-Wsign-compare]
	141 |   if( ifix2<(mypath.size()-1) ) reparameterizePart( ifix2, mypath.size()-1, target, TOL );
	|       ~~~~~^~~~~~~~~~~~~~~~~~
	compiling  PathTools.cpp
	PathTools.cpp: In member function 'virtual int PLMD::mapping::PathTools::main(FILE*, FILE*, PLMD::Communicator&)':
	PathTools.cpp:268:17: warning: comparison of integer expressions of different signedness: 'int' and 'unsigned int' [-Wsign-compare]
	268 |   for(int i=0; i<nbefore; ++i) {
	|                ~^~~~~~~~
	compiling  PropertyMap.cpp
	compiling  SpathVessel.cpp
	compiling  TrigonometricPathVessel.cpp
	TrigonometricPathVessel.cpp: In member function 'virtual void PLMD::mapping::TrigonometricPathVessel::finish(const std::vector<double>&)':
	TrigonometricPathVessel.cpp:137:27: warning: comparison of integer expressions of different signedness: 'int' and 'unsigned int' [-Wsign-compare]
	137 |   if( iclose3<0 || iclose3>=mymap->getFullNumberOfTasks() ) {
	|                    ~~~~~~~^~~~~~~~~~~~~~~~~~~~~~~~~~~~~~~
	compiling  ZpathVessel.cpp
	make[6]: Leaving directory '/opt/plumed2_cvhd/src/mapping'
	make -C ../molfile obj
	make[6]: Entering directory '/opt/plumed2_cvhd/src/molfile'
	compiling  crdplugin.cpp
	compiling  dcdplugin.cpp
	In file included from dcdplugin.cpp:83:
	fastio.h: In function 'PLMD::molfile::fio_size_t PLMD::molfile::fio_readv(PLMD::molfile::fio_fd, const fio_iovec*, int)':
	fastio.h:580:14: warning: comparison of integer expressions of different signedness: 'PLMD::molfile::fio_size_t' {aka 'long int'} and 'const size_t' {aka 'const long unsigned int'} [-Wsign-compare]
	580 |       if (rc != iov[i].iov_len)
	|           ~~~^~~~~~~~~~~~~~~~~
	dcdplugin.cpp: In function 'int PLMD::molfile::read_dcdheader(PLMD::molfile::fio_fd, int*, int*, int*, int*, double*, int*, int**, float**, int*, int*)':
	dcdplugin.cpp:226:57: warning: comparison of integer expressions of different signedness: 'unsigned int' and 'int' [-Wsign-compare]
	226 |   } else if (input_integer[0] == 84 && input_integer[1] == dcdcordmagic) {
	|                                        ~~~~~~~~~~~~~~~~~^~~~~~~~~~~~~~~
	dcdplugin.cpp:239:54: warning: comparison of integer expressions of different signedness: 'unsigned int' and 'int' [-Wsign-compare]
	239 |       if (input_integer[0] == 84 && input_integer[1] == dcdcordmagic) {
	|                                     ~~~~~~~~~~~~~~~~~^~~~~~~~~~~~~~~
	dcdplugin.cpp:257:26: warning: comparison of integer expressions of different signedness: 'unsigned int' and 'int' [-Wsign-compare]
	257 |     if (input_integer[0] != dcdcordmagic) {
	|         ~~~~~~~~~~~~~~~~~^~~~~~~~~~~~~~~
	dcdplugin.cpp:434:45: warning: comparison of integer expressions of different signedness: 'unsigned int' and 'int' [-Wsign-compare]
	434 |     if ((input_integer[0]+input_integer[1]) != ((*N)-(*NAMNF))*4) {
	|         ~~~~~~~~~~~~~~~~~~~~~~~~~~~~~~~~~~~~^~~~~~~~~~~~~~~~~~~~
	dcdplugin.cpp:451:45: warning: comparison of integer expressions of different signedness: 'unsigned int' and 'int' [-Wsign-compare]
	451 |     if ((input_integer[0]+input_integer[1]) != ((*N)-(*NAMNF))*4) {
	|         ~~~~~~~~~~~~~~~~~~~~~~~~~~~~~~~~~~~~^~~~~~~~~~~~~~~~~~~~
	dcdplugin.cpp: In function 'int PLMD::molfile::read_dcdstep(PLMD::molfile::fio_fd, int, float*, float*, float*, float*, int, int, int*, float*, int, int)':
	dcdplugin.cpp:656:23: warning: comparison of integer expressions of different signedness: 'int' and 'long unsigned int' [-Wsign-compare]
	656 |         if (tmpbuf[i] != sizeof(float)*N) return DCD_BADFORMAT;
	|             ~~~~~~~~~~^~~~~~~~~~~~~~~~~~
	dcdplugin.cpp:660:43: warning: comparison of integer expressions of different signedness: 'int' and 'long unsigned int' [-Wsign-compare]
	660 |           if ((tmpbuf[2*i]+tmpbuf[2*i+1]) != sizeof(float)*N) return DCD_BADFORMAT;
	|               ~~~~~~~~~~~~~~~~~~~~~~~~~~~~^~~~~~~~~~~~~~~~~~
	dcdplugin.cpp:581:16: warning: variable 'readlen' set but not used [-Wunused-but-set-variable]
	581 |     fio_size_t readlen; /* number of bytes actually read            */
	|                ^~~~~~~
	In file included from dcdplugin.cpp:92:
	endianswap.h: At global scope:
	endianswap.h:136:13: warning: 'void PLMD::molfile::swap2_aligned(void*, long int)' defined but not used [-Wunused-function]
	136 | static void swap2_aligned(void *v, long ndata) {
	|             ^~~~~~~~~~~~~
	endianswap.h:72:13: warning: 'void PLMD::molfile::swap2_unaligned(void*, long int)' defined but not used [-Wunused-function]
	72 | static void swap2_unaligned(void *v, long ndata) {
	|             ^~~~~~~~~~~~~~~
	In file included from dcdplugin.cpp:83:
	fastio.h:676:12: warning: 'int PLMD::molfile::fio_write_str(PLMD::molfile::fio_fd, const char*)' defined but not used [-Wunused-function]
	676 | static int fio_write_str(fio_fd fd, const char *str) {
	|            ^~~~~~~~~~~~~
	fastio.h:672:12: warning: 'int PLMD::molfile::fio_read_int32(PLMD::molfile::fio_fd, int*)' defined but not used [-Wunused-function]
	672 | static int fio_read_int32(fio_fd fd, int *i) {
	|            ^~~~~~~~~~~~~~
	fastio.h:520:19: warning: 'PLMD::molfile::fio_size_t PLMD::molfile::fio_readv(PLMD::molfile::fio_fd, const fio_iovec*, int)' defined but not used [-Wunused-function]
	520 | static fio_size_t fio_readv(fio_fd fd, const fio_iovec * iov, int iovcnt) {
	|                   ^~~~~~~~~
	compiling  gromacsplugin.cpp
	In file included from gromacsplugin.cpp:62:
	Gromacs.h: In function 'int PLMD::molfile::mdio_readline(PLMD::molfile::md_file*, char*, int, int)':
	Gromacs.h:467:14: warning: ignoring return value of 'char* fgets(char*, int, FILE*)' declared with attribute 'warn_unused_result' [-Wunused-result]
	467 |         fgets(buf, n, mf->f);
	|         ~~~~~^~~~~~~~~~~~~~~
	In file included from Gromacs.h:86,
	from gromacsplugin.cpp:62:
	endianswap.h: At global scope:
	endianswap.h:136:13: warning: 'void PLMD::molfile::swap2_aligned(void*, long int)' defined but not used [-Wunused-function]
	136 | static void swap2_aligned(void *v, long ndata) {
	|             ^~~~~~~~~~~~~
	endianswap.h:105:13: warning: 'void PLMD::molfile::swap8_unaligned(void*, long int)' defined but not used [-Wunused-function]
	105 | static void swap8_unaligned(void *v, long ndata) {
	|             ^~~~~~~~~~~~~~~
	endianswap.h:86:13: warning: 'void PLMD::molfile::swap4_unaligned(void*, long int)' defined but not used [-Wunused-function]
	86 | static void swap4_unaligned(void *v, long ndata) {
	|             ^~~~~~~~~~~~~~~
	endianswap.h:72:13: warning: 'void PLMD::molfile::swap2_unaligned(void*, long int)' defined but not used [-Wunused-function]
	72 | static void swap2_unaligned(void *v, long ndata) {
	|             ^~~~~~~~~~~~~~~
	In file included from /usr/include/string.h:535,
	from gromacsplugin.cpp:60:
	In function 'char* strncpy(char*, const char*, size_t)',
	inlined from 'int PLMD::molfile::g96_header(PLMD::molfile::md_file*, char*, int, float*)' at Gromacs.h:691:32:
	/usr/include/x86_64-linux-gnu/bits/string_fortified.h:95:34: warning: 'char* __builtin_strncpy(char*, const char*, long unsigned int)' output may be truncated copying 80 bytes from a string of length 500 [-Wstringop-truncation]
	95 |   return __builtin___strncpy_chk (__dest, __src, __len,
	|          ~~~~~~~~~~~~~~~~~~~~~~~~^~~~~~~~~~~~~~~~~~~~~~
	96 |                                   __glibc_objsize (__dest));
	|                                   ~~~~~~~~~~~~~~~~~~~~~~~~~
	In function 'char* strncpy(char*, const char*, size_t)',
	inlined from 'int PLMD::molfile::gro_header(PLMD::molfile::md_file*, char*, int, float*, int*, int)' at Gromacs.h:1059:33:
	/usr/include/x86_64-linux-gnu/bits/string_fortified.h:95:34: warning: 'char* __builtin_strncpy(char*, const char*, long unsigned int)' output may be truncated copying between 1 and 80 bytes from a string of length 500 [-Wstringop-truncation]
	95 |   return __builtin___strncpy_chk (__dest, __src, __len,
	|          ~~~~~~~~~~~~~~~~~~~~~~~~^~~~~~~~~~~~~~~~~~~~~~
	96 |                                   __glibc_objsize (__dest));
	|                                   ~~~~~~~~~~~~~~~~~~~~~~~~~
	In function 'char* strncpy(char*, const char*, size_t)',
	inlined from 'void* PLMD::molfile::open_gro_read(const char*, const char*, int*)' at gromacsplugin.cpp:138:12:
	/usr/include/x86_64-linux-gnu/bits/string_fortified.h:95:34: warning: 'char* __builtin_strncpy(char*, const char*, long unsigned int)' output may be truncated copying 80 bytes from a string of length 80 [-Wstringop-truncation]
	95 |   return __builtin___strncpy_chk (__dest, __src, __len,
	|          ~~~~~~~~~~~~~~~~~~~~~~~~^~~~~~~~~~~~~~~~~~~~~~
	96 |                                   __glibc_objsize (__dest));
	|                                   ~~~~~~~~~~~~~~~~~~~~~~~~~
	compiling  pdbplugin.cpp
	In file included from pdbplugin.cpp:64:
	periodic_table.h:173:12: warning: 'int PLMD::molfile::get_pte_idx(const char*)' defined but not used [-Wunused-function]
	173 | static int get_pte_idx(const char *label)
	|            ^~~~~~~~~~~
	In file included from /usr/include/string.h:535,
	from readpdb.h:61,
	from pdbplugin.cpp:63:
	In function 'char* strncpy(char*, const char*, size_t)',
	inlined from 'void PLMD::molfile::get_pdb_cryst1(const char*, float*, float*, float*, float*, float*, float*)' at readpdb.h:160:10,
	inlined from 'int PLMD::molfile::read_next_timestep(void*, int, PLMD::molfile::molfile_timestep_t*)' at pdbplugin.cpp:312:23:
	/usr/include/x86_64-linux-gnu/bits/string_fortified.h:95:34: warning: 'char* __builtin_strncpy(char*, const char*, long unsigned int)' output may be truncated copying 80 bytes from a string of length 82 [-Wstringop-truncation]
	95 |   return __builtin___strncpy_chk (__dest, __src, __len,
	|          ~~~~~~~~~~~~~~~~~~~~~~~~^~~~~~~~~~~~~~~~~~~~~~
	96 |                                   __glibc_objsize (__dest));
	|                                   ~~~~~~~~~~~~~~~~~~~~~~~~~
	In function 'char* strncpy(char*, const char*, size_t)',
	inlined from 'void PLMD::molfile::get_pdb_coordinates(const char*, float*, float*, float*, float*, float*)' at readpdb.h:185:12,
	inlined from 'int PLMD::molfile::read_next_timestep(void*, int, PLMD::molfile::molfile_timestep_t*)' at pdbplugin.cpp:305:28:
	/usr/include/x86_64-linux-gnu/bits/string_fortified.h:95:34: warning: 'char* __builtin_strncpy(char*, const char*, long unsigned int)' output may be truncated copying 8 bytes from a string of length 52 [-Wstringop-truncation]
	95 |   return __builtin___strncpy_chk (__dest, __src, __len,
	|          ~~~~~~~~~~~~~~~~~~~~~~~~^~~~~~~~~~~~~~~~~~~~~~
	96 |                                   __glibc_objsize (__dest));
	|                                   ~~~~~~~~~~~~~~~~~~~~~~~~~
	In function 'char* strncpy(char*, const char*, size_t)',
	inlined from 'void PLMD::molfile::get_pdb_coordinates(const char*, float*, float*, float*, float*, float*)' at readpdb.h:190:12,
	inlined from 'int PLMD::molfile::read_next_timestep(void*, int, PLMD::molfile::molfile_timestep_t*)' at pdbplugin.cpp:305:28:
	/usr/include/x86_64-linux-gnu/bits/string_fortified.h:95:34: warning: 'char* __builtin_strncpy(char*, const char*, long unsigned int)' output may be truncated copying 8 bytes from a string of length 44 [-Wstringop-truncation]
	95 |   return __builtin___strncpy_chk (__dest, __src, __len,
	|          ~~~~~~~~~~~~~~~~~~~~~~~~^~~~~~~~~~~~~~~~~~~~~~
	96 |                                   __glibc_objsize (__dest));
	|                                   ~~~~~~~~~~~~~~~~~~~~~~~~~
	In function 'char* strncpy(char*, const char*, size_t)',
	inlined from 'void PLMD::molfile::get_pdb_coordinates(const char*, float*, float*, float*, float*, float*)' at readpdb.h:195:12,
	inlined from 'int PLMD::molfile::read_next_timestep(void*, int, PLMD::molfile::molfile_timestep_t*)' at pdbplugin.cpp:305:28:
	/usr/include/x86_64-linux-gnu/bits/string_fortified.h:95:34: warning: 'char* __builtin_strncpy(char*, const char*, long unsigned int)' output may be truncated copying 8 bytes from a string of length 36 [-Wstringop-truncation]
	95 |   return __builtin___strncpy_chk (__dest, __src, __len,
	|          ~~~~~~~~~~~~~~~~~~~~~~~~^~~~~~~~~~~~~~~~~~~~~~
	96 |                                   __glibc_objsize (__dest));
	|                                   ~~~~~~~~~~~~~~~~~~~~~~~~~
	In function 'char* strncpy(char*, const char*, size_t)',
	inlined from 'void PLMD::molfile::get_pdb_coordinates(const char*, float*, float*, float*, float*, float*)' at readpdb.h:200:12,
	inlined from 'int PLMD::molfile::read_next_timestep(void*, int, PLMD::molfile::molfile_timestep_t*)' at pdbplugin.cpp:305:28:
	/usr/include/x86_64-linux-gnu/bits/string_fortified.h:95:34: warning: 'char* __builtin_strncpy(char*, const char*, long unsigned int)' output may be truncated copying 6 bytes from a string of length 28 [-Wstringop-truncation]
	95 |   return __builtin___strncpy_chk (__dest, __src, __len,
	|          ~~~~~~~~~~~~~~~~~~~~~~~~^~~~~~~~~~~~~~~~~~~~~~
	96 |                                   __glibc_objsize (__dest));
	|                                   ~~~~~~~~~~~~~~~~~~~~~~~~~
	In function 'char* strncpy(char*, const char*, size_t)',
	inlined from 'void PLMD::molfile::get_pdb_coordinates(const char*, float*, float*, float*, float*, float*)' at readpdb.h:205:12,
	inlined from 'int PLMD::molfile::read_next_timestep(void*, int, PLMD::molfile::molfile_timestep_t*)' at pdbplugin.cpp:305:28:
	/usr/include/x86_64-linux-gnu/bits/string_fortified.h:95:34: warning: 'char* __builtin_strncpy(char*, const char*, long unsigned int)' output may be truncated copying 6 bytes from a string of length 22 [-Wstringop-truncation]
	95 |   return __builtin___strncpy_chk (__dest, __src, __len,
	|          ~~~~~~~~~~~~~~~~~~~~~~~~^~~~~~~~~~~~~~~~~~~~~~
	96 |                                   __glibc_objsize (__dest));
	|                                   ~~~~~~~~~~~~~~~~~~~~~~~~~
	In function 'char* strncpy(char*, const char*, size_t)',
	inlined from 'void PLMD::molfile::get_pdb_fields(const char*, int, int*, char*, char*, char*, char*, char*, char*, char*, char*, float*, float*, float*, float*, float*)' at readpdb.h:340:10,
	inlined from 'int PLMD::molfile::read_pdb_structure(void*, int*, PLMD::molfile::molfile_atom_t*)' at pdbplugin.cpp:186:21:
	/usr/include/x86_64-linux-gnu/bits/string_fortified.h:95:34: warning: 'char* __builtin_strncpy(char*, const char*, long unsigned int)' output may be truncated copying 4 bytes from a string of length 70 [-Wstringop-truncation]
	95 |   return __builtin___strncpy_chk (__dest, __src, __len,
	|          ~~~~~~~~~~~~~~~~~~~~~~~~^~~~~~~~~~~~~~~~~~~~~~
	96 |                                   __glibc_objsize (__dest));
	|                                   ~~~~~~~~~~~~~~~~~~~~~~~~~
	In function 'char* strncpy(char*, const char*, size_t)',
	inlined from 'void PLMD::molfile::get_pdb_fields(const char*, int, int*, char*, char*, char*, char*, char*, char*, char*, char*, float*, float*, float*, float*, float*)' at readpdb.h:345:10,
	inlined from 'int PLMD::molfile::read_pdb_structure(void*, int*, PLMD::molfile::molfile_atom_t*)' at pdbplugin.cpp:186:21:
	/usr/include/x86_64-linux-gnu/bits/string_fortified.h:95:34: warning: 'char* __builtin_strncpy(char*, const char*, long unsigned int)' output may be truncated copying 1 byte from a string of length 66 [-Wstringop-truncation]
	95 |   return __builtin___strncpy_chk (__dest, __src, __len,
	|          ~~~~~~~~~~~~~~~~~~~~~~~~^~~~~~~~~~~~~~~~~~~~~~
	96 |                                   __glibc_objsize (__dest));
	|                                   ~~~~~~~~~~~~~~~~~~~~~~~~~
	In function 'char* strncpy(char*, const char*, size_t)',
	inlined from 'void PLMD::molfile::get_pdb_fields(const char*, int, int*, char*, char*, char*, char*, char*, char*, char*, char*, float*, float*, float*, float*, float*)' at readpdb.h:349:10,
	inlined from 'int PLMD::molfile::read_pdb_structure(void*, int*, PLMD::molfile::molfile_atom_t*)' at pdbplugin.cpp:186:21:
	/usr/include/x86_64-linux-gnu/bits/string_fortified.h:95:34: warning: 'char* __builtin_strncpy(char*, const char*, long unsigned int)' output may be truncated copying 4 bytes from a string of length 65 [-Wstringop-truncation]
	95 |   return __builtin___strncpy_chk (__dest, __src, __len,
	|          ~~~~~~~~~~~~~~~~~~~~~~~~^~~~~~~~~~~~~~~~~~~~~~
	96 |                                   __glibc_objsize (__dest));
	|                                   ~~~~~~~~~~~~~~~~~~~~~~~~~
	In function 'char* strncpy(char*, const char*, size_t)',
	inlined from 'void PLMD::molfile::get_pdb_fields(const char*, int, int*, char*, char*, char*, char*, char*, char*, char*, char*, float*, float*, float*, float*, float*)' at readpdb.h:358:10,
	inlined from 'int PLMD::molfile::read_pdb_structure(void*, int*, PLMD::molfile::molfile_atom_t*)' at pdbplugin.cpp:186:21:
	/usr/include/x86_64-linux-gnu/bits/string_fortified.h:95:34: warning: 'char* __builtin_strncpy(char*, const char*, long unsigned int)' output may be truncated copying 4 bytes from a string of length 60 [-Wstringop-truncation]
	95 |   return __builtin___strncpy_chk (__dest, __src, __len,
	|          ~~~~~~~~~~~~~~~~~~~~~~~~^~~~~~~~~~~~~~~~~~~~~~
	96 |                                   __glibc_objsize (__dest));
	|                                   ~~~~~~~~~~~~~~~~~~~~~~~~~
	In function 'char* strncpy(char*, const char*, size_t)',
	inlined from 'void PLMD::molfile::get_pdb_coordinates(const char*, float*, float*, float*, float*, float*)' at readpdb.h:200:12,
	inlined from 'void PLMD::molfile::get_pdb_fields(const char*, int, int*, char*, char*, char*, char*, char*, char*, char*, char*, float*, float*, float*, float*, float*)' at readpdb.h:367:22,
	inlined from 'int PLMD::molfile::read_pdb_structure(void*, int*, PLMD::molfile::molfile_atom_t*)' at pdbplugin.cpp:186:21:
	/usr/include/x86_64-linux-gnu/bits/string_fortified.h:95:34: warning: 'char* __builtin_strncpy(char*, const char*, long unsigned int)' output may be truncated copying 6 bytes from a string of length 28 [-Wstringop-truncation]
	95 |   return __builtin___strncpy_chk (__dest, __src, __len,
	|          ~~~~~~~~~~~~~~~~~~~~~~~~^~~~~~~~~~~~~~~~~~~~~~
	96 |                                   __glibc_objsize (__dest));
	|                                   ~~~~~~~~~~~~~~~~~~~~~~~~~
	In function 'char* strncpy(char*, const char*, size_t)',
	inlined from 'void PLMD::molfile::get_pdb_coordinates(const char*, float*, float*, float*, float*, float*)' at readpdb.h:205:12,
	inlined from 'void PLMD::molfile::get_pdb_fields(const char*, int, int*, char*, char*, char*, char*, char*, char*, char*, char*, float*, float*, float*, float*, float*)' at readpdb.h:367:22,
	inlined from 'int PLMD::molfile::read_pdb_structure(void*, int*, PLMD::molfile::molfile_atom_t*)' at pdbplugin.cpp:186:21:
	/usr/include/x86_64-linux-gnu/bits/string_fortified.h:95:34: warning: 'char* __builtin_strncpy(char*, const char*, long unsigned int)' output may be truncated copying 6 bytes from a string of length 22 [-Wstringop-truncation]
	95 |   return __builtin___strncpy_chk (__dest, __src, __len,
	|          ~~~~~~~~~~~~~~~~~~~~~~~~^~~~~~~~~~~~~~~~~~~~~~
	96 |                                   __glibc_objsize (__dest));
	|                                   ~~~~~~~~~~~~~~~~~~~~~~~~~
	In function 'char* strncpy(char*, const char*, size_t)',
	inlined from 'void PLMD::molfile::get_pdb_fields(const char*, int, int*, char*, char*, char*, char*, char*, char*, char*, char*, float*, float*, float*, float*, float*)' at readpdb.h:371:12,
	inlined from 'int PLMD::molfile::read_pdb_structure(void*, int*, PLMD::molfile::molfile_atom_t*)' at pdbplugin.cpp:186:21:
	/usr/include/x86_64-linux-gnu/bits/string_fortified.h:95:34: warning: 'char* __builtin_strncpy(char*, const char*, long unsigned int)' output may be truncated copying 4 bytes from a string of length 10 [-Wstringop-truncation]
	95 |   return __builtin___strncpy_chk (__dest, __src, __len,
	|          ~~~~~~~~~~~~~~~~~~~~~~~~^~~~~~~~~~~~~~~~~~~~~~
	96 |                                   __glibc_objsize (__dest));
	|                                   ~~~~~~~~~~~~~~~~~~~~~~~~~
	In function 'char* strncpy(char*, const char*, size_t)',
	inlined from 'void PLMD::molfile::get_pdb_fields(const char*, int, int*, char*, char*, char*, char*, char*, char*, char*, char*, float*, float*, float*, float*, float*)' at readpdb.h:380:12,
	inlined from 'int PLMD::molfile::read_pdb_structure(void*, int*, PLMD::molfile::molfile_atom_t*)' at pdbplugin.cpp:186:21:
	/usr/include/x86_64-linux-gnu/bits/string_fortified.h:95:34: warning: 'char* __builtin_strncpy(char*, const char*, long unsigned int)' output may be truncated copying 2 bytes from a string of length 6 [-Wstringop-truncation]
	95 |   return __builtin___strncpy_chk (__dest, __src, __len,
	|          ~~~~~~~~~~~~~~~~~~~~~~~~^~~~~~~~~~~~~~~~~~~~~~
	96 |                                   __glibc_objsize (__dest));
	|                                   ~~~~~~~~~~~~~~~~~~~~~~~~~
	In function 'char* strncpy(char*, const char*, size_t)',
	inlined from 'void PLMD::molfile::get_pdb_header(const char*, char*, char*, char*)' at readpdb.h:231:12,
	inlined from 'void* PLMD::molfile::open_pdb_read(const char*, const char*, int*)' at pdbplugin.cpp:114:21:
	/usr/include/x86_64-linux-gnu/bits/string_fortified.h:95:34: warning: 'char* __builtin_strncpy(char*, const char*, long unsigned int)' output may be truncated copying 9 bytes from a string of length 32 [-Wstringop-truncation]
	95 |   return __builtin___strncpy_chk (__dest, __src, __len,
	|          ~~~~~~~~~~~~~~~~~~~~~~~~^~~~~~~~~~~~~~~~~~~~~~
	96 |                                   __glibc_objsize (__dest));
	|                                   ~~~~~~~~~~~~~~~~~~~~~~~~~
	In function 'char* strncpy(char*, const char*, size_t)',
	inlined from 'void PLMD::molfile::get_pdb_header(const char*, char*, char*, char*)' at readpdb.h:241:12,
	inlined from 'void* PLMD::molfile::open_pdb_read(const char*, const char*, int*)' at pdbplugin.cpp:114:21:
	/usr/include/x86_64-linux-gnu/bits/string_fortified.h:95:34: warning: 'char* __builtin_strncpy(char*, const char*, long unsigned int)' output may be truncated copying 4 bytes from a string of length 20 [-Wstringop-truncation]
	95 |   return __builtin___strncpy_chk (__dest, __src, __len,
	|          ~~~~~~~~~~~~~~~~~~~~~~~~^~~~~~~~~~~~~~~~~~~~~~
	96 |                                   __glibc_objsize (__dest));
	|                                   ~~~~~~~~~~~~~~~~~~~~~~~~~
	make[6]: Leaving directory '/opt/plumed2_cvhd/src/molfile'
	make -C ../multicolvar obj
	make[6]: Entering directory '/opt/plumed2_cvhd/src/multicolvar'
	compiling  ActionVolume.cpp
	compiling  AlphaBeta.cpp
	compiling  Angles.cpp
	compiling  AtomValuePack.cpp
	compiling  Bridge.cpp
	compiling  BridgedMultiColvarFunction.cpp
	compiling  CatomPack.cpp
	compiling  CenterOfMultiColvar.cpp
	compiling  CoordinationNumbers.cpp
	compiling  Density.cpp
	compiling  DihedralCorrelation.cpp
	compiling  DistanceFromContour.cpp
	In file included from tools/../../tools/RootFindingBase.h:26,
	from tools/RootFindingBase.h:1,
	from DistanceFromContour.cpp:26:
	tools/../../tools/Brent1DRootSearch.h: In member function 'void PLMD::RootFindingBase<FCLASS>::lsearch(const std::vector<double>&, std::vector<double>&, PLMD::RootFindingBase<FCLASS>::engfnc_pointer) const [with FCLASS = PLMD::multicolvar::DistanceFromContour]':
	tools/../../tools/Brent1DRootSearch.h:100:57: warning: 'e' may be used uninitialized in this function [-Wmaybe-uninitialized]
	100 |       p=fabs(p); min1=3.0*xm*q-fabs(tol1*q); min2=fabs(e*q);
	|                                                        ~^~
	tools/../../tools/Brent1DRootSearch.h:86:20: note: 'e' was declared here
	86 |   double cx=bx, d, e, min1, min2, fc=fb, p, q, r, s, tol1, xm;
	|                    ^
	compiling  Distances.cpp
	compiling  DumpMultiColvar.cpp
	compiling  FilterBetween.cpp
	compiling  FilterLessThan.cpp
	compiling  FilterMoreThan.cpp
	compiling  InPlaneDistances.cpp
	InPlaneDistances.cpp: In constructor 'PLMD::multicolvar::InPlaneDistances::InPlaneDistances(const PLMD::ActionOptions&)':
	InPlaneDistances.cpp:110:7: warning: this 'if' clause does not guard... [-Wmisleading-indentation]
	110 |       if( bt ) use_link=true; rcut=bt->getCutoff();
	|       ^~
	InPlaneDistances.cpp:110:31: note: ...this statement, but the latter is misleadingly indented as if it were guarded by the 'if'
	110 |       if( bt ) use_link=true; rcut=bt->getCutoff();
	|                               ^~~~
	compiling  LocalAverage.cpp
	compiling  MultiColvarBase.cpp
	MultiColvarBase.cpp: In member function 'void PLMD::multicolvar::MultiColvarBase::setupActiveTaskSet(std::vector<unsigned int>&, const string&)':
	MultiColvarBase.cpp:743:34: warning: comparison of integer expressions of different signedness: 'unsigned int' and 'int' [-Wsign-compare]
	743 |         if( atom_lab[itask].first==input_code ) active_tasks[ atom_lab[itask].second ]=1;
	compiling  MultiColvarCombine.cpp
	compiling  MultiColvarDensity.cpp
	compiling  MultiColvarFilter.cpp
	compiling  MultiColvarProduct.cpp
	compiling  NumberOfLinks.cpp
	compiling  Torsions.cpp
	compiling  VolumeAround.cpp
	compiling  VolumeBetweenContours.cpp
	compiling  VolumeCavity.cpp
	compiling  VolumeGradientBase.cpp
	compiling  VolumeInCylinder.cpp
	compiling  VolumeInSphere.cpp
	compiling  VolumeTetrapore.cpp
	compiling  XAngle.cpp
	compiling  XDistances.cpp
	compiling  XYDistances.cpp
	compiling  XYTorsion.cpp
	make[6]: Leaving directory '/opt/plumed2_cvhd/src/multicolvar'
	make -C ../reference obj
	make[6]: Entering directory '/opt/plumed2_cvhd/src/reference'
	compiling  ArgumentOnlyDistance.cpp
	compiling  DRMSD.cpp
	compiling  Direction.cpp
	compiling  DotProductDistance.cpp
	compiling  EuclideanDistance.cpp
	compiling  FakeFrame.cpp
	compiling  IntermolecularDRMSD.cpp
	compiling  IntramolecularDRMSD.cpp
	compiling  MahalanobisDistance.cpp
	compiling  MetricRegister.cpp
	compiling  MultiDomainRMSD.cpp
	compiling  NormalizedEuclideanDistance.cpp
	compiling  OptimalRMSD.cpp
	compiling  RMSDBase.cpp
	compiling  ReferenceArguments.cpp
	compiling  ReferenceAtoms.cpp
	compiling  ReferenceConfiguration.cpp
	compiling  ReferenceValuePack.cpp
	compiling  SimpleRMSD.cpp
	compiling  SingleDomainRMSD.cpp
	make[6]: Leaving directory '/opt/plumed2_cvhd/src/reference'
	make -C ../secondarystructure obj
	make[6]: Entering directory '/opt/plumed2_cvhd/src/secondarystructure'
	compiling  AlphaRMSD.cpp
	compiling  AntibetaRMSD.cpp
	compiling  ParabetaRMSD.cpp
	compiling  SecondaryStructureRMSD.cpp
	make[6]: Leaving directory '/opt/plumed2_cvhd/src/secondarystructure'
	make -C ../setup obj
	make[6]: Entering directory '/opt/plumed2_cvhd/src/setup'
	compiling  Load.cpp
	compiling  MolInfo.cpp
	compiling  Restart.cpp
	compiling  Units.cpp
	make[6]: Leaving directory '/opt/plumed2_cvhd/src/setup'
	make -C ../tools obj
	make[6]: Entering directory '/opt/plumed2_cvhd/src/tools'
	compiling  Angle.cpp
	compiling  AtomNumber.cpp
	compiling  BiasRepresentation.cpp
	compiling  Brent1DRootSearch.cpp
	compiling  Citations.cpp
	compiling  Communicator.cpp
	compiling  ConjugateGradient.cpp
	compiling  DLLoader.cpp
	compiling  DynamicList.cpp
	compiling  ERMSD.cpp
	compiling  Exception.cpp
	compiling  FileBase.cpp
	compiling  ForwardDecl.cpp
	compiling  Grid.cpp
	In file included from RootFindingBase.h:26,
	from Grid.cpp:29:
	Brent1DRootSearch.h: In member function 'void PLMD::Grid::findSetOfPointsOnContour(const double&, const std::vector<bool>&, unsigned int&, std::vector<std::vector<double> >&)':
	Brent1DRootSearch.h:100:57: warning: 'e' may be used uninitialized in this function [-Wmaybe-uninitialized]
	100 |       p=fabs(p); min1=3.0*xm*q-fabs(tol1*q); min2=fabs(e*q);
	|                                                        ~^~
	Brent1DRootSearch.h:86:20: note: 'e' was declared here
	86 |   double cx=bx, d, e, min1, min2, fc=fb, p, q, r, s, tol1, xm;
	|                    ^
	compiling  HistogramBead.cpp
	compiling  IFile.cpp
	compiling  KernelFunctions.cpp
	compiling  Keywords.cpp
	Keywords.cpp: In member function 'void PLMD::Keywords::removeComponent(const string&)':
	Keywords.cpp:651:35: warning: unused variable 'n' [-Wunused-variable]
	651 |   bool found=false; unsigned j=0, n=0;
	|                                   ^
	compiling  LatticeReduction.cpp
	compiling  LinkCells.cpp
	compiling  Log.cpp
	compiling  LoopUnroller.cpp
	compiling  Matrix.cpp
	compiling  MatrixSquareBracketsAccess.cpp
	compiling  Minimise1DBrent.cpp
	compiling  MinimiseBase.cpp
	compiling  MolDataClass.cpp
	compiling  MultiValue.cpp
	compiling  NeighborList.cpp
	compiling  OFile.cpp
	compiling  OpenMP.cpp
	compiling  PDB.cpp
	compiling  Pbc.cpp
	compiling  PlumedHandle.cpp
	compiling  RMSD.cpp
	In file included from RMSD.h:27,
	from RMSD.cpp:22:
	Tensor.h: In instantiation of 'void PLMD::diagMatSym(const PLMD::TensorGeneric<n_, n_>&, PLMD::VectorGeneric<m_>&, PLMD::TensorGeneric<m_, n_>&) [with unsigned int n_ = 4; unsigned int m_ = 4; unsigned int n = 3; unsigned int m = 3]':
	RMSD.cpp:1028:15:   required from here
	Tensor.h:557:17: warning: comparison of integer expressions of different signedness: 'int' and 'unsigned int' [-Wsign-compare]
	557 |   for(int i=0; i<m; ++i) {
	|                ~^~
	Tensor.h:559:15: warning: comparison of integer expressions of different signedness: 'int' and 'unsigned int' [-Wsign-compare]
	559 |     for(j=0; j<n; j++) if(evec(i,j)*evec(i,j)>1e-14) break;
	|              ~^~
	Tensor.h:560:9: warning: comparison of integer expressions of different signedness: 'int' and 'unsigned int' [-Wsign-compare]
	560 |     if(j<n) if(evec(i,j)<0.0) for(j=0; j<n; j++) evec(i,j)*=-1;
	|        ~^~
	Tensor.h:560:41: warning: comparison of integer expressions of different signedness: 'int' and 'unsigned int' [-Wsign-compare]
	560 |     if(j<n) if(evec(i,j)<0.0) for(j=0; j<n; j++) evec(i,j)*=-1;
	|                                        ~^~
	Tensor.h: In instantiation of 'void PLMD::diagMatSym(const PLMD::TensorGeneric<n_, n_>&, PLMD::VectorGeneric<m_>&, PLMD::TensorGeneric<m_, n_>&) [with unsigned int n_ = 4; unsigned int m_ = 1; unsigned int n = 3; unsigned int m = 3]':
	RMSD.cpp:1048:15:   required from here
	Tensor.h:557:17: warning: comparison of integer expressions of different signedness: 'int' and 'unsigned int' [-Wsign-compare]
	557 |   for(int i=0; i<m; ++i) {
	|                ~^~
	Tensor.h:559:15: warning: comparison of integer expressions of different signedness: 'int' and 'unsigned int' [-Wsign-compare]
	559 |     for(j=0; j<n; j++) if(evec(i,j)*evec(i,j)>1e-14) break;
	|              ~^~
	Tensor.h:560:9: warning: comparison of integer expressions of different signedness: 'int' and 'unsigned int' [-Wsign-compare]
	560 |     if(j<n) if(evec(i,j)<0.0) for(j=0; j<n; j++) evec(i,j)*=-1;
	|        ~^~
	Tensor.h:560:41: warning: comparison of integer expressions of different signedness: 'int' and 'unsigned int' [-Wsign-compare]
	560 |     if(j<n) if(evec(i,j)<0.0) for(j=0; j<n; j++) evec(i,j)*=-1;
	|                                        ~^~
	compiling  Random.cpp
	compiling  RootFindingBase.cpp
	compiling  Stopwatch.cpp
	compiling  Subprocess.cpp
	compiling  SwitchingFunction.cpp
	compiling  Tensor.cpp
	compiling  Tools.cpp
	compiling  Torsion.cpp
	compiling  Units.cpp
	compiling  Vector.cpp
	compiling  h36.cpp
	h36.cpp: In function 'const char* PLMD::h36::decode_pure(const int*, unsigned int, const char*, unsigned int, int*)':
	h36.cpp:154:24: warning: comparison of integer expressions of different signedness: 'int' and 'unsigned int' [-Wsign-compare]
	154 |       if (dv < 0 || dv >= digits_size) {
	|                     ~~~^~~~~~~~~~~~~~
	make[6]: Leaving directory '/opt/plumed2_cvhd/src/tools'
	make -C ../vatom obj
	make[6]: Entering directory '/opt/plumed2_cvhd/src/vatom'
	compiling  ActionWithVirtualAtom.cpp
	compiling  Center.cpp
	compiling  FixedAtom.cpp
	compiling  Ghost.cpp
	make[6]: Leaving directory '/opt/plumed2_cvhd/src/vatom'
	make -C ../vesselbase obj
	make[6]: Entering directory '/opt/plumed2_cvhd/src/vesselbase'
	compiling  ActionWithAveraging.cpp
	compiling  ActionWithInputVessel.cpp
	compiling  ActionWithVessel.cpp
	compiling  AltMin.cpp
	compiling  AveragingVessel.cpp
	compiling  Between.cpp
	compiling  BridgeVessel.cpp
	compiling  FunctionVessel.cpp
	compiling  Highest.cpp
	compiling  Histogram.cpp
	compiling  LessThan.cpp
	compiling  Lowest.cpp
	compiling  Max.cpp
	compiling  Mean.cpp
	compiling  Min.cpp
	compiling  Moments.cpp
	compiling  MoreThan.cpp
	compiling  OrderingVessel.cpp
	compiling  PNorm.cpp
	compiling  ShortcutVessel.cpp
	compiling  StoreDataVessel.cpp
	compiling  Sum.cpp
	compiling  ValueVessel.cpp
	compiling  Vessel.cpp
	compiling  VesselRegister.cpp
	make[6]: Leaving directory '/opt/plumed2_cvhd/src/vesselbase'
	make -C ../wrapper obj
	make[6]: Entering directory '/opt/plumed2_cvhd/src/wrapper'
	compiling  PlumedStatic.cpp
	compiling  Plumed.c
	make[6]: Leaving directory '/opt/plumed2_cvhd/src/wrapper'
	make[5]: Leaving directory '/opt/plumed2_cvhd/src/lib'
	make[4]: Leaving directory '/opt/plumed2_cvhd/src/lib'
	make lib
	make[4]: Entering directory '/opt/plumed2_cvhd/src/lib'
	mpicxx -O3 -fPIC -fPIC -Wall -pedantic -std=c++11  ../main/main.o ../analysis/AnalysisBase.o ../analysis/Average.o ../analysis/AverageVessel.o ../analysis/Committor.o ../analysis/DataCollectionObject.o ../analysis/EuclideanDissimilarityMatrix.o ../analysis/FarthestPointSampling.o ../analysis/Histogram.o ../analysis/LandmarkSelectionBase.o ../analysis/LandmarkStaged.o ../analysis/OutputColvarFile.o ../analysis/OutputPDBFile.o ../analysis/PrintDissimilarityMatrix.o ../analysis/ReadAnalysisFrames.o ../analysis/ReadDissimilarityMatrix.o ../analysis/ReselectLandmarks.o ../analysis/SelectRandomFrames.o ../analysis/SelectWithStride.o ../analysis/WhamHistogram.o ../analysis/WhamWeights.o ../asmjit/arch.o ../asmjit/assembler.o ../asmjit/codebuilder.o ../asmjit/codecompiler.o ../asmjit/codeemitter.o ../asmjit/codeholder.o ../asmjit/constpool.o ../asmjit/cpuinfo.o ../asmjit/func.o ../asmjit/globals.o ../asmjit/inst.o ../asmjit/logging.o ../asmjit/operand.o ../asmjit/osutils.o ../asmjit/regalloc.o ../asmjit/runtime.o ../asmjit/string.o ../asmjit/utils.o ../asmjit/vmem.o ../asmjit/x86assembler.o ../asmjit/x86builder.o ../asmjit/x86compiler.o ../asmjit/x86inst.o ../asmjit/x86instimpl.o ../asmjit/x86internal.o ../asmjit/x86logging.o ../asmjit/x86operand.o ../asmjit/x86operand_regs.o ../asmjit/x86regalloc.o ../asmjit/zone.o ../bias/ABMD.o ../bias/Bias.o ../bias/BiasValue.o ../bias/ExtendedLagrangian.o ../bias/External.o ../bias/LWalls.o ../bias/MaxEnt.o ../bias/MetaD.o ../bias/MovingRestraint.o ../bias/PBMetaD.o ../bias/Restraint.o ../bias/ReweightBase.o ../bias/ReweightBias.o ../bias/ReweightMetad.o ../bias/ReweightTemperaturePressure.o ../bias/ReweightWham.o ../bias/UWalls.o ../blas/blas.o ../cltools/CLTool.o ../cltools/Completion.o ../cltools/Driver.o ../cltools/DriverDouble.o ../cltools/DriverFloat.o ../cltools/GenTemplate.o ../cltools/Info.o ../cltools/Manual.o ../cltools/PdbRenumber.o ../cltools/SimpleMD.o ../cltools/SumHills.o ../cltools/kT.o ../cltools/pesmd.o ../colvar/Angle.o ../colvar/Cell.o ../colvar/Colvar.o ../colvar/Constant.o ../colvar/ContactMap.o ../colvar/Coordination.o ../colvar/CoordinationBase.o ../colvar/DHEnergy.o ../colvar/DRMSD.o ../colvar/Dimer.o ../colvar/Dipole.o ../colvar/Distance.o ../colvar/EEFSolv.o ../colvar/ERMSD.o ../colvar/Energy.o ../colvar/ExtraCV.o ../colvar/Fake.o ../colvar/Gyration.o ../colvar/MultiRMSD.o ../colvar/PCARMSD.o ../colvar/PathMSD.o ../colvar/PathMSDBase.o ../colvar/Position.o ../colvar/PropertyMap.o ../colvar/Puckering.o ../colvar/RMSD.o ../colvar/Template.o ../colvar/Torsion.o ../colvar/Volume.o ../core/Action.o ../core/ActionAnyorder.o ../core/ActionAtomistic.o ../core/ActionPilot.o ../core/ActionRegister.o ../core/ActionSet.o ../core/ActionSetup.o ../core/ActionShortcut.o ../core/ActionWithArguments.o ../core/ActionWithValue.o ../core/ActionWithVirtualAtom.o ../core/Atoms.o ../core/CLTool.o ../core/CLToolMain.o ../core/CLToolRegister.o ../core/Colvar.o ../core/DataFetchingObject.o ../core/ExchangePatterns.o ../core/FlexibleBin.o ../core/GREX.o ../core/MDAtoms.o ../core/PlumedMain.o ../core/PlumedMainInitializer.o ../core/SetupMolInfo.o ../core/TargetDist.o ../core/Value.o ../core/WithCmd.o ../cvhd/AngleSwitch.o ../cvhd/BondRotate.o ../cvhd/CVHD.o ../cvhd/GlobalDistortion.o ../function/Combine.o ../function/Custom.o ../function/Ensemble.o ../function/FuncPathMSD.o ../function/FuncSumHills.o ../function/Function.o ../function/LocalEnsemble.o ../function/Piecewise.o ../function/Sort.o ../function/Stats.o ../function/Target.o ../generic/Debug.o ../generic/DumpAtoms.o ../generic/DumpDerivatives.o ../generic/DumpForces.o ../generic/DumpMassCharge.o ../generic/DumpProjections.o ../generic/EffectiveEnergyDrift.o ../generic/EndPlumed.o ../generic/FitToTemplate.o ../generic/Flush.o ../generic/Group.o ../generic/Include.o ../generic/Plumed.o ../generic/Print.o ../generic/RandomExchanges.o ../generic/Read.o ../generic/ResetCell.o ../generic/Time.o ../generic/UpdateIf.o ../generic/WholeMolecules.o ../generic/WrapAround.o ../gridtools/ActionWithGrid.o ../gridtools/ActionWithInputGrid.o ../gridtools/ActionWithIntegral.o ../gridtools/AverageOnGrid.o ../gridtools/ContourFindingBase.o ../gridtools/ConvertToFES.o ../gridtools/DumpCube.o ../gridtools/DumpGrid.o ../gridtools/FindContour.o ../gridtools/FindContourSurface.o ../gridtools/FindSphericalContour.o ../gridtools/FourierTransform.o ../gridtools/GridPrintingBase.o ../gridtools/GridSearch.o ../gridtools/GridToXYZ.o ../gridtools/GridVessel.o ../gridtools/HistogramOnGrid.o ../gridtools/IntegrateGrid.o ../gridtools/InterpolateGrid.o ../isdb/CS2Backbone.o ../isdb/Caliber.o ../isdb/EMMI.o ../isdb/FretEfficiency.o ../isdb/Jcoupling.o ../isdb/Metainference.o ../isdb/MetainferenceBase.o ../isdb/NOE.o ../isdb/PRE.o ../isdb/RDC.o ../isdb/Rescale.o ../isdb/SAXS.o ../isdb/Select.o ../isdb/Selector.o ../lapack/lapack.o ../lepton/CompiledExpression.o ../lepton/ExpressionProgram.o ../lepton/ExpressionTreeNode.o ../lepton/Operation.o ../lepton/ParsedExpression.o ../lepton/Parser.o ../mapping/AdaptivePath.o ../mapping/Mapping.o ../mapping/PCAVars.o ../mapping/Path.o ../mapping/PathBase.o ../mapping/PathReparameterization.o ../mapping/PathTools.o ../mapping/PropertyMap.o ../mapping/SpathVessel.o ../mapping/TrigonometricPathVessel.o ../mapping/ZpathVessel.o ../molfile/crdplugin.o ../molfile/dcdplugin.o ../molfile/gromacsplugin.o ../molfile/pdbplugin.o ../multicolvar/ActionVolume.o ../multicolvar/AlphaBeta.o ../multicolvar/Angles.o ../multicolvar/AtomValuePack.o ../multicolvar/Bridge.o ../multicolvar/BridgedMultiColvarFunction.o ../multicolvar/CatomPack.o ../multicolvar/CenterOfMultiColvar.o ../multicolvar/CoordinationNumbers.o ../multicolvar/Density.o ../multicolvar/DihedralCorrelation.o ../multicolvar/DistanceFromContour.o ../multicolvar/Distances.o ../multicolvar/DumpMultiColvar.o ../multicolvar/FilterBetween.o ../multicolvar/FilterLessThan.o ../multicolvar/FilterMoreThan.o ../multicolvar/InPlaneDistances.o ../multicolvar/LocalAverage.o ../multicolvar/MultiColvarBase.o ../multicolvar/MultiColvarCombine.o ../multicolvar/MultiColvarDensity.o ../multicolvar/MultiColvarFilter.o ../multicolvar/MultiColvarProduct.o ../multicolvar/NumberOfLinks.o ../multicolvar/Torsions.o ../multicolvar/VolumeAround.o ../multicolvar/VolumeBetweenContours.o ../multicolvar/VolumeCavity.o ../multicolvar/VolumeGradientBase.o ../multicolvar/VolumeInCylinder.o ../multicolvar/VolumeInSphere.o ../multicolvar/VolumeTetrapore.o ../multicolvar/XAngle.o ../multicolvar/XDistances.o ../multicolvar/XYDistances.o ../multicolvar/XYTorsion.o ../reference/ArgumentOnlyDistance.o ../reference/DRMSD.o ../reference/Direction.o ../reference/DotProductDistance.o ../reference/EuclideanDistance.o ../reference/FakeFrame.o ../reference/IntermolecularDRMSD.o ../reference/IntramolecularDRMSD.o ../reference/MahalanobisDistance.o ../reference/MetricRegister.o ../reference/MultiDomainRMSD.o ../reference/NormalizedEuclideanDistance.o ../reference/OptimalRMSD.o ../reference/RMSDBase.o ../reference/ReferenceArguments.o ../reference/ReferenceAtoms.o ../reference/ReferenceConfiguration.o ../reference/ReferenceValuePack.o ../reference/SimpleRMSD.o ../reference/SingleDomainRMSD.o ../secondarystructure/AlphaRMSD.o ../secondarystructure/AntibetaRMSD.o ../secondarystructure/ParabetaRMSD.o ../secondarystructure/SecondaryStructureRMSD.o ../setup/Load.o ../setup/MolInfo.o ../setup/Restart.o ../setup/Units.o ../tools/Angle.o ../tools/AtomNumber.o ../tools/BiasRepresentation.o ../tools/Brent1DRootSearch.o ../tools/Citations.o ../tools/Communicator.o ../tools/ConjugateGradient.o ../tools/DLLoader.o ../tools/DynamicList.o ../tools/ERMSD.o ../tools/Exception.o ../tools/FileBase.o ../tools/ForwardDecl.o ../tools/Grid.o ../tools/HistogramBead.o ../tools/IFile.o ../tools/KernelFunctions.o ../tools/Keywords.o ../tools/LatticeReduction.o ../tools/LinkCells.o ../tools/Log.o ../tools/LoopUnroller.o ../tools/Matrix.o ../tools/MatrixSquareBracketsAccess.o ../tools/Minimise1DBrent.o ../tools/MinimiseBase.o ../tools/MolDataClass.o ../tools/MultiValue.o ../tools/NeighborList.o ../tools/OFile.o ../tools/OpenMP.o ../tools/PDB.o ../tools/Pbc.o ../tools/PlumedHandle.o ../tools/RMSD.o ../tools/Random.o ../tools/RootFindingBase.o ../tools/Stopwatch.o ../tools/Subprocess.o ../tools/SwitchingFunction.o ../tools/Tensor.o ../tools/Tools.o ../tools/Torsion.o ../tools/Units.o ../tools/Vector.o ../tools/h36.o ../vatom/ActionWithVirtualAtom.o ../vatom/Center.o ../vatom/FixedAtom.o ../vatom/Ghost.o ../vesselbase/ActionWithAveraging.o ../vesselbase/ActionWithInputVessel.o ../vesselbase/ActionWithVessel.o ../vesselbase/AltMin.o ../vesselbase/AveragingVessel.o ../vesselbase/Between.o ../vesselbase/BridgeVessel.o ../vesselbase/FunctionVessel.o ../vesselbase/Highest.o ../vesselbase/Histogram.o ../vesselbase/LessThan.o ../vesselbase/Lowest.o ../vesselbase/Max.o ../vesselbase/Mean.o ../vesselbase/Min.o ../vesselbase/Moments.o ../vesselbase/MoreThan.o ../vesselbase/OrderingVessel.o ../vesselbase/PNorm.o ../vesselbase/ShortcutVessel.o ../vesselbase/StoreDataVessel.o ../vesselbase/Sum.o ../vesselbase/ValueVessel.o ../vesselbase/Vessel.o ../vesselbase/VesselRegister.o ../config/Config.o ../wrapper/PlumedStatic.o -o plumed-static -ldl  -lstdc++ -lgsl -lz -ldl -lmkl_intel_lp64 -lmkl_sequential -lmkl_core -lpthread -lm -ldl -L/opt/intel/oneapi/mkl/latest/lib/intel64 -rdynamic -Wl,-Bsymbolic -fopenmp
	Building Plumed.inc
	Building Plumed.inc, static version
	Building Plumed.cmake
	Building Plumed.cmake, static version
	chmod a+x plumed-config
	chmod a+x plumed-mklib
	chmod a+x plumed-newcv
	chmod a+x plumed-partial_tempering
	chmod a+x plumed-patch
	chmod a+x plumed-selector
	chmod a+x plumed-vim2html
	mpicxx -shared -o libplumedKernel.so ../analysis/AnalysisBase.o ../analysis/Average.o ../analysis/AverageVessel.o ../analysis/Committor.o ../analysis/DataCollectionObject.o ../analysis/EuclideanDissimilarityMatrix.o ../analysis/FarthestPointSampling.o ../analysis/Histogram.o ../analysis/LandmarkSelectionBase.o ../analysis/LandmarkStaged.o ../analysis/OutputColvarFile.o ../analysis/OutputPDBFile.o ../analysis/PrintDissimilarityMatrix.o ../analysis/ReadAnalysisFrames.o ../analysis/ReadDissimilarityMatrix.o ../analysis/ReselectLandmarks.o ../analysis/SelectRandomFrames.o ../analysis/SelectWithStride.o ../analysis/WhamHistogram.o ../analysis/WhamWeights.o ../asmjit/arch.o ../asmjit/assembler.o ../asmjit/codebuilder.o ../asmjit/codecompiler.o ../asmjit/codeemitter.o ../asmjit/codeholder.o ../asmjit/constpool.o ../asmjit/cpuinfo.o ../asmjit/func.o ../asmjit/globals.o ../asmjit/inst.o ../asmjit/logging.o ../asmjit/operand.o ../asmjit/osutils.o ../asmjit/regalloc.o ../asmjit/runtime.o ../asmjit/string.o ../asmjit/utils.o ../asmjit/vmem.o ../asmjit/x86assembler.o ../asmjit/x86builder.o ../asmjit/x86compiler.o ../asmjit/x86inst.o ../asmjit/x86instimpl.o ../asmjit/x86internal.o ../asmjit/x86logging.o ../asmjit/x86operand.o ../asmjit/x86operand_regs.o ../asmjit/x86regalloc.o ../asmjit/zone.o ../bias/ABMD.o ../bias/Bias.o ../bias/BiasValue.o ../bias/ExtendedLagrangian.o ../bias/External.o ../bias/LWalls.o ../bias/MaxEnt.o ../bias/MetaD.o ../bias/MovingRestraint.o ../bias/PBMetaD.o ../bias/Restraint.o ../bias/ReweightBase.o ../bias/ReweightBias.o ../bias/ReweightMetad.o ../bias/ReweightTemperaturePressure.o ../bias/ReweightWham.o ../bias/UWalls.o ../blas/blas.o ../cltools/CLTool.o ../cltools/Completion.o ../cltools/Driver.o ../cltools/DriverDouble.o ../cltools/DriverFloat.o ../cltools/GenTemplate.o ../cltools/Info.o ../cltools/Manual.o ../cltools/PdbRenumber.o ../cltools/SimpleMD.o ../cltools/SumHills.o ../cltools/kT.o ../cltools/pesmd.o ../colvar/Angle.o ../colvar/Cell.o ../colvar/Colvar.o ../colvar/Constant.o ../colvar/ContactMap.o ../colvar/Coordination.o ../colvar/CoordinationBase.o ../colvar/DHEnergy.o ../colvar/DRMSD.o ../colvar/Dimer.o ../colvar/Dipole.o ../colvar/Distance.o ../colvar/EEFSolv.o ../colvar/ERMSD.o ../colvar/Energy.o ../colvar/ExtraCV.o ../colvar/Fake.o ../colvar/Gyration.o ../colvar/MultiRMSD.o ../colvar/PCARMSD.o ../colvar/PathMSD.o ../colvar/PathMSDBase.o ../colvar/Position.o ../colvar/PropertyMap.o ../colvar/Puckering.o ../colvar/RMSD.o ../colvar/Template.o ../colvar/Torsion.o ../colvar/Volume.o ../core/Action.o ../core/ActionAnyorder.o ../core/ActionAtomistic.o ../core/ActionPilot.o ../core/ActionRegister.o ../core/ActionSet.o ../core/ActionSetup.o ../core/ActionShortcut.o ../core/ActionWithArguments.o ../core/ActionWithValue.o ../core/ActionWithVirtualAtom.o ../core/Atoms.o ../core/CLTool.o ../core/CLToolMain.o ../core/CLToolRegister.o ../core/Colvar.o ../core/DataFetchingObject.o ../core/ExchangePatterns.o ../core/FlexibleBin.o ../core/GREX.o ../core/MDAtoms.o ../core/PlumedMain.o ../core/PlumedMainInitializer.o ../core/SetupMolInfo.o ../core/TargetDist.o ../core/Value.o ../core/WithCmd.o ../cvhd/AngleSwitch.o ../cvhd/BondRotate.o ../cvhd/CVHD.o ../cvhd/GlobalDistortion.o ../function/Combine.o ../function/Custom.o ../function/Ensemble.o ../function/FuncPathMSD.o ../function/FuncSumHills.o ../function/Function.o ../function/LocalEnsemble.o ../function/Piecewise.o ../function/Sort.o ../function/Stats.o ../function/Target.o ../generic/Debug.o ../generic/DumpAtoms.o ../generic/DumpDerivatives.o ../generic/DumpForces.o ../generic/DumpMassCharge.o ../generic/DumpProjections.o ../generic/EffectiveEnergyDrift.o ../generic/EndPlumed.o ../generic/FitToTemplate.o ../generic/Flush.o ../generic/Group.o ../generic/Include.o ../generic/Plumed.o ../generic/Print.o ../generic/RandomExchanges.o ../generic/Read.o ../generic/ResetCell.o ../generic/Time.o ../generic/UpdateIf.o ../generic/WholeMolecules.o ../generic/WrapAround.o ../gridtools/ActionWithGrid.o ../gridtools/ActionWithInputGrid.o ../gridtools/ActionWithIntegral.o ../gridtools/AverageOnGrid.o ../gridtools/ContourFindingBase.o ../gridtools/ConvertToFES.o ../gridtools/DumpCube.o ../gridtools/DumpGrid.o ../gridtools/FindContour.o ../gridtools/FindContourSurface.o ../gridtools/FindSphericalContour.o ../gridtools/FourierTransform.o ../gridtools/GridPrintingBase.o ../gridtools/GridSearch.o ../gridtools/GridToXYZ.o ../gridtools/GridVessel.o ../gridtools/HistogramOnGrid.o ../gridtools/IntegrateGrid.o ../gridtools/InterpolateGrid.o ../isdb/CS2Backbone.o ../isdb/Caliber.o ../isdb/EMMI.o ../isdb/FretEfficiency.o ../isdb/Jcoupling.o ../isdb/Metainference.o ../isdb/MetainferenceBase.o ../isdb/NOE.o ../isdb/PRE.o ../isdb/RDC.o ../isdb/Rescale.o ../isdb/SAXS.o ../isdb/Select.o ../isdb/Selector.o ../lapack/lapack.o ../lepton/CompiledExpression.o ../lepton/ExpressionProgram.o ../lepton/ExpressionTreeNode.o ../lepton/Operation.o ../lepton/ParsedExpression.o ../lepton/Parser.o ../mapping/AdaptivePath.o ../mapping/Mapping.o ../mapping/PCAVars.o ../mapping/Path.o ../mapping/PathBase.o ../mapping/PathReparameterization.o ../mapping/PathTools.o ../mapping/PropertyMap.o ../mapping/SpathVessel.o ../mapping/TrigonometricPathVessel.o ../mapping/ZpathVessel.o ../molfile/crdplugin.o ../molfile/dcdplugin.o ../molfile/gromacsplugin.o ../molfile/pdbplugin.o ../multicolvar/ActionVolume.o ../multicolvar/AlphaBeta.o ../multicolvar/Angles.o ../multicolvar/AtomValuePack.o ../multicolvar/Bridge.o ../multicolvar/BridgedMultiColvarFunction.o ../multicolvar/CatomPack.o ../multicolvar/CenterOfMultiColvar.o ../multicolvar/CoordinationNumbers.o ../multicolvar/Density.o ../multicolvar/DihedralCorrelation.o ../multicolvar/DistanceFromContour.o ../multicolvar/Distances.o ../multicolvar/DumpMultiColvar.o ../multicolvar/FilterBetween.o ../multicolvar/FilterLessThan.o ../multicolvar/FilterMoreThan.o ../multicolvar/InPlaneDistances.o ../multicolvar/LocalAverage.o ../multicolvar/MultiColvarBase.o ../multicolvar/MultiColvarCombine.o ../multicolvar/MultiColvarDensity.o ../multicolvar/MultiColvarFilter.o ../multicolvar/MultiColvarProduct.o ../multicolvar/NumberOfLinks.o ../multicolvar/Torsions.o ../multicolvar/VolumeAround.o ../multicolvar/VolumeBetweenContours.o ../multicolvar/VolumeCavity.o ../multicolvar/VolumeGradientBase.o ../multicolvar/VolumeInCylinder.o ../multicolvar/VolumeInSphere.o ../multicolvar/VolumeTetrapore.o ../multicolvar/XAngle.o ../multicolvar/XDistances.o ../multicolvar/XYDistances.o ../multicolvar/XYTorsion.o ../reference/ArgumentOnlyDistance.o ../reference/DRMSD.o ../reference/Direction.o ../reference/DotProductDistance.o ../reference/EuclideanDistance.o ../reference/FakeFrame.o ../reference/IntermolecularDRMSD.o ../reference/IntramolecularDRMSD.o ../reference/MahalanobisDistance.o ../reference/MetricRegister.o ../reference/MultiDomainRMSD.o ../reference/NormalizedEuclideanDistance.o ../reference/OptimalRMSD.o ../reference/RMSDBase.o ../reference/ReferenceArguments.o ../reference/ReferenceAtoms.o ../reference/ReferenceConfiguration.o ../reference/ReferenceValuePack.o ../reference/SimpleRMSD.o ../reference/SingleDomainRMSD.o ../secondarystructure/AlphaRMSD.o ../secondarystructure/AntibetaRMSD.o ../secondarystructure/ParabetaRMSD.o ../secondarystructure/SecondaryStructureRMSD.o ../setup/Load.o ../setup/MolInfo.o ../setup/Restart.o ../setup/Units.o ../tools/Angle.o ../tools/AtomNumber.o ../tools/BiasRepresentation.o ../tools/Brent1DRootSearch.o ../tools/Citations.o ../tools/Communicator.o ../tools/ConjugateGradient.o ../tools/DLLoader.o ../tools/DynamicList.o ../tools/ERMSD.o ../tools/Exception.o ../tools/FileBase.o ../tools/ForwardDecl.o ../tools/Grid.o ../tools/HistogramBead.o ../tools/IFile.o ../tools/KernelFunctions.o ../tools/Keywords.o ../tools/LatticeReduction.o ../tools/LinkCells.o ../tools/Log.o ../tools/LoopUnroller.o ../tools/Matrix.o ../tools/MatrixSquareBracketsAccess.o ../tools/Minimise1DBrent.o ../tools/MinimiseBase.o ../tools/MolDataClass.o ../tools/MultiValue.o ../tools/NeighborList.o ../tools/OFile.o ../tools/OpenMP.o ../tools/PDB.o ../tools/Pbc.o ../tools/PlumedHandle.o ../tools/RMSD.o ../tools/Random.o ../tools/RootFindingBase.o ../tools/Stopwatch.o ../tools/Subprocess.o ../tools/SwitchingFunction.o ../tools/Tensor.o ../tools/Tools.o ../tools/Torsion.o ../tools/Units.o ../tools/Vector.o ../tools/h36.o ../vatom/ActionWithVirtualAtom.o ../vatom/Center.o ../vatom/FixedAtom.o ../vatom/Ghost.o ../vesselbase/ActionWithAveraging.o ../vesselbase/ActionWithInputVessel.o ../vesselbase/ActionWithVessel.o ../vesselbase/AltMin.o ../vesselbase/AveragingVessel.o ../vesselbase/Between.o ../vesselbase/BridgeVessel.o ../vesselbase/FunctionVessel.o ../vesselbase/Highest.o ../vesselbase/Histogram.o ../vesselbase/LessThan.o ../vesselbase/Lowest.o ../vesselbase/Max.o ../vesselbase/Mean.o ../vesselbase/Min.o ../vesselbase/Moments.o ../vesselbase/MoreThan.o ../vesselbase/OrderingVessel.o ../vesselbase/PNorm.o ../vesselbase/ShortcutVessel.o ../vesselbase/StoreDataVessel.o ../vesselbase/Sum.o ../vesselbase/ValueVessel.o ../vesselbase/Vessel.o ../vesselbase/VesselRegister.o ../config/Config.o -Wl,-soname,"libplumedKernel.so" -lstdc++ -lgsl -lz -ldl -lmkl_intel_lp64 -lmkl_sequential -lmkl_core -lpthread -lm -ldl -L/opt/intel/oneapi/mkl/latest/lib/intel64 -rdynamic -Wl,-Bsymbolic -fopenmp
	mpicxx -shared -o libplumed.so ../wrapper/PlumedStatic.o libplumedKernel.so -Wl,-soname,"libplumed.so"
	mpicxx -O3 -fPIC -fPIC -Wall -pedantic -std=c++11  ../main/main.o ../wrapper/PlumedStatic.o libplumedKernel.so -o plumed -ldl
	mpicxx -O3 -fPIC -fPIC -Wall -pedantic -std=c++11  ../main/main.o ../wrapper/Plumed.o -o plumed-runtime -ldl
	ar cr libplumedWrapper.a ../wrapper/Plumed.o
	Building Plumed.inc, runtime-linking version
	Building Plumed.inc, shared version
	Building Plumed.cmake, runtime-linking version
	Building Plumed.cmake, shared version
	make[4]: Leaving directory '/opt/plumed2_cvhd/src/lib'
	make install-build
	make[4]: Entering directory '/opt/plumed2_cvhd/src/lib'
	mkdir -p install/
	make PLUMED_INSTALL=Install all
	make[5]: Entering directory '/opt/plumed2_cvhd/src/lib'
	make dirslinks
	make[6]: Entering directory '/opt/plumed2_cvhd/src/lib'
	*** Updating links to used modules in all directories ***
	make ../analysis.links ../asmjit.links ../bias.links ../blas.links ../cltools.links ../colvar.links ../config.links ../core.links ../cvhd.links ../function.links ../generic.links ../gridtools.links ../isdb.links ../lapack.links ../lepton.links ../main.links ../mapping.links ../molfile.links ../multicolvar.links ../reference.links ../secondarystructure.links ../setup.links ../tools.links ../vatom.links ../vesselbase.links ../wrapper.links
	make[7]: Entering directory '/opt/plumed2_cvhd/src/lib'
	make -C ../analysis links
	make[8]: Entering directory '/opt/plumed2_cvhd/src/analysis'
	Verify modules and create links in /opt/plumed2_cvhd/src/analysis
	make[8]: Leaving directory '/opt/plumed2_cvhd/src/analysis'
	make -C ../asmjit links
	make[8]: Entering directory '/opt/plumed2_cvhd/src/asmjit'
	Verify modules and create links in /opt/plumed2_cvhd/src/asmjit
	make[8]: Leaving directory '/opt/plumed2_cvhd/src/asmjit'
	make -C ../bias links
	make[8]: Entering directory '/opt/plumed2_cvhd/src/bias'
	Verify modules and create links in /opt/plumed2_cvhd/src/bias
	make[8]: Leaving directory '/opt/plumed2_cvhd/src/bias'
	make -C ../blas links
	make[8]: Entering directory '/opt/plumed2_cvhd/src/blas'
	Verify modules and create links in /opt/plumed2_cvhd/src/blas
	make[8]: Leaving directory '/opt/plumed2_cvhd/src/blas'
	make -C ../cltools links
	make[8]: Entering directory '/opt/plumed2_cvhd/src/cltools'
	Verify modules and create links in /opt/plumed2_cvhd/src/cltools
	make[8]: Leaving directory '/opt/plumed2_cvhd/src/cltools'
	make -C ../colvar links
	make[8]: Entering directory '/opt/plumed2_cvhd/src/colvar'
	Verify modules and create links in /opt/plumed2_cvhd/src/colvar
	make[8]: Leaving directory '/opt/plumed2_cvhd/src/colvar'
	make -C ../config links
	make[8]: Entering directory '/opt/plumed2_cvhd/src/config'
	Nothing to do in /opt/plumed2_cvhd/src/config
	make[8]: Leaving directory '/opt/plumed2_cvhd/src/config'
	make -C ../core links
	make[8]: Entering directory '/opt/plumed2_cvhd/src/core'
	Verify modules and create links in /opt/plumed2_cvhd/src/core
	make[8]: Leaving directory '/opt/plumed2_cvhd/src/core'
	make -C ../cvhd links
	make[8]: Entering directory '/opt/plumed2_cvhd/src/cvhd'
	Verify modules and create links in /opt/plumed2_cvhd/src/cvhd
	make[8]: Leaving directory '/opt/plumed2_cvhd/src/cvhd'
	make -C ../function links
	make[8]: Entering directory '/opt/plumed2_cvhd/src/function'
	Verify modules and create links in /opt/plumed2_cvhd/src/function
	make[8]: Leaving directory '/opt/plumed2_cvhd/src/function'
	make -C ../generic links
	make[8]: Entering directory '/opt/plumed2_cvhd/src/generic'
	Verify modules and create links in /opt/plumed2_cvhd/src/generic
	make[8]: Leaving directory '/opt/plumed2_cvhd/src/generic'
	make -C ../gridtools links
	make[8]: Entering directory '/opt/plumed2_cvhd/src/gridtools'
	Verify modules and create links in /opt/plumed2_cvhd/src/gridtools
	make[8]: Leaving directory '/opt/plumed2_cvhd/src/gridtools'
	make -C ../isdb links
	make[8]: Entering directory '/opt/plumed2_cvhd/src/isdb'
	Verify modules and create links in /opt/plumed2_cvhd/src/isdb
	make[8]: Leaving directory '/opt/plumed2_cvhd/src/isdb'
	make -C ../lapack links
	make[8]: Entering directory '/opt/plumed2_cvhd/src/lapack'
	Verify modules and create links in /opt/plumed2_cvhd/src/lapack
	make[8]: Leaving directory '/opt/plumed2_cvhd/src/lapack'
	make -C ../lepton links
	make[8]: Entering directory '/opt/plumed2_cvhd/src/lepton'
	Verify modules and create links in /opt/plumed2_cvhd/src/lepton
	make[8]: Leaving directory '/opt/plumed2_cvhd/src/lepton'
	make -C ../main links
	make[8]: Entering directory '/opt/plumed2_cvhd/src/main'
	Verify modules and create links in /opt/plumed2_cvhd/src/main
	make[8]: Leaving directory '/opt/plumed2_cvhd/src/main'
	make -C ../mapping links
	make[8]: Entering directory '/opt/plumed2_cvhd/src/mapping'
	Verify modules and create links in /opt/plumed2_cvhd/src/mapping
	make[8]: Leaving directory '/opt/plumed2_cvhd/src/mapping'
	make -C ../molfile links
	make[8]: Entering directory '/opt/plumed2_cvhd/src/molfile'
	Verify modules and create links in /opt/plumed2_cvhd/src/molfile
	make[8]: Leaving directory '/opt/plumed2_cvhd/src/molfile'
	make -C ../multicolvar links
	make[8]: Entering directory '/opt/plumed2_cvhd/src/multicolvar'
	Verify modules and create links in /opt/plumed2_cvhd/src/multicolvar
	make[8]: Leaving directory '/opt/plumed2_cvhd/src/multicolvar'
	make -C ../reference links
	make[8]: Entering directory '/opt/plumed2_cvhd/src/reference'
	Verify modules and create links in /opt/plumed2_cvhd/src/reference
	make[8]: Leaving directory '/opt/plumed2_cvhd/src/reference'
	make -C ../secondarystructure links
	make[8]: Entering directory '/opt/plumed2_cvhd/src/secondarystructure'
	Verify modules and create links in /opt/plumed2_cvhd/src/secondarystructure
	make[8]: Leaving directory '/opt/plumed2_cvhd/src/secondarystructure'
	make -C ../setup links
	make[8]: Entering directory '/opt/plumed2_cvhd/src/setup'
	Verify modules and create links in /opt/plumed2_cvhd/src/setup
	make[8]: Leaving directory '/opt/plumed2_cvhd/src/setup'
	make -C ../tools links
	make[8]: Entering directory '/opt/plumed2_cvhd/src/tools'
	Verify modules and create links in /opt/plumed2_cvhd/src/tools
	make[8]: Leaving directory '/opt/plumed2_cvhd/src/tools'
	make -C ../vatom links
	make[8]: Entering directory '/opt/plumed2_cvhd/src/vatom'
	Verify modules and create links in /opt/plumed2_cvhd/src/vatom
	make[8]: Leaving directory '/opt/plumed2_cvhd/src/vatom'
	make -C ../vesselbase links
	make[8]: Entering directory '/opt/plumed2_cvhd/src/vesselbase'
	Verify modules and create links in /opt/plumed2_cvhd/src/vesselbase
	make[8]: Leaving directory '/opt/plumed2_cvhd/src/vesselbase'
	make -C ../wrapper links
	make[8]: Entering directory '/opt/plumed2_cvhd/src/wrapper'
	Nothing to do in /opt/plumed2_cvhd/src/wrapper
	make[8]: Leaving directory '/opt/plumed2_cvhd/src/wrapper'
	make[7]: Leaving directory '/opt/plumed2_cvhd/src/lib'
	make[6]: Leaving directory '/opt/plumed2_cvhd/src/lib'
	make dirs
	make[6]: Entering directory '/opt/plumed2_cvhd/src/lib'
	*** Compiling all directories ***
	make ../analysis ../asmjit ../bias ../blas ../cltools ../colvar ../config ../core ../cvhd ../function ../generic ../gridtools ../isdb ../lapack ../lepton ../main ../mapping ../molfile ../multicolvar ../reference ../secondarystructure ../setup ../tools ../vatom ../vesselbase ../wrapper
	make[7]: Entering directory '/opt/plumed2_cvhd/src/lib'
	make -C ../analysis obj
	make[8]: Entering directory '/opt/plumed2_cvhd/src/analysis'
	make[8]: Nothing to be done for 'obj'.
	make[8]: Leaving directory '/opt/plumed2_cvhd/src/analysis'
	make -C ../asmjit obj
	make[8]: Entering directory '/opt/plumed2_cvhd/src/asmjit'
	make[8]: Nothing to be done for 'obj'.
	make[8]: Leaving directory '/opt/plumed2_cvhd/src/asmjit'
	make -C ../bias obj
	make[8]: Entering directory '/opt/plumed2_cvhd/src/bias'
	make[8]: Nothing to be done for 'obj'.
	make[8]: Leaving directory '/opt/plumed2_cvhd/src/bias'
	make -C ../blas obj
	make[8]: Entering directory '/opt/plumed2_cvhd/src/blas'
	make[8]: Nothing to be done for 'obj'.
	make[8]: Leaving directory '/opt/plumed2_cvhd/src/blas'
	make -C ../cltools obj
	make[8]: Entering directory '/opt/plumed2_cvhd/src/cltools'
	make[8]: Nothing to be done for 'obj'.
	make[8]: Leaving directory '/opt/plumed2_cvhd/src/cltools'
	make -C ../colvar obj
	make[8]: Entering directory '/opt/plumed2_cvhd/src/colvar'
	make[8]: Nothing to be done for 'obj'.
	make[8]: Leaving directory '/opt/plumed2_cvhd/src/colvar'
	make -C ../config obj
	make[8]: Entering directory '/opt/plumed2_cvhd/src/config'
	make PLUMED_FORCE=yes ConfigInstall.inc Config.inc version.h config.txt
	make[9]: Entering directory '/opt/plumed2_cvhd/src/config'
	Updating ConfigInstall.inc
	cmp -s ConfigInstall.inc~ ConfigInstall.inc || cp ConfigInstall.inc~ ConfigInstall.inc
	rm ConfigInstall.inc~
	Updating Config.inc
	cmp -s Config.inc~ Config.inc || cp Config.inc~ Config.inc
	rm Config.inc~
	Updating version.h
	make[9]: 'config.txt' is up to date.
	make[9]: Leaving directory '/opt/plumed2_cvhd/src/config'
	make Config.o ConfigInstall.o compile_options.sh
	make[9]: Entering directory '/opt/plumed2_cvhd/src/config'
	make[9]: 'Config.o' is up to date.
	make[9]: 'ConfigInstall.o' is up to date.
	make[9]: 'compile_options.sh' is up to date.
	make[9]: Leaving directory '/opt/plumed2_cvhd/src/config'
	make[8]: Leaving directory '/opt/plumed2_cvhd/src/config'
	make -C ../core obj
	make[8]: Entering directory '/opt/plumed2_cvhd/src/core'
	make[8]: Nothing to be done for 'obj'.
	make[8]: Leaving directory '/opt/plumed2_cvhd/src/core'
	make -C ../cvhd obj
	make[8]: Entering directory '/opt/plumed2_cvhd/src/cvhd'
	make[8]: Nothing to be done for 'obj'.
	make[8]: Leaving directory '/opt/plumed2_cvhd/src/cvhd'
	make -C ../function obj
	make[8]: Entering directory '/opt/plumed2_cvhd/src/function'
	make[8]: Nothing to be done for 'obj'.
	make[8]: Leaving directory '/opt/plumed2_cvhd/src/function'
	make -C ../generic obj
	make[8]: Entering directory '/opt/plumed2_cvhd/src/generic'
	make[8]: Nothing to be done for 'obj'.
	make[8]: Leaving directory '/opt/plumed2_cvhd/src/generic'
	make -C ../gridtools obj
	make[8]: Entering directory '/opt/plumed2_cvhd/src/gridtools'
	make[8]: Nothing to be done for 'obj'.
	make[8]: Leaving directory '/opt/plumed2_cvhd/src/gridtools'
	make -C ../isdb obj
	make[8]: Entering directory '/opt/plumed2_cvhd/src/isdb'
	make[8]: Nothing to be done for 'obj'.
	make[8]: Leaving directory '/opt/plumed2_cvhd/src/isdb'
	make -C ../lapack obj
	make[8]: Entering directory '/opt/plumed2_cvhd/src/lapack'
	make[8]: Nothing to be done for 'obj'.
	make[8]: Leaving directory '/opt/plumed2_cvhd/src/lapack'
	make -C ../lepton obj
	make[8]: Entering directory '/opt/plumed2_cvhd/src/lepton'
	make[8]: Nothing to be done for 'obj'.
	make[8]: Leaving directory '/opt/plumed2_cvhd/src/lepton'
	make -C ../main obj
	make[8]: Entering directory '/opt/plumed2_cvhd/src/main'
	make[8]: Nothing to be done for 'obj'.
	make[8]: Leaving directory '/opt/plumed2_cvhd/src/main'
	make -C ../mapping obj
	make[8]: Entering directory '/opt/plumed2_cvhd/src/mapping'
	make[8]: Nothing to be done for 'obj'.
	make[8]: Leaving directory '/opt/plumed2_cvhd/src/mapping'
	make -C ../molfile obj
	make[8]: Entering directory '/opt/plumed2_cvhd/src/molfile'
	make[8]: Nothing to be done for 'obj'.
	make[8]: Leaving directory '/opt/plumed2_cvhd/src/molfile'
	make -C ../multicolvar obj
	make[8]: Entering directory '/opt/plumed2_cvhd/src/multicolvar'
	make[8]: Nothing to be done for 'obj'.
	make[8]: Leaving directory '/opt/plumed2_cvhd/src/multicolvar'
	make -C ../reference obj
	make[8]: Entering directory '/opt/plumed2_cvhd/src/reference'
	make[8]: Nothing to be done for 'obj'.
	make[8]: Leaving directory '/opt/plumed2_cvhd/src/reference'
	make -C ../secondarystructure obj
	make[8]: Entering directory '/opt/plumed2_cvhd/src/secondarystructure'
	make[8]: Nothing to be done for 'obj'.
	make[8]: Leaving directory '/opt/plumed2_cvhd/src/secondarystructure'
	make -C ../setup obj
	make[8]: Entering directory '/opt/plumed2_cvhd/src/setup'
	make[8]: Nothing to be done for 'obj'.
	make[8]: Leaving directory '/opt/plumed2_cvhd/src/setup'
	make -C ../tools obj
	make[8]: Entering directory '/opt/plumed2_cvhd/src/tools'
	make[8]: Nothing to be done for 'obj'.
	make[8]: Leaving directory '/opt/plumed2_cvhd/src/tools'
	make -C ../vatom obj
	make[8]: Entering directory '/opt/plumed2_cvhd/src/vatom'
	make[8]: Nothing to be done for 'obj'.
	make[8]: Leaving directory '/opt/plumed2_cvhd/src/vatom'
	make -C ../vesselbase obj
	make[8]: Entering directory '/opt/plumed2_cvhd/src/vesselbase'
	make[8]: Nothing to be done for 'obj'.
	make[8]: Leaving directory '/opt/plumed2_cvhd/src/vesselbase'
	make -C ../wrapper obj
	make[8]: Entering directory '/opt/plumed2_cvhd/src/wrapper'
	make[8]: Nothing to be done for 'obj'.
	make[8]: Leaving directory '/opt/plumed2_cvhd/src/wrapper'
	make[7]: Leaving directory '/opt/plumed2_cvhd/src/lib'
	make[6]: Leaving directory '/opt/plumed2_cvhd/src/lib'
	make lib
	make[6]: Entering directory '/opt/plumed2_cvhd/src/lib'
	mpicxx -O3 -fPIC -fPIC -Wall -pedantic -std=c++11  ../main/main.o ../analysis/AnalysisBase.o ../analysis/Average.o ../analysis/AverageVessel.o ../analysis/Committor.o ../analysis/DataCollectionObject.o ../analysis/EuclideanDissimilarityMatrix.o ../analysis/FarthestPointSampling.o ../analysis/Histogram.o ../analysis/LandmarkSelectionBase.o ../analysis/LandmarkStaged.o ../analysis/OutputColvarFile.o ../analysis/OutputPDBFile.o ../analysis/PrintDissimilarityMatrix.o ../analysis/ReadAnalysisFrames.o ../analysis/ReadDissimilarityMatrix.o ../analysis/ReselectLandmarks.o ../analysis/SelectRandomFrames.o ../analysis/SelectWithStride.o ../analysis/WhamHistogram.o ../analysis/WhamWeights.o ../asmjit/arch.o ../asmjit/assembler.o ../asmjit/codebuilder.o ../asmjit/codecompiler.o ../asmjit/codeemitter.o ../asmjit/codeholder.o ../asmjit/constpool.o ../asmjit/cpuinfo.o ../asmjit/func.o ../asmjit/globals.o ../asmjit/inst.o ../asmjit/logging.o ../asmjit/operand.o ../asmjit/osutils.o ../asmjit/regalloc.o ../asmjit/runtime.o ../asmjit/string.o ../asmjit/utils.o ../asmjit/vmem.o ../asmjit/x86assembler.o ../asmjit/x86builder.o ../asmjit/x86compiler.o ../asmjit/x86inst.o ../asmjit/x86instimpl.o ../asmjit/x86internal.o ../asmjit/x86logging.o ../asmjit/x86operand.o ../asmjit/x86operand_regs.o ../asmjit/x86regalloc.o ../asmjit/zone.o ../bias/ABMD.o ../bias/Bias.o ../bias/BiasValue.o ../bias/ExtendedLagrangian.o ../bias/External.o ../bias/LWalls.o ../bias/MaxEnt.o ../bias/MetaD.o ../bias/MovingRestraint.o ../bias/PBMetaD.o ../bias/Restraint.o ../bias/ReweightBase.o ../bias/ReweightBias.o ../bias/ReweightMetad.o ../bias/ReweightTemperaturePressure.o ../bias/ReweightWham.o ../bias/UWalls.o ../blas/blas.o ../cltools/CLTool.o ../cltools/Completion.o ../cltools/Driver.o ../cltools/DriverDouble.o ../cltools/DriverFloat.o ../cltools/GenTemplate.o ../cltools/Info.o ../cltools/Manual.o ../cltools/PdbRenumber.o ../cltools/SimpleMD.o ../cltools/SumHills.o ../cltools/kT.o ../cltools/pesmd.o ../colvar/Angle.o ../colvar/Cell.o ../colvar/Colvar.o ../colvar/Constant.o ../colvar/ContactMap.o ../colvar/Coordination.o ../colvar/CoordinationBase.o ../colvar/DHEnergy.o ../colvar/DRMSD.o ../colvar/Dimer.o ../colvar/Dipole.o ../colvar/Distance.o ../colvar/EEFSolv.o ../colvar/ERMSD.o ../colvar/Energy.o ../colvar/ExtraCV.o ../colvar/Fake.o ../colvar/Gyration.o ../colvar/MultiRMSD.o ../colvar/PCARMSD.o ../colvar/PathMSD.o ../colvar/PathMSDBase.o ../colvar/Position.o ../colvar/PropertyMap.o ../colvar/Puckering.o ../colvar/RMSD.o ../colvar/Template.o ../colvar/Torsion.o ../colvar/Volume.o ../core/Action.o ../core/ActionAnyorder.o ../core/ActionAtomistic.o ../core/ActionPilot.o ../core/ActionRegister.o ../core/ActionSet.o ../core/ActionSetup.o ../core/ActionShortcut.o ../core/ActionWithArguments.o ../core/ActionWithValue.o ../core/ActionWithVirtualAtom.o ../core/Atoms.o ../core/CLTool.o ../core/CLToolMain.o ../core/CLToolRegister.o ../core/Colvar.o ../core/DataFetchingObject.o ../core/ExchangePatterns.o ../core/FlexibleBin.o ../core/GREX.o ../core/MDAtoms.o ../core/PlumedMain.o ../core/PlumedMainInitializer.o ../core/SetupMolInfo.o ../core/TargetDist.o ../core/Value.o ../core/WithCmd.o ../cvhd/AngleSwitch.o ../cvhd/BondRotate.o ../cvhd/CVHD.o ../cvhd/GlobalDistortion.o ../function/Combine.o ../function/Custom.o ../function/Ensemble.o ../function/FuncPathMSD.o ../function/FuncSumHills.o ../function/Function.o ../function/LocalEnsemble.o ../function/Piecewise.o ../function/Sort.o ../function/Stats.o ../function/Target.o ../generic/Debug.o ../generic/DumpAtoms.o ../generic/DumpDerivatives.o ../generic/DumpForces.o ../generic/DumpMassCharge.o ../generic/DumpProjections.o ../generic/EffectiveEnergyDrift.o ../generic/EndPlumed.o ../generic/FitToTemplate.o ../generic/Flush.o ../generic/Group.o ../generic/Include.o ../generic/Plumed.o ../generic/Print.o ../generic/RandomExchanges.o ../generic/Read.o ../generic/ResetCell.o ../generic/Time.o ../generic/UpdateIf.o ../generic/WholeMolecules.o ../generic/WrapAround.o ../gridtools/ActionWithGrid.o ../gridtools/ActionWithInputGrid.o ../gridtools/ActionWithIntegral.o ../gridtools/AverageOnGrid.o ../gridtools/ContourFindingBase.o ../gridtools/ConvertToFES.o ../gridtools/DumpCube.o ../gridtools/DumpGrid.o ../gridtools/FindContour.o ../gridtools/FindContourSurface.o ../gridtools/FindSphericalContour.o ../gridtools/FourierTransform.o ../gridtools/GridPrintingBase.o ../gridtools/GridSearch.o ../gridtools/GridToXYZ.o ../gridtools/GridVessel.o ../gridtools/HistogramOnGrid.o ../gridtools/IntegrateGrid.o ../gridtools/InterpolateGrid.o ../isdb/CS2Backbone.o ../isdb/Caliber.o ../isdb/EMMI.o ../isdb/FretEfficiency.o ../isdb/Jcoupling.o ../isdb/Metainference.o ../isdb/MetainferenceBase.o ../isdb/NOE.o ../isdb/PRE.o ../isdb/RDC.o ../isdb/Rescale.o ../isdb/SAXS.o ../isdb/Select.o ../isdb/Selector.o ../lapack/lapack.o ../lepton/CompiledExpression.o ../lepton/ExpressionProgram.o ../lepton/ExpressionTreeNode.o ../lepton/Operation.o ../lepton/ParsedExpression.o ../lepton/Parser.o ../mapping/AdaptivePath.o ../mapping/Mapping.o ../mapping/PCAVars.o ../mapping/Path.o ../mapping/PathBase.o ../mapping/PathReparameterization.o ../mapping/PathTools.o ../mapping/PropertyMap.o ../mapping/SpathVessel.o ../mapping/TrigonometricPathVessel.o ../mapping/ZpathVessel.o ../molfile/crdplugin.o ../molfile/dcdplugin.o ../molfile/gromacsplugin.o ../molfile/pdbplugin.o ../multicolvar/ActionVolume.o ../multicolvar/AlphaBeta.o ../multicolvar/Angles.o ../multicolvar/AtomValuePack.o ../multicolvar/Bridge.o ../multicolvar/BridgedMultiColvarFunction.o ../multicolvar/CatomPack.o ../multicolvar/CenterOfMultiColvar.o ../multicolvar/CoordinationNumbers.o ../multicolvar/Density.o ../multicolvar/DihedralCorrelation.o ../multicolvar/DistanceFromContour.o ../multicolvar/Distances.o ../multicolvar/DumpMultiColvar.o ../multicolvar/FilterBetween.o ../multicolvar/FilterLessThan.o ../multicolvar/FilterMoreThan.o ../multicolvar/InPlaneDistances.o ../multicolvar/LocalAverage.o ../multicolvar/MultiColvarBase.o ../multicolvar/MultiColvarCombine.o ../multicolvar/MultiColvarDensity.o ../multicolvar/MultiColvarFilter.o ../multicolvar/MultiColvarProduct.o ../multicolvar/NumberOfLinks.o ../multicolvar/Torsions.o ../multicolvar/VolumeAround.o ../multicolvar/VolumeBetweenContours.o ../multicolvar/VolumeCavity.o ../multicolvar/VolumeGradientBase.o ../multicolvar/VolumeInCylinder.o ../multicolvar/VolumeInSphere.o ../multicolvar/VolumeTetrapore.o ../multicolvar/XAngle.o ../multicolvar/XDistances.o ../multicolvar/XYDistances.o ../multicolvar/XYTorsion.o ../reference/ArgumentOnlyDistance.o ../reference/DRMSD.o ../reference/Direction.o ../reference/DotProductDistance.o ../reference/EuclideanDistance.o ../reference/FakeFrame.o ../reference/IntermolecularDRMSD.o ../reference/IntramolecularDRMSD.o ../reference/MahalanobisDistance.o ../reference/MetricRegister.o ../reference/MultiDomainRMSD.o ../reference/NormalizedEuclideanDistance.o ../reference/OptimalRMSD.o ../reference/RMSDBase.o ../reference/ReferenceArguments.o ../reference/ReferenceAtoms.o ../reference/ReferenceConfiguration.o ../reference/ReferenceValuePack.o ../reference/SimpleRMSD.o ../reference/SingleDomainRMSD.o ../secondarystructure/AlphaRMSD.o ../secondarystructure/AntibetaRMSD.o ../secondarystructure/ParabetaRMSD.o ../secondarystructure/SecondaryStructureRMSD.o ../setup/Load.o ../setup/MolInfo.o ../setup/Restart.o ../setup/Units.o ../tools/Angle.o ../tools/AtomNumber.o ../tools/BiasRepresentation.o ../tools/Brent1DRootSearch.o ../tools/Citations.o ../tools/Communicator.o ../tools/ConjugateGradient.o ../tools/DLLoader.o ../tools/DynamicList.o ../tools/ERMSD.o ../tools/Exception.o ../tools/FileBase.o ../tools/ForwardDecl.o ../tools/Grid.o ../tools/HistogramBead.o ../tools/IFile.o ../tools/KernelFunctions.o ../tools/Keywords.o ../tools/LatticeReduction.o ../tools/LinkCells.o ../tools/Log.o ../tools/LoopUnroller.o ../tools/Matrix.o ../tools/MatrixSquareBracketsAccess.o ../tools/Minimise1DBrent.o ../tools/MinimiseBase.o ../tools/MolDataClass.o ../tools/MultiValue.o ../tools/NeighborList.o ../tools/OFile.o ../tools/OpenMP.o ../tools/PDB.o ../tools/Pbc.o ../tools/PlumedHandle.o ../tools/RMSD.o ../tools/Random.o ../tools/RootFindingBase.o ../tools/Stopwatch.o ../tools/Subprocess.o ../tools/SwitchingFunction.o ../tools/Tensor.o ../tools/Tools.o ../tools/Torsion.o ../tools/Units.o ../tools/Vector.o ../tools/h36.o ../vatom/ActionWithVirtualAtom.o ../vatom/Center.o ../vatom/FixedAtom.o ../vatom/Ghost.o ../vesselbase/ActionWithAveraging.o ../vesselbase/ActionWithInputVessel.o ../vesselbase/ActionWithVessel.o ../vesselbase/AltMin.o ../vesselbase/AveragingVessel.o ../vesselbase/Between.o ../vesselbase/BridgeVessel.o ../vesselbase/FunctionVessel.o ../vesselbase/Highest.o ../vesselbase/Histogram.o ../vesselbase/LessThan.o ../vesselbase/Lowest.o ../vesselbase/Max.o ../vesselbase/Mean.o ../vesselbase/Min.o ../vesselbase/Moments.o ../vesselbase/MoreThan.o ../vesselbase/OrderingVessel.o ../vesselbase/PNorm.o ../vesselbase/ShortcutVessel.o ../vesselbase/StoreDataVessel.o ../vesselbase/Sum.o ../vesselbase/ValueVessel.o ../vesselbase/Vessel.o ../vesselbase/VesselRegister.o ../config/ConfigInstall.o ../wrapper/PlumedStatic.o -o install/plumed-static -ldl  -lstdc++ -lgsl -lz -ldl -lmkl_intel_lp64 -lmkl_sequential -lmkl_core -lpthread -lm -ldl -L/opt/intel/oneapi/mkl/latest/lib/intel64 -rdynamic -Wl,-Bsymbolic -fopenmp
	Building Plumed.inc
	Building Plumed.inc, static version
	Building Plumed.cmake
	Building Plumed.cmake, static version
	chmod a+x install/plumed-config
	chmod a+x install/plumed-mklib
	chmod a+x install/plumed-newcv
	chmod a+x install/plumed-partial_tempering
	chmod a+x install/plumed-patch
	chmod a+x install/plumed-selector
	chmod a+x install/plumed-vim2html
	mkdir -p install
	mpicxx -shared -o install/libplumedKernel.so ../analysis/AnalysisBase.o ../analysis/Average.o ../analysis/AverageVessel.o ../analysis/Committor.o ../analysis/DataCollectionObject.o ../analysis/EuclideanDissimilarityMatrix.o ../analysis/FarthestPointSampling.o ../analysis/Histogram.o ../analysis/LandmarkSelectionBase.o ../analysis/LandmarkStaged.o ../analysis/OutputColvarFile.o ../analysis/OutputPDBFile.o ../analysis/PrintDissimilarityMatrix.o ../analysis/ReadAnalysisFrames.o ../analysis/ReadDissimilarityMatrix.o ../analysis/ReselectLandmarks.o ../analysis/SelectRandomFrames.o ../analysis/SelectWithStride.o ../analysis/WhamHistogram.o ../analysis/WhamWeights.o ../asmjit/arch.o ../asmjit/assembler.o ../asmjit/codebuilder.o ../asmjit/codecompiler.o ../asmjit/codeemitter.o ../asmjit/codeholder.o ../asmjit/constpool.o ../asmjit/cpuinfo.o ../asmjit/func.o ../asmjit/globals.o ../asmjit/inst.o ../asmjit/logging.o ../asmjit/operand.o ../asmjit/osutils.o ../asmjit/regalloc.o ../asmjit/runtime.o ../asmjit/string.o ../asmjit/utils.o ../asmjit/vmem.o ../asmjit/x86assembler.o ../asmjit/x86builder.o ../asmjit/x86compiler.o ../asmjit/x86inst.o ../asmjit/x86instimpl.o ../asmjit/x86internal.o ../asmjit/x86logging.o ../asmjit/x86operand.o ../asmjit/x86operand_regs.o ../asmjit/x86regalloc.o ../asmjit/zone.o ../bias/ABMD.o ../bias/Bias.o ../bias/BiasValue.o ../bias/ExtendedLagrangian.o ../bias/External.o ../bias/LWalls.o ../bias/MaxEnt.o ../bias/MetaD.o ../bias/MovingRestraint.o ../bias/PBMetaD.o ../bias/Restraint.o ../bias/ReweightBase.o ../bias/ReweightBias.o ../bias/ReweightMetad.o ../bias/ReweightTemperaturePressure.o ../bias/ReweightWham.o ../bias/UWalls.o ../blas/blas.o ../cltools/CLTool.o ../cltools/Completion.o ../cltools/Driver.o ../cltools/DriverDouble.o ../cltools/DriverFloat.o ../cltools/GenTemplate.o ../cltools/Info.o ../cltools/Manual.o ../cltools/PdbRenumber.o ../cltools/SimpleMD.o ../cltools/SumHills.o ../cltools/kT.o ../cltools/pesmd.o ../colvar/Angle.o ../colvar/Cell.o ../colvar/Colvar.o ../colvar/Constant.o ../colvar/ContactMap.o ../colvar/Coordination.o ../colvar/CoordinationBase.o ../colvar/DHEnergy.o ../colvar/DRMSD.o ../colvar/Dimer.o ../colvar/Dipole.o ../colvar/Distance.o ../colvar/EEFSolv.o ../colvar/ERMSD.o ../colvar/Energy.o ../colvar/ExtraCV.o ../colvar/Fake.o ../colvar/Gyration.o ../colvar/MultiRMSD.o ../colvar/PCARMSD.o ../colvar/PathMSD.o ../colvar/PathMSDBase.o ../colvar/Position.o ../colvar/PropertyMap.o ../colvar/Puckering.o ../colvar/RMSD.o ../colvar/Template.o ../colvar/Torsion.o ../colvar/Volume.o ../core/Action.o ../core/ActionAnyorder.o ../core/ActionAtomistic.o ../core/ActionPilot.o ../core/ActionRegister.o ../core/ActionSet.o ../core/ActionSetup.o ../core/ActionShortcut.o ../core/ActionWithArguments.o ../core/ActionWithValue.o ../core/ActionWithVirtualAtom.o ../core/Atoms.o ../core/CLTool.o ../core/CLToolMain.o ../core/CLToolRegister.o ../core/Colvar.o ../core/DataFetchingObject.o ../core/ExchangePatterns.o ../core/FlexibleBin.o ../core/GREX.o ../core/MDAtoms.o ../core/PlumedMain.o ../core/PlumedMainInitializer.o ../core/SetupMolInfo.o ../core/TargetDist.o ../core/Value.o ../core/WithCmd.o ../cvhd/AngleSwitch.o ../cvhd/BondRotate.o ../cvhd/CVHD.o ../cvhd/GlobalDistortion.o ../function/Combine.o ../function/Custom.o ../function/Ensemble.o ../function/FuncPathMSD.o ../function/FuncSumHills.o ../function/Function.o ../function/LocalEnsemble.o ../function/Piecewise.o ../function/Sort.o ../function/Stats.o ../function/Target.o ../generic/Debug.o ../generic/DumpAtoms.o ../generic/DumpDerivatives.o ../generic/DumpForces.o ../generic/DumpMassCharge.o ../generic/DumpProjections.o ../generic/EffectiveEnergyDrift.o ../generic/EndPlumed.o ../generic/FitToTemplate.o ../generic/Flush.o ../generic/Group.o ../generic/Include.o ../generic/Plumed.o ../generic/Print.o ../generic/RandomExchanges.o ../generic/Read.o ../generic/ResetCell.o ../generic/Time.o ../generic/UpdateIf.o ../generic/WholeMolecules.o ../generic/WrapAround.o ../gridtools/ActionWithGrid.o ../gridtools/ActionWithInputGrid.o ../gridtools/ActionWithIntegral.o ../gridtools/AverageOnGrid.o ../gridtools/ContourFindingBase.o ../gridtools/ConvertToFES.o ../gridtools/DumpCube.o ../gridtools/DumpGrid.o ../gridtools/FindContour.o ../gridtools/FindContourSurface.o ../gridtools/FindSphericalContour.o ../gridtools/FourierTransform.o ../gridtools/GridPrintingBase.o ../gridtools/GridSearch.o ../gridtools/GridToXYZ.o ../gridtools/GridVessel.o ../gridtools/HistogramOnGrid.o ../gridtools/IntegrateGrid.o ../gridtools/InterpolateGrid.o ../isdb/CS2Backbone.o ../isdb/Caliber.o ../isdb/EMMI.o ../isdb/FretEfficiency.o ../isdb/Jcoupling.o ../isdb/Metainference.o ../isdb/MetainferenceBase.o ../isdb/NOE.o ../isdb/PRE.o ../isdb/RDC.o ../isdb/Rescale.o ../isdb/SAXS.o ../isdb/Select.o ../isdb/Selector.o ../lapack/lapack.o ../lepton/CompiledExpression.o ../lepton/ExpressionProgram.o ../lepton/ExpressionTreeNode.o ../lepton/Operation.o ../lepton/ParsedExpression.o ../lepton/Parser.o ../mapping/AdaptivePath.o ../mapping/Mapping.o ../mapping/PCAVars.o ../mapping/Path.o ../mapping/PathBase.o ../mapping/PathReparameterization.o ../mapping/PathTools.o ../mapping/PropertyMap.o ../mapping/SpathVessel.o ../mapping/TrigonometricPathVessel.o ../mapping/ZpathVessel.o ../molfile/crdplugin.o ../molfile/dcdplugin.o ../molfile/gromacsplugin.o ../molfile/pdbplugin.o ../multicolvar/ActionVolume.o ../multicolvar/AlphaBeta.o ../multicolvar/Angles.o ../multicolvar/AtomValuePack.o ../multicolvar/Bridge.o ../multicolvar/BridgedMultiColvarFunction.o ../multicolvar/CatomPack.o ../multicolvar/CenterOfMultiColvar.o ../multicolvar/CoordinationNumbers.o ../multicolvar/Density.o ../multicolvar/DihedralCorrelation.o ../multicolvar/DistanceFromContour.o ../multicolvar/Distances.o ../multicolvar/DumpMultiColvar.o ../multicolvar/FilterBetween.o ../multicolvar/FilterLessThan.o ../multicolvar/FilterMoreThan.o ../multicolvar/InPlaneDistances.o ../multicolvar/LocalAverage.o ../multicolvar/MultiColvarBase.o ../multicolvar/MultiColvarCombine.o ../multicolvar/MultiColvarDensity.o ../multicolvar/MultiColvarFilter.o ../multicolvar/MultiColvarProduct.o ../multicolvar/NumberOfLinks.o ../multicolvar/Torsions.o ../multicolvar/VolumeAround.o ../multicolvar/VolumeBetweenContours.o ../multicolvar/VolumeCavity.o ../multicolvar/VolumeGradientBase.o ../multicolvar/VolumeInCylinder.o ../multicolvar/VolumeInSphere.o ../multicolvar/VolumeTetrapore.o ../multicolvar/XAngle.o ../multicolvar/XDistances.o ../multicolvar/XYDistances.o ../multicolvar/XYTorsion.o ../reference/ArgumentOnlyDistance.o ../reference/DRMSD.o ../reference/Direction.o ../reference/DotProductDistance.o ../reference/EuclideanDistance.o ../reference/FakeFrame.o ../reference/IntermolecularDRMSD.o ../reference/IntramolecularDRMSD.o ../reference/MahalanobisDistance.o ../reference/MetricRegister.o ../reference/MultiDomainRMSD.o ../reference/NormalizedEuclideanDistance.o ../reference/OptimalRMSD.o ../reference/RMSDBase.o ../reference/ReferenceArguments.o ../reference/ReferenceAtoms.o ../reference/ReferenceConfiguration.o ../reference/ReferenceValuePack.o ../reference/SimpleRMSD.o ../reference/SingleDomainRMSD.o ../secondarystructure/AlphaRMSD.o ../secondarystructure/AntibetaRMSD.o ../secondarystructure/ParabetaRMSD.o ../secondarystructure/SecondaryStructureRMSD.o ../setup/Load.o ../setup/MolInfo.o ../setup/Restart.o ../setup/Units.o ../tools/Angle.o ../tools/AtomNumber.o ../tools/BiasRepresentation.o ../tools/Brent1DRootSearch.o ../tools/Citations.o ../tools/Communicator.o ../tools/ConjugateGradient.o ../tools/DLLoader.o ../tools/DynamicList.o ../tools/ERMSD.o ../tools/Exception.o ../tools/FileBase.o ../tools/ForwardDecl.o ../tools/Grid.o ../tools/HistogramBead.o ../tools/IFile.o ../tools/KernelFunctions.o ../tools/Keywords.o ../tools/LatticeReduction.o ../tools/LinkCells.o ../tools/Log.o ../tools/LoopUnroller.o ../tools/Matrix.o ../tools/MatrixSquareBracketsAccess.o ../tools/Minimise1DBrent.o ../tools/MinimiseBase.o ../tools/MolDataClass.o ../tools/MultiValue.o ../tools/NeighborList.o ../tools/OFile.o ../tools/OpenMP.o ../tools/PDB.o ../tools/Pbc.o ../tools/PlumedHandle.o ../tools/RMSD.o ../tools/Random.o ../tools/RootFindingBase.o ../tools/Stopwatch.o ../tools/Subprocess.o ../tools/SwitchingFunction.o ../tools/Tensor.o ../tools/Tools.o ../tools/Torsion.o ../tools/Units.o ../tools/Vector.o ../tools/h36.o ../vatom/ActionWithVirtualAtom.o ../vatom/Center.o ../vatom/FixedAtom.o ../vatom/Ghost.o ../vesselbase/ActionWithAveraging.o ../vesselbase/ActionWithInputVessel.o ../vesselbase/ActionWithVessel.o ../vesselbase/AltMin.o ../vesselbase/AveragingVessel.o ../vesselbase/Between.o ../vesselbase/BridgeVessel.o ../vesselbase/FunctionVessel.o ../vesselbase/Highest.o ../vesselbase/Histogram.o ../vesselbase/LessThan.o ../vesselbase/Lowest.o ../vesselbase/Max.o ../vesselbase/Mean.o ../vesselbase/Min.o ../vesselbase/Moments.o ../vesselbase/MoreThan.o ../vesselbase/OrderingVessel.o ../vesselbase/PNorm.o ../vesselbase/ShortcutVessel.o ../vesselbase/StoreDataVessel.o ../vesselbase/Sum.o ../vesselbase/ValueVessel.o ../vesselbase/Vessel.o ../vesselbase/VesselRegister.o ../config/ConfigInstall.o -Wl,-soname,"libplumedKernel.so" -lstdc++ -lgsl -lz -ldl -lmkl_intel_lp64 -lmkl_sequential -lmkl_core -lpthread -lm -ldl -L/opt/intel/oneapi/mkl/latest/lib/intel64 -rdynamic -Wl,-Bsymbolic -fopenmp
	mkdir -p install
	mpicxx -shared -o install/libplumed.so ../wrapper/PlumedStatic.o install/libplumedKernel.so -Wl,-soname,"libplumed.so"
	mpicxx -O3 -fPIC -fPIC -Wall -pedantic -std=c++11  ../main/main.o ../wrapper/PlumedStatic.o install/libplumedKernel.so -o install/plumed -ldl
	mpicxx -O3 -fPIC -fPIC -Wall -pedantic -std=c++11  ../main/main.o ../wrapper/Plumed.o -o install/plumed-runtime -ldl
	mkdir -p install
	ar cr install/libplumedWrapper.a ../wrapper/Plumed.o
	Building Plumed.inc, runtime-linking version
	Building Plumed.inc, shared version
	Building Plumed.cmake, runtime-linking version
	Building Plumed.cmake, shared version
	make[6]: Leaving directory '/opt/plumed2_cvhd/src/lib'
	make[5]: Leaving directory '/opt/plumed2_cvhd/src/lib'
	make PLUMED_INSTALL=Install install/kernel.o
	make[5]: Entering directory '/opt/plumed2_cvhd/src/lib'
	ld -r -o install/kernel.o ../analysis/AnalysisBase.o ../analysis/Average.o ../analysis/AverageVessel.o ../analysis/Committor.o ../analysis/DataCollectionObject.o ../analysis/EuclideanDissimilarityMatrix.o ../analysis/FarthestPointSampling.o ../analysis/Histogram.o ../analysis/LandmarkSelectionBase.o ../analysis/LandmarkStaged.o ../analysis/OutputColvarFile.o ../analysis/OutputPDBFile.o ../analysis/PrintDissimilarityMatrix.o ../analysis/ReadAnalysisFrames.o ../analysis/ReadDissimilarityMatrix.o ../analysis/ReselectLandmarks.o ../analysis/SelectRandomFrames.o ../analysis/SelectWithStride.o ../analysis/WhamHistogram.o ../analysis/WhamWeights.o ../asmjit/arch.o ../asmjit/assembler.o ../asmjit/codebuilder.o ../asmjit/codecompiler.o ../asmjit/codeemitter.o ../asmjit/codeholder.o ../asmjit/constpool.o ../asmjit/cpuinfo.o ../asmjit/func.o ../asmjit/globals.o ../asmjit/inst.o ../asmjit/logging.o ../asmjit/operand.o ../asmjit/osutils.o ../asmjit/regalloc.o ../asmjit/runtime.o ../asmjit/string.o ../asmjit/utils.o ../asmjit/vmem.o ../asmjit/x86assembler.o ../asmjit/x86builder.o ../asmjit/x86compiler.o ../asmjit/x86inst.o ../asmjit/x86instimpl.o ../asmjit/x86internal.o ../asmjit/x86logging.o ../asmjit/x86operand.o ../asmjit/x86operand_regs.o ../asmjit/x86regalloc.o ../asmjit/zone.o ../bias/ABMD.o ../bias/Bias.o ../bias/BiasValue.o ../bias/ExtendedLagrangian.o ../bias/External.o ../bias/LWalls.o ../bias/MaxEnt.o ../bias/MetaD.o ../bias/MovingRestraint.o ../bias/PBMetaD.o ../bias/Restraint.o ../bias/ReweightBase.o ../bias/ReweightBias.o ../bias/ReweightMetad.o ../bias/ReweightTemperaturePressure.o ../bias/ReweightWham.o ../bias/UWalls.o ../blas/blas.o ../cltools/CLTool.o ../cltools/Completion.o ../cltools/Driver.o ../cltools/DriverDouble.o ../cltools/DriverFloat.o ../cltools/GenTemplate.o ../cltools/Info.o ../cltools/Manual.o ../cltools/PdbRenumber.o ../cltools/SimpleMD.o ../cltools/SumHills.o ../cltools/kT.o ../cltools/pesmd.o ../colvar/Angle.o ../colvar/Cell.o ../colvar/Colvar.o ../colvar/Constant.o ../colvar/ContactMap.o ../colvar/Coordination.o ../colvar/CoordinationBase.o ../colvar/DHEnergy.o ../colvar/DRMSD.o ../colvar/Dimer.o ../colvar/Dipole.o ../colvar/Distance.o ../colvar/EEFSolv.o ../colvar/ERMSD.o ../colvar/Energy.o ../colvar/ExtraCV.o ../colvar/Fake.o ../colvar/Gyration.o ../colvar/MultiRMSD.o ../colvar/PCARMSD.o ../colvar/PathMSD.o ../colvar/PathMSDBase.o ../colvar/Position.o ../colvar/PropertyMap.o ../colvar/Puckering.o ../colvar/RMSD.o ../colvar/Template.o ../colvar/Torsion.o ../colvar/Volume.o ../core/Action.o ../core/ActionAnyorder.o ../core/ActionAtomistic.o ../core/ActionPilot.o ../core/ActionRegister.o ../core/ActionSet.o ../core/ActionSetup.o ../core/ActionShortcut.o ../core/ActionWithArguments.o ../core/ActionWithValue.o ../core/ActionWithVirtualAtom.o ../core/Atoms.o ../core/CLTool.o ../core/CLToolMain.o ../core/CLToolRegister.o ../core/Colvar.o ../core/DataFetchingObject.o ../core/ExchangePatterns.o ../core/FlexibleBin.o ../core/GREX.o ../core/MDAtoms.o ../core/PlumedMain.o ../core/PlumedMainInitializer.o ../core/SetupMolInfo.o ../core/TargetDist.o ../core/Value.o ../core/WithCmd.o ../cvhd/AngleSwitch.o ../cvhd/BondRotate.o ../cvhd/CVHD.o ../cvhd/GlobalDistortion.o ../function/Combine.o ../function/Custom.o ../function/Ensemble.o ../function/FuncPathMSD.o ../function/FuncSumHills.o ../function/Function.o ../function/LocalEnsemble.o ../function/Piecewise.o ../function/Sort.o ../function/Stats.o ../function/Target.o ../generic/Debug.o ../generic/DumpAtoms.o ../generic/DumpDerivatives.o ../generic/DumpForces.o ../generic/DumpMassCharge.o ../generic/DumpProjections.o ../generic/EffectiveEnergyDrift.o ../generic/EndPlumed.o ../generic/FitToTemplate.o ../generic/Flush.o ../generic/Group.o ../generic/Include.o ../generic/Plumed.o ../generic/Print.o ../generic/RandomExchanges.o ../generic/Read.o ../generic/ResetCell.o ../generic/Time.o ../generic/UpdateIf.o ../generic/WholeMolecules.o ../generic/WrapAround.o ../gridtools/ActionWithGrid.o ../gridtools/ActionWithInputGrid.o ../gridtools/ActionWithIntegral.o ../gridtools/AverageOnGrid.o ../gridtools/ContourFindingBase.o ../gridtools/ConvertToFES.o ../gridtools/DumpCube.o ../gridtools/DumpGrid.o ../gridtools/FindContour.o ../gridtools/FindContourSurface.o ../gridtools/FindSphericalContour.o ../gridtools/FourierTransform.o ../gridtools/GridPrintingBase.o ../gridtools/GridSearch.o ../gridtools/GridToXYZ.o ../gridtools/GridVessel.o ../gridtools/HistogramOnGrid.o ../gridtools/IntegrateGrid.o ../gridtools/InterpolateGrid.o ../isdb/CS2Backbone.o ../isdb/Caliber.o ../isdb/EMMI.o ../isdb/FretEfficiency.o ../isdb/Jcoupling.o ../isdb/Metainference.o ../isdb/MetainferenceBase.o ../isdb/NOE.o ../isdb/PRE.o ../isdb/RDC.o ../isdb/Rescale.o ../isdb/SAXS.o ../isdb/Select.o ../isdb/Selector.o ../lapack/lapack.o ../lepton/CompiledExpression.o ../lepton/ExpressionProgram.o ../lepton/ExpressionTreeNode.o ../lepton/Operation.o ../lepton/ParsedExpression.o ../lepton/Parser.o ../mapping/AdaptivePath.o ../mapping/Mapping.o ../mapping/PCAVars.o ../mapping/Path.o ../mapping/PathBase.o ../mapping/PathReparameterization.o ../mapping/PathTools.o ../mapping/PropertyMap.o ../mapping/SpathVessel.o ../mapping/TrigonometricPathVessel.o ../mapping/ZpathVessel.o ../molfile/crdplugin.o ../molfile/dcdplugin.o ../molfile/gromacsplugin.o ../molfile/pdbplugin.o ../multicolvar/ActionVolume.o ../multicolvar/AlphaBeta.o ../multicolvar/Angles.o ../multicolvar/AtomValuePack.o ../multicolvar/Bridge.o ../multicolvar/BridgedMultiColvarFunction.o ../multicolvar/CatomPack.o ../multicolvar/CenterOfMultiColvar.o ../multicolvar/CoordinationNumbers.o ../multicolvar/Density.o ../multicolvar/DihedralCorrelation.o ../multicolvar/DistanceFromContour.o ../multicolvar/Distances.o ../multicolvar/DumpMultiColvar.o ../multicolvar/FilterBetween.o ../multicolvar/FilterLessThan.o ../multicolvar/FilterMoreThan.o ../multicolvar/InPlaneDistances.o ../multicolvar/LocalAverage.o ../multicolvar/MultiColvarBase.o ../multicolvar/MultiColvarCombine.o ../multicolvar/MultiColvarDensity.o ../multicolvar/MultiColvarFilter.o ../multicolvar/MultiColvarProduct.o ../multicolvar/NumberOfLinks.o ../multicolvar/Torsions.o ../multicolvar/VolumeAround.o ../multicolvar/VolumeBetweenContours.o ../multicolvar/VolumeCavity.o ../multicolvar/VolumeGradientBase.o ../multicolvar/VolumeInCylinder.o ../multicolvar/VolumeInSphere.o ../multicolvar/VolumeTetrapore.o ../multicolvar/XAngle.o ../multicolvar/XDistances.o ../multicolvar/XYDistances.o ../multicolvar/XYTorsion.o ../reference/ArgumentOnlyDistance.o ../reference/DRMSD.o ../reference/Direction.o ../reference/DotProductDistance.o ../reference/EuclideanDistance.o ../reference/FakeFrame.o ../reference/IntermolecularDRMSD.o ../reference/IntramolecularDRMSD.o ../reference/MahalanobisDistance.o ../reference/MetricRegister.o ../reference/MultiDomainRMSD.o ../reference/NormalizedEuclideanDistance.o ../reference/OptimalRMSD.o ../reference/RMSDBase.o ../reference/ReferenceArguments.o ../reference/ReferenceAtoms.o ../reference/ReferenceConfiguration.o ../reference/ReferenceValuePack.o ../reference/SimpleRMSD.o ../reference/SingleDomainRMSD.o ../secondarystructure/AlphaRMSD.o ../secondarystructure/AntibetaRMSD.o ../secondarystructure/ParabetaRMSD.o ../secondarystructure/SecondaryStructureRMSD.o ../setup/Load.o ../setup/MolInfo.o ../setup/Restart.o ../setup/Units.o ../tools/Angle.o ../tools/AtomNumber.o ../tools/BiasRepresentation.o ../tools/Brent1DRootSearch.o ../tools/Citations.o ../tools/Communicator.o ../tools/ConjugateGradient.o ../tools/DLLoader.o ../tools/DynamicList.o ../tools/ERMSD.o ../tools/Exception.o ../tools/FileBase.o ../tools/ForwardDecl.o ../tools/Grid.o ../tools/HistogramBead.o ../tools/IFile.o ../tools/KernelFunctions.o ../tools/Keywords.o ../tools/LatticeReduction.o ../tools/LinkCells.o ../tools/Log.o ../tools/LoopUnroller.o ../tools/Matrix.o ../tools/MatrixSquareBracketsAccess.o ../tools/Minimise1DBrent.o ../tools/MinimiseBase.o ../tools/MolDataClass.o ../tools/MultiValue.o ../tools/NeighborList.o ../tools/OFile.o ../tools/OpenMP.o ../tools/PDB.o ../tools/Pbc.o ../tools/PlumedHandle.o ../tools/RMSD.o ../tools/Random.o ../tools/RootFindingBase.o ../tools/Stopwatch.o ../tools/Subprocess.o ../tools/SwitchingFunction.o ../tools/Tensor.o ../tools/Tools.o ../tools/Torsion.o ../tools/Units.o ../tools/Vector.o ../tools/h36.o ../vatom/ActionWithVirtualAtom.o ../vatom/Center.o ../vatom/FixedAtom.o ../vatom/Ghost.o ../vesselbase/ActionWithAveraging.o ../vesselbase/ActionWithInputVessel.o ../vesselbase/ActionWithVessel.o ../vesselbase/AltMin.o ../vesselbase/AveragingVessel.o ../vesselbase/Between.o ../vesselbase/BridgeVessel.o ../vesselbase/FunctionVessel.o ../vesselbase/Highest.o ../vesselbase/Histogram.o ../vesselbase/LessThan.o ../vesselbase/Lowest.o ../vesselbase/Max.o ../vesselbase/Mean.o ../vesselbase/Min.o ../vesselbase/Moments.o ../vesselbase/MoreThan.o ../vesselbase/OrderingVessel.o ../vesselbase/PNorm.o ../vesselbase/ShortcutVessel.o ../vesselbase/StoreDataVessel.o ../vesselbase/Sum.o ../vesselbase/ValueVessel.o ../vesselbase/Vessel.o ../vesselbase/VesselRegister.o ../config/ConfigInstall.o
	make[5]: Leaving directory '/opt/plumed2_cvhd/src/lib'
	make PLUMED_INSTALL=Install install/libplumed.a
	make[5]: Entering directory '/opt/plumed2_cvhd/src/lib'
	rm -f install/libplumed.a
	ar cr install/libplumed.a install/kernel.o ../wrapper/PlumedStatic.o
	make[5]: Leaving directory '/opt/plumed2_cvhd/src/lib'
	make[4]: Leaving directory '/opt/plumed2_cvhd/src/lib'
	make[3]: Leaving directory '/opt/plumed2_cvhd/src/lib'
	make[2]: Leaving directory '/opt/plumed2_cvhd/src'
	make[1]: Leaving directory '/opt/plumed2_cvhd'
	make -C vim
	make[1]: Entering directory '/opt/plumed2_cvhd/vim'
	./vimsyntax.sh
	make[1]: Leaving directory '/opt/plumed2_cvhd/vim'
	make -C python
	make[1]: Entering directory '/opt/plumed2_cvhd/python'
	Python support was not configure
	make[1]: Leaving directory '/opt/plumed2_cvhd/python'
	make -C src install
	make[1]: Entering directory '/opt/plumed2_cvhd/src'
	make -C lib install
	make[2]: Entering directory '/opt/plumed2_cvhd/src/lib'
	cd ../config ; make
	make[3]: Entering directory '/opt/plumed2_cvhd/src/config'
	make PLUMED_FORCE=yes ConfigInstall.inc Config.inc version.h config.txt
	make[4]: Entering directory '/opt/plumed2_cvhd/src/config'
	Updating ConfigInstall.inc
	cmp -s ConfigInstall.inc~ ConfigInstall.inc || cp ConfigInstall.inc~ ConfigInstall.inc
	rm ConfigInstall.inc~
	Updating Config.inc
	cmp -s Config.inc~ Config.inc || cp Config.inc~ Config.inc
	rm Config.inc~
	Updating version.h
	make[4]: 'config.txt' is up to date.
	make[4]: Leaving directory '/opt/plumed2_cvhd/src/config'
	make Config.o ConfigInstall.o compile_options.sh
	make[4]: Entering directory '/opt/plumed2_cvhd/src/config'
	make[4]: 'Config.o' is up to date.
	make[4]: 'ConfigInstall.o' is up to date.
	make[4]: 'compile_options.sh' is up to date.
	make[4]: Leaving directory '/opt/plumed2_cvhd/src/config'
	make[3]: Leaving directory '/opt/plumed2_cvhd/src/config'
	# make uninstall
	mkdir -p "/opt/plumed_cvhd/bin"
	mkdir -p "/opt/plumed_cvhd/lib"
	mkdir -p "/opt/plumed_cvhd/lib/pkgconfig"
	mkdir -p "/opt/plumed_cvhd/include/plumed"
	mkdir -p "/opt/plumed_cvhd/lib/plumed/obj"
	mkdir -p "/opt/plumed_cvhd/lib/plumed/src/lib"
	mkdir -p "/opt/plumed_cvhd/lib/plumed/src/config"
	mkdir -p "/opt/plumed_cvhd/lib/plumed/src/colvar"
	make install-build
	make[3]: Entering directory '/opt/plumed2_cvhd/src/lib'
	mkdir -p install/
	make PLUMED_INSTALL=Install all
	make[4]: Entering directory '/opt/plumed2_cvhd/src/lib'
	make dirslinks
	make[5]: Entering directory '/opt/plumed2_cvhd/src/lib'
	*** Updating links to used modules in all directories ***
	make ../analysis.links ../asmjit.links ../bias.links ../blas.links ../cltools.links ../colvar.links ../config.links ../core.links ../cvhd.links ../function.links ../generic.links ../gridtools.links ../isdb.links ../lapack.links ../lepton.links ../main.links ../mapping.links ../molfile.links ../multicolvar.links ../reference.links ../secondarystructure.links ../setup.links ../tools.links ../vatom.links ../vesselbase.links ../wrapper.links
	make[6]: Entering directory '/opt/plumed2_cvhd/src/lib'
	make -C ../analysis links
	make[7]: Entering directory '/opt/plumed2_cvhd/src/analysis'
	Verify modules and create links in /opt/plumed2_cvhd/src/analysis
	make[7]: Leaving directory '/opt/plumed2_cvhd/src/analysis'
	make -C ../asmjit links
	make[7]: Entering directory '/opt/plumed2_cvhd/src/asmjit'
	Verify modules and create links in /opt/plumed2_cvhd/src/asmjit
	make[7]: Leaving directory '/opt/plumed2_cvhd/src/asmjit'
	make -C ../bias links
	make[7]: Entering directory '/opt/plumed2_cvhd/src/bias'
	Verify modules and create links in /opt/plumed2_cvhd/src/bias
	make[7]: Leaving directory '/opt/plumed2_cvhd/src/bias'
	make -C ../blas links
	make[7]: Entering directory '/opt/plumed2_cvhd/src/blas'
	Verify modules and create links in /opt/plumed2_cvhd/src/blas
	make[7]: Leaving directory '/opt/plumed2_cvhd/src/blas'
	make -C ../cltools links
	make[7]: Entering directory '/opt/plumed2_cvhd/src/cltools'
	Verify modules and create links in /opt/plumed2_cvhd/src/cltools
	make[7]: Leaving directory '/opt/plumed2_cvhd/src/cltools'
	make -C ../colvar links
	make[7]: Entering directory '/opt/plumed2_cvhd/src/colvar'
	Verify modules and create links in /opt/plumed2_cvhd/src/colvar
	make[7]: Leaving directory '/opt/plumed2_cvhd/src/colvar'
	make -C ../config links
	make[7]: Entering directory '/opt/plumed2_cvhd/src/config'
	Nothing to do in /opt/plumed2_cvhd/src/config
	make[7]: Leaving directory '/opt/plumed2_cvhd/src/config'
	make -C ../core links
	make[7]: Entering directory '/opt/plumed2_cvhd/src/core'
	Verify modules and create links in /opt/plumed2_cvhd/src/core
	make[7]: Leaving directory '/opt/plumed2_cvhd/src/core'
	make -C ../cvhd links
	make[7]: Entering directory '/opt/plumed2_cvhd/src/cvhd'
	Verify modules and create links in /opt/plumed2_cvhd/src/cvhd
	make[7]: Leaving directory '/opt/plumed2_cvhd/src/cvhd'
	make -C ../function links
	make[7]: Entering directory '/opt/plumed2_cvhd/src/function'
	Verify modules and create links in /opt/plumed2_cvhd/src/function
	make[7]: Leaving directory '/opt/plumed2_cvhd/src/function'
	make -C ../generic links
	make[7]: Entering directory '/opt/plumed2_cvhd/src/generic'
	Verify modules and create links in /opt/plumed2_cvhd/src/generic
	make[7]: Leaving directory '/opt/plumed2_cvhd/src/generic'
	make -C ../gridtools links
	make[7]: Entering directory '/opt/plumed2_cvhd/src/gridtools'
	Verify modules and create links in /opt/plumed2_cvhd/src/gridtools
	make[7]: Leaving directory '/opt/plumed2_cvhd/src/gridtools'
	make -C ../isdb links
	make[7]: Entering directory '/opt/plumed2_cvhd/src/isdb'
	Verify modules and create links in /opt/plumed2_cvhd/src/isdb
	make[7]: Leaving directory '/opt/plumed2_cvhd/src/isdb'
	make -C ../lapack links
	make[7]: Entering directory '/opt/plumed2_cvhd/src/lapack'
	Verify modules and create links in /opt/plumed2_cvhd/src/lapack
	make[7]: Leaving directory '/opt/plumed2_cvhd/src/lapack'
	make -C ../lepton links
	make[7]: Entering directory '/opt/plumed2_cvhd/src/lepton'
	Verify modules and create links in /opt/plumed2_cvhd/src/lepton
	make[7]: Leaving directory '/opt/plumed2_cvhd/src/lepton'
	make -C ../main links
	make[7]: Entering directory '/opt/plumed2_cvhd/src/main'
	Verify modules and create links in /opt/plumed2_cvhd/src/main
	make[7]: Leaving directory '/opt/plumed2_cvhd/src/main'
	make -C ../mapping links
	make[7]: Entering directory '/opt/plumed2_cvhd/src/mapping'
	Verify modules and create links in /opt/plumed2_cvhd/src/mapping
	make[7]: Leaving directory '/opt/plumed2_cvhd/src/mapping'
	make -C ../molfile links
	make[7]: Entering directory '/opt/plumed2_cvhd/src/molfile'
	Verify modules and create links in /opt/plumed2_cvhd/src/molfile
	make[7]: Leaving directory '/opt/plumed2_cvhd/src/molfile'
	make -C ../multicolvar links
	make[7]: Entering directory '/opt/plumed2_cvhd/src/multicolvar'
	Verify modules and create links in /opt/plumed2_cvhd/src/multicolvar
	make[7]: Leaving directory '/opt/plumed2_cvhd/src/multicolvar'
	make -C ../reference links
	make[7]: Entering directory '/opt/plumed2_cvhd/src/reference'
	Verify modules and create links in /opt/plumed2_cvhd/src/reference
	make[7]: Leaving directory '/opt/plumed2_cvhd/src/reference'
	make -C ../secondarystructure links
	make[7]: Entering directory '/opt/plumed2_cvhd/src/secondarystructure'
	Verify modules and create links in /opt/plumed2_cvhd/src/secondarystructure
	make[7]: Leaving directory '/opt/plumed2_cvhd/src/secondarystructure'
	make -C ../setup links
	make[7]: Entering directory '/opt/plumed2_cvhd/src/setup'
	Verify modules and create links in /opt/plumed2_cvhd/src/setup
	make[7]: Leaving directory '/opt/plumed2_cvhd/src/setup'
	make -C ../tools links
	make[7]: Entering directory '/opt/plumed2_cvhd/src/tools'
	Verify modules and create links in /opt/plumed2_cvhd/src/tools
	make[7]: Leaving directory '/opt/plumed2_cvhd/src/tools'
	make -C ../vatom links
	make[7]: Entering directory '/opt/plumed2_cvhd/src/vatom'
	Verify modules and create links in /opt/plumed2_cvhd/src/vatom
	make[7]: Leaving directory '/opt/plumed2_cvhd/src/vatom'
	make -C ../vesselbase links
	make[7]: Entering directory '/opt/plumed2_cvhd/src/vesselbase'
	Verify modules and create links in /opt/plumed2_cvhd/src/vesselbase
	make[7]: Leaving directory '/opt/plumed2_cvhd/src/vesselbase'
	make -C ../wrapper links
	make[7]: Entering directory '/opt/plumed2_cvhd/src/wrapper'
	Nothing to do in /opt/plumed2_cvhd/src/wrapper
	make[7]: Leaving directory '/opt/plumed2_cvhd/src/wrapper'
	make[6]: Leaving directory '/opt/plumed2_cvhd/src/lib'
	make[5]: Leaving directory '/opt/plumed2_cvhd/src/lib'
	make dirs
	make[5]: Entering directory '/opt/plumed2_cvhd/src/lib'
	*** Compiling all directories ***
	make ../analysis ../asmjit ../bias ../blas ../cltools ../colvar ../config ../core ../cvhd ../function ../generic ../gridtools ../isdb ../lapack ../lepton ../main ../mapping ../molfile ../multicolvar ../reference ../secondarystructure ../setup ../tools ../vatom ../vesselbase ../wrapper
	make[6]: Entering directory '/opt/plumed2_cvhd/src/lib'
	make -C ../analysis obj
	make[7]: Entering directory '/opt/plumed2_cvhd/src/analysis'
	make[7]: Nothing to be done for 'obj'.
	make[7]: Leaving directory '/opt/plumed2_cvhd/src/analysis'
	make -C ../asmjit obj
	make[7]: Entering directory '/opt/plumed2_cvhd/src/asmjit'
	make[7]: Nothing to be done for 'obj'.
	make[7]: Leaving directory '/opt/plumed2_cvhd/src/asmjit'
	make -C ../bias obj
	make[7]: Entering directory '/opt/plumed2_cvhd/src/bias'
	make[7]: Nothing to be done for 'obj'.
	make[7]: Leaving directory '/opt/plumed2_cvhd/src/bias'
	make -C ../blas obj
	make[7]: Entering directory '/opt/plumed2_cvhd/src/blas'
	make[7]: Nothing to be done for 'obj'.
	make[7]: Leaving directory '/opt/plumed2_cvhd/src/blas'
	make -C ../cltools obj
	make[7]: Entering directory '/opt/plumed2_cvhd/src/cltools'
	make[7]: Nothing to be done for 'obj'.
	make[7]: Leaving directory '/opt/plumed2_cvhd/src/cltools'
	make -C ../colvar obj
	make[7]: Entering directory '/opt/plumed2_cvhd/src/colvar'
	make[7]: Nothing to be done for 'obj'.
	make[7]: Leaving directory '/opt/plumed2_cvhd/src/colvar'
	make -C ../config obj
	make[7]: Entering directory '/opt/plumed2_cvhd/src/config'
	make PLUMED_FORCE=yes ConfigInstall.inc Config.inc version.h config.txt
	make[8]: Entering directory '/opt/plumed2_cvhd/src/config'
	Updating ConfigInstall.inc
	cmp -s ConfigInstall.inc~ ConfigInstall.inc || cp ConfigInstall.inc~ ConfigInstall.inc
	rm ConfigInstall.inc~
	Updating Config.inc
	cmp -s Config.inc~ Config.inc || cp Config.inc~ Config.inc
	rm Config.inc~
	Updating version.h
	make[8]: 'config.txt' is up to date.
	make[8]: Leaving directory '/opt/plumed2_cvhd/src/config'
	make Config.o ConfigInstall.o compile_options.sh
	make[8]: Entering directory '/opt/plumed2_cvhd/src/config'
	make[8]: 'Config.o' is up to date.
	make[8]: 'ConfigInstall.o' is up to date.
	make[8]: 'compile_options.sh' is up to date.
	make[8]: Leaving directory '/opt/plumed2_cvhd/src/config'
	make[7]: Leaving directory '/opt/plumed2_cvhd/src/config'
	make -C ../core obj
	make[7]: Entering directory '/opt/plumed2_cvhd/src/core'
	make[7]: Nothing to be done for 'obj'.
	make[7]: Leaving directory '/opt/plumed2_cvhd/src/core'
	make -C ../cvhd obj
	make[7]: Entering directory '/opt/plumed2_cvhd/src/cvhd'
	make[7]: Nothing to be done for 'obj'.
	make[7]: Leaving directory '/opt/plumed2_cvhd/src/cvhd'
	make -C ../function obj
	make[7]: Entering directory '/opt/plumed2_cvhd/src/function'
	make[7]: Nothing to be done for 'obj'.
	make[7]: Leaving directory '/opt/plumed2_cvhd/src/function'
	make -C ../generic obj
	make[7]: Entering directory '/opt/plumed2_cvhd/src/generic'
	make[7]: Nothing to be done for 'obj'.
	make[7]: Leaving directory '/opt/plumed2_cvhd/src/generic'
	make -C ../gridtools obj
	make[7]: Entering directory '/opt/plumed2_cvhd/src/gridtools'
	make[7]: Nothing to be done for 'obj'.
	make[7]: Leaving directory '/opt/plumed2_cvhd/src/gridtools'
	make -C ../isdb obj
	make[7]: Entering directory '/opt/plumed2_cvhd/src/isdb'
	make[7]: Nothing to be done for 'obj'.
	make[7]: Leaving directory '/opt/plumed2_cvhd/src/isdb'
	make -C ../lapack obj
	make[7]: Entering directory '/opt/plumed2_cvhd/src/lapack'
	make[7]: Nothing to be done for 'obj'.
	make[7]: Leaving directory '/opt/plumed2_cvhd/src/lapack'
	make -C ../lepton obj
	make[7]: Entering directory '/opt/plumed2_cvhd/src/lepton'
	make[7]: Nothing to be done for 'obj'.
	make[7]: Leaving directory '/opt/plumed2_cvhd/src/lepton'
	make -C ../main obj
	make[7]: Entering directory '/opt/plumed2_cvhd/src/main'
	make[7]: Nothing to be done for 'obj'.
	make[7]: Leaving directory '/opt/plumed2_cvhd/src/main'
	make -C ../mapping obj
	make[7]: Entering directory '/opt/plumed2_cvhd/src/mapping'
	make[7]: Nothing to be done for 'obj'.
	make[7]: Leaving directory '/opt/plumed2_cvhd/src/mapping'
	make -C ../molfile obj
	make[7]: Entering directory '/opt/plumed2_cvhd/src/molfile'
	make[7]: Nothing to be done for 'obj'.
	make[7]: Leaving directory '/opt/plumed2_cvhd/src/molfile'
	make -C ../multicolvar obj
	make[7]: Entering directory '/opt/plumed2_cvhd/src/multicolvar'
	make[7]: Nothing to be done for 'obj'.
	make[7]: Leaving directory '/opt/plumed2_cvhd/src/multicolvar'
	make -C ../reference obj
	make[7]: Entering directory '/opt/plumed2_cvhd/src/reference'
	make[7]: Nothing to be done for 'obj'.
	make[7]: Leaving directory '/opt/plumed2_cvhd/src/reference'
	make -C ../secondarystructure obj
	make[7]: Entering directory '/opt/plumed2_cvhd/src/secondarystructure'
	make[7]: Nothing to be done for 'obj'.
	make[7]: Leaving directory '/opt/plumed2_cvhd/src/secondarystructure'
	make -C ../setup obj
	make[7]: Entering directory '/opt/plumed2_cvhd/src/setup'
	make[7]: Nothing to be done for 'obj'.
	make[7]: Leaving directory '/opt/plumed2_cvhd/src/setup'
	make -C ../tools obj
	make[7]: Entering directory '/opt/plumed2_cvhd/src/tools'
	make[7]: Nothing to be done for 'obj'.
	make[7]: Leaving directory '/opt/plumed2_cvhd/src/tools'
	make -C ../vatom obj
	make[7]: Entering directory '/opt/plumed2_cvhd/src/vatom'
	make[7]: Nothing to be done for 'obj'.
	make[7]: Leaving directory '/opt/plumed2_cvhd/src/vatom'
	make -C ../vesselbase obj
	make[7]: Entering directory '/opt/plumed2_cvhd/src/vesselbase'
	make[7]: Nothing to be done for 'obj'.
	make[7]: Leaving directory '/opt/plumed2_cvhd/src/vesselbase'
	make -C ../wrapper obj
	make[7]: Entering directory '/opt/plumed2_cvhd/src/wrapper'
	make[7]: Nothing to be done for 'obj'.
	make[7]: Leaving directory '/opt/plumed2_cvhd/src/wrapper'
	make[6]: Leaving directory '/opt/plumed2_cvhd/src/lib'
	make[5]: Leaving directory '/opt/plumed2_cvhd/src/lib'
	make lib
	make[5]: Entering directory '/opt/plumed2_cvhd/src/lib'
	Building Plumed.inc
	Building Plumed.inc, static version
	Building Plumed.cmake
	Building Plumed.cmake, static version
	chmod a+x install/plumed-config
	chmod a+x install/plumed-mklib
	chmod a+x install/plumed-newcv
	chmod a+x install/plumed-partial_tempering
	chmod a+x install/plumed-patch
	chmod a+x install/plumed-selector
	chmod a+x install/plumed-vim2html
	Building Plumed.inc, runtime-linking version
	Building Plumed.inc, shared version
	Building Plumed.cmake, runtime-linking version
	Building Plumed.cmake, shared version
	make[5]: Leaving directory '/opt/plumed2_cvhd/src/lib'
	make[4]: Leaving directory '/opt/plumed2_cvhd/src/lib'
	make PLUMED_INSTALL=Install install/kernel.o
	make[4]: Entering directory '/opt/plumed2_cvhd/src/lib'
	make[4]: 'install/kernel.o' is up to date.
	make[4]: Leaving directory '/opt/plumed2_cvhd/src/lib'
	make PLUMED_INSTALL=Install install/libplumed.a
	make[4]: Entering directory '/opt/plumed2_cvhd/src/lib'
	make[4]: 'install/libplumed.a' is up to date.
	make[4]: Leaving directory '/opt/plumed2_cvhd/src/lib'
	make[3]: Leaving directory '/opt/plumed2_cvhd/src/lib'
	make install-html
	make[3]: Entering directory '/opt/plumed2_cvhd/src/lib'
	if test -d ../../user-doc/html ; then mkdir -p "/opt/plumed_cvhd/share/doc/plumed" && cd ../../ && tar cf - user-doc/html | tar xf - -C "/opt/plumed_cvhd/share/doc/plumed/" ; fi
	if test -d ../../developer-doc/html ; then mkdir -p "/opt/plumed_cvhd/share/doc/plumed" && cd ../../ && tar cf - developer-doc/html | tar xf - -C "/opt/plumed_cvhd/share/doc/plumed/" ; fi
	if test -d ../../developer-doc/coverage ; then mkdir -p "/opt/plumed_cvhd/share/doc/plumed" && cd ../../ && tar cf - developer-doc/coverage | tar xf - -C "/opt/plumed_cvhd/share/doc/plumed/" ; fi
	if test -f ../../user-doc/manual.pdf ; then mkdir -p "/opt/plumed_cvhd/share/doc/plumed/user-doc" && cp ../../user-doc/manual.pdf "/opt/plumed_cvhd/share/doc/plumed/user-doc/" ; fi
	make[3]: Leaving directory '/opt/plumed2_cvhd/src/lib'
	cd ../../ ; tar cf - patches scripts | tar xf - -C "/opt/plumed_cvhd/lib/plumed/"
	cp ../colvar/Template.cpp "/opt/plumed_cvhd/lib/plumed/src/colvar/"
	grep -v "^link_uninstalled=" ../config/compile_options.sh > "/opt/plumed_cvhd/lib/plumed/src/config/compile_options.sh"
	cp ../config/config.txt "/opt/plumed_cvhd/lib/plumed/src/config/config.txt"
	cp install/libplumed.a "/opt/plumed_cvhd/lib/"
	make install-headers
	make[3]: Entering directory '/opt/plumed2_cvhd/src/lib'
	bash ../maketools/install.headers "/opt/plumed_cvhd/include/plumed/" analysis asmjit bias blas cltools colvar config core cvhd function generic gridtools isdb lapack lepton main mapping molfile multicolvar reference secondarystructure setup tools vatom vesselbase wrapper
	make[3]: Leaving directory '/opt/plumed2_cvhd/src/lib'
	cp install/"plumed" "/opt/plumed_cvhd/bin/"
	cp install/plumed-patch "/opt/plumed_cvhd/bin/plumed-patch"
	cp install/plumed-config "/opt/plumed_cvhd/bin/plumed-config"
	cp install/Plumed.cmake* "/opt/plumed_cvhd/lib/plumed/src/lib/"
	cp install/Plumed.inc* "/opt/plumed_cvhd/lib/plumed/src/lib/"
	for file in config mklib newcv partial_tempering patch selector vim2html ; do cp install/plumed-$file "/opt/plumed_cvhd/lib/plumed/plumed-$file" ; done
	cp install/lib"plumed".so "/opt/plumed_cvhd/lib/"
	cp install/lib"plumed"Kernel.so "/opt/plumed_cvhd/lib/"
	if test -e install/"plumed"-runtime ; then cp install/"plumed"-runtime "/opt/plumed_cvhd/lib/plumed/plumed-runtime" ; fi
	cp install/libplumedWrapper.a "/opt/plumed_cvhd/lib/"
	cp install/modulefile "/opt/plumed_cvhd/lib/plumed/modulefile"
	cp install/pkgconfig "/opt/plumed_cvhd/lib/pkgconfig/plumed.pc"
	cp install/pkgconfigWrapper "/opt/plumed_cvhd/lib/pkgconfig/plumedWrapper.pc"
	cp install/pkgconfigInternals "/opt/plumed_cvhd/lib/pkgconfig/plumedInternals.pc"
	if test -d ../../vim/syntax ; then mkdir -p "/opt/plumed_cvhd/lib/plumed" && cd ../../ && tar cf - vim/syntax | tar xf - -C "/opt/plumed_cvhd/lib/plumed/" ; fi
	if test -d ../../vim/help ; then mkdir -p "/opt/plumed_cvhd/lib/plumed" && cd ../../ && tar cf - vim/help | tar xf - -C "/opt/plumed_cvhd/lib/plumed/" ; fi
	if test -f ../../vim/scripts.vim ; then mkdir -p "/opt/plumed_cvhd/lib/plumed/vim" && cp ../../vim/scripts.vim  "/opt/plumed_cvhd/lib/plumed/vim/" ; fi
	chmod -R go+rX,go-w "/opt/plumed_cvhd/lib/plumed"
	chmod -R go+rX,go-w "/opt/plumed_cvhd/include/plumed"
	chmod -R go+rX,go-w "/opt/plumed_cvhd/bin/plumed"
	chmod -R go+rX,go-w "/opt/plumed_cvhd/bin/plumed-patch"
	
	*** PLUMED has been installed ***
	
	Install prefix : /opt/plumed_cvhd
	Full name      : plumed
	
	Setup your environment
	- Ensure this is in your execution path         : /opt/plumed_cvhd/bin
	- Ensure this is in your include path           : /opt/plumed_cvhd/include
	- Ensure this is in your library path           : /opt/plumed_cvhd/lib
	- Ensure this is in your PKG_CONFIG_PATH path   : /opt/plumed_cvhd/lib/pkgconfig
	For runtime binding:
	- Set this environment variable                 : PLUMED_KERNEL=/opt/plumed_cvhd/lib/libplumedKernel.so
	
	To create a tcl module that sets all the variables above, use this one as a starting point:
	/opt/plumed_cvhd/lib/plumed/modulefile
	
	To uninstall, remove the following files and directories:
	/opt/plumed_cvhd/lib/plumed
	/opt/plumed_cvhd/share/doc/plumed
	/opt/plumed_cvhd/include/plumed
	/opt/plumed_cvhd/bin/plumed
	/opt/plumed_cvhd/bin/plumed-patch
	/opt/plumed_cvhd/bin/plumed-config
	/opt/plumed_cvhd/lib/pkgconfig/plumed.pc
	/opt/plumed_cvhd/lib/libplumed.so
	/opt/plumed_cvhd/lib/libplumedKernel.so
	A vim plugin can be found here: /opt/plumed_cvhd/lib/plumed/vim/
	Copy it to /root/.vim/ directory
	Alternatively:
	- Set this environment variable         : PLUMED_VIMPATH=/opt/plumed_cvhd/lib/plumed/vim
	- Add the command 'let &runtimepath.=','.$PLUMED_VIMPATH' to your .vimrc file
	From vim, you can use :set syntax=plumed to enable it
	make[2]: Leaving directory '/opt/plumed2_cvhd/src/lib'
	make[1]: Leaving directory '/opt/plumed2_cvhd/src'
[stage-0 10/29] WORKDIR /opt
[stage-0  9/29] RUN --mount=type=cache,target=/root/.cache/uv uv pip install --system nequip nequip-allegro
[stage-0  4/29] RUN apt-get update && apt-get install -y     build-essential     cmake     git     gfortran     wget     xxd     openmpi-bin     libopenmpi-dev     libkim-api-dev     openkim-models     python3     python3-dev     python3-pip     python3.10-venv     ffmpeg     pkg-config     libhdf5-dev     libnetcdf-dev     libblas-dev     liblapack-dev     libgsl-dev     libfftw3-mpi-dev     intel-oneapi-mkl-devel     && rm -rf /var/lib/apt/lists/*
[stage-0 11/29] RUN git clone https://github.com/kbal/plumed2.git plumed2_cvhd &&     cd plumed2_cvhd &&     git checkout origin/cvhd -b cvhd
[stage-0  7/29] RUN python3 <<EOF
[stage-0  8/29] RUN --mount=type=cache,target=/root/.cache/uv     uv pip install --system ninja "triton>=3.4.0" cuequivariance-ops-torch-cu12 &&     git clone https://github.com/NVIDIA/cuEquivariance.git /opt/cuEquivariance &&     cd /opt/cuEquivariance/cuequivariance && pip install . &&     cd /opt/cuEquivariance/cuequivariance_torch && pip install . &&     rm -rf /opt/cuEquivariance
[stage-0  3/25] RUN apt-get update && apt-get install -y wget gnupg &&     wget -O- https://apt.repos.intel.com/intel-gpg-keys/GPG-PUB-KEY-INTEL-SW-PRODUCTS.PUB     | gpg --dearmor | tee /usr/share/keyrings/oneapi-archive-keyring.gpg > /dev/null &&     echo "deb [signed-by=/usr/share/keyrings/oneapi-archive-keyring.gpg] https://apt.repos.intel.com/oneapi all main"     | tee /etc/apt/sources.list.d/oneAPI.list &&     rm -rf /var/lib/apt/lists/*
[stage-0 16/29] RUN git clone -b patch_10Dec2025 --depth=1 https://github.com/lammps/lammps.git my_lammps
	Cloning into 'my_lammps'...
	Note: switching to 'cd8851c4e75c42744e221ae3c457c6e4645f0ad5'.
	
	You are in 'detached HEAD' state. You can look around, make experimental
	changes and commit them, and you can discard any commits you make in this
	state without impacting any branches by switching back to a branch.
	
	If you want to create a new branch to retain commits you create, you may
	do so (now or later) by using -c with the switch command. Example:
	
	git switch -c <new-branch-name>
	
	Or undo this operation with:
	
	git switch -
	
	Turn off this advice by setting config variable advice.detachedHead to false
	Updating files:  15% (2011/13122)Updating files:  16% (2100/13122)Updating files:  17% (2231/13122)Updating files:  18% (2362/13122)Updating files:  19% (2494/13122)Updating files:  20% (2625/13122)Updating files:  21% (2756/13122)Updating files:  22% (2887/13122)Updating files:  23% (3019/13122)Updating files:  24% (3150/13122)Updating files:  25% (3281/13122)Updating files:  26% (3412/13122)Updating files:  27% (3543/13122)Updating files:  28% (3675/13122)Updating files:  29% (3806/13122)Updating files:  30% (3937/13122)Updating files:  31% (4068/13122)Updating files:  32% (4200/13122)Updating files:  33% (4331/13122)Updating files:  34% (4462/13122)Updating files:  35% (4593/13122)Updating files:  36% (4724/13122)Updating files:  37% (4856/13122)Updating files:  38% (4987/13122)Updating files:  39% (5118/13122)Updating files:  39% (5185/13122)Updating files:  40% (5249/13122)Updating files:  41% (5381/13122)Updating files:  42% (5512/13122)Updating files:  43% (5643/13122)Updating files:  44% (5774/13122)Updating files:  45% (5905/13122)Updating files:  46% (6037/13122)Updating files:  47% (6168/13122)Updating files:  48% (6299/13122)Updating files:  49% (6430/13122)Updating files:  50% (6561/13122)Updating files:  51% (6693/13122)Updating files:  52% (6824/13122)Updating files:  53% (6955/13122)Updating files:  54% (7086/13122)Updating files:  55% (7218/13122)Updating files:  56% (7349/13122)Updating files:  57% (7480/13122)Updating files:  58% (7611/13122)Updating files:  59% (7742/13122)Updating files:  60% (7874/13122)Updating files:  61% (8005/13122)Updating files:  62% (8136/13122)Updating files:  63% (8267/13122)Updating files:  64% (8399/13122)Updating files:  65% (8530/13122)Updating files:  66% (8661/13122)Updating files:  67% (8792/13122)Updating files:  68% (8923/13122)Updating files:  69% (9055/13122)Updating files:  70% (9186/13122)Updating files:  71% (9317/13122)Updating files:  72% (9448/13122)Updating files:  73% (9580/13122)Updating files:  74% (9711/13122)Updating files:  75% (9842/13122)Updating files:  76% (9973/13122)Updating files:  77% (10104/13122)Updating files:  78% (10236/13122)Updating files:  79% (10367/13122)Updating files:  80% (10498/13122)Updating files:  81% (10629/13122)Updating files:  82% (10761/13122)Updating files:  83% (10892/13122)Updating files:  84% (11023/13122)Updating files:  85% (11154/13122)Updating files:  86% (11285/13122)Updating files:  87% (11417/13122)Updating files:  88% (11548/13122)Updating files:  89% (11679/13122)Updating files:  90% (11810/13122)Updating files:  91% (11942/13122)Updating files:  92% (12073/13122)Updating files:  93% (12204/13122)Updating files:  93% (12312/13122)Updating files:  94% (12335/13122)Updating files:  95% (12466/13122)Updating files:  96% (12598/13122)Updating files:  97% (12729/13122)Updating files:  98% (12860/13122)Updating files:  99% (12991/13122)Updating files: 100% (13122/13122)
Updating files: 100% (13122/13122), done.
[stage-0 17/29] RUN cd /opt &&     wget -q https://download.lammps.org/thirdparty/voro++-0.4.6.tar.gz &&     tar xzf voro++-0.4.6.tar.gz &&     cd voro++-0.4.6 &&     make CFLAGS="-fPIC" CXXFLAGS="-fPIC"
	make -C src
	make[1]: Entering directory '/opt/voro++-0.4.6/src'
	g++ -fPIC -c cell.cc
	g++ -fPIC -c common.cc
	g++ -fPIC -c container.cc
	g++ -fPIC -c unitcell.cc
	g++ -fPIC -c v_compute.cc
	g++ -fPIC -c c_loops.cc
	g++ -fPIC -c v_base.cc
	g++ -fPIC -c wall.cc
	g++ -fPIC -c pre_container.cc
	g++ -fPIC -c container_prd.cc
	rm -f libvoro++.a
	ar rs libvoro++.a cell.o common.o container.o unitcell.o v_compute.o c_loops.o v_base.o wall.o pre_container.o container_prd.o
	ar: creating libvoro++.a
	g++ -fPIC -L. -o voro++ cmd_line.cc -lvoro++
	make[1]: Leaving directory '/opt/voro++-0.4.6/src'
	make -C examples
	make[1]: Entering directory '/opt/voro++-0.4.6/examples'
	make -C basic
	make[2]: Entering directory '/opt/voro++-0.4.6/examples/basic'
	g++ -fPIC -I../../src -L../../src -o single_cell single_cell.cc -lvoro++
	g++ -fPIC -I../../src -L../../src -o platonic platonic.cc -lvoro++
	g++ -fPIC -I../../src -L../../src -o random_points random_points.cc -lvoro++
	g++ -fPIC -I../../src -L../../src -o import import.cc -lvoro++
	make[2]: Leaving directory '/opt/voro++-0.4.6/examples/basic'
	make -C walls
	make[2]: Entering directory '/opt/voro++-0.4.6/examples/walls'
	g++ -fPIC -I../../src -L../../src -o cylinder cylinder.cc -lvoro++
	g++ -fPIC -I../../src -L../../src -o tetrahedron tetrahedron.cc -lvoro++
	g++ -fPIC -I../../src -L../../src -o frustum frustum.cc -lvoro++
	g++ -fPIC -I../../src -L../../src -o torus torus.cc -lvoro++
	make[2]: Leaving directory '/opt/voro++-0.4.6/examples/walls'
	make -C custom
	make[2]: Entering directory '/opt/voro++-0.4.6/examples/custom'
	g++ -fPIC -I../../src -L../../src -o cell_statistics cell_statistics.cc -lvoro++
	g++ -fPIC -I../../src -L../../src -o custom_output custom_output.cc -lvoro++
	g++ -fPIC -I../../src -L../../src -o radical radical.cc -lvoro++
	make[2]: Leaving directory '/opt/voro++-0.4.6/examples/custom'
	make -C extra
	make[2]: Entering directory '/opt/voro++-0.4.6/examples/extra'
	g++ -fPIC -I../../src -L../../src -o box_cut box_cut.cc -lvoro++
	g++ -fPIC -I../../src -L../../src -o cut_region cut_region.cc -lvoro++
	g++ -fPIC -I../../src -L../../src -o superellipsoid superellipsoid.cc -lvoro++
	g++ -fPIC -I../../src -L../../src -o irregular irregular.cc -lvoro++
	make[2]: Leaving directory '/opt/voro++-0.4.6/examples/extra'
	make -C degenerate
	make[2]: Entering directory '/opt/voro++-0.4.6/examples/degenerate'
	g++ -fPIC -I../../src -L../../src -o degenerate degenerate.cc -lvoro++
	g++ -fPIC -I../../src -L../../src -o degenerate2 degenerate2.cc -lvoro++
	make[2]: Leaving directory '/opt/voro++-0.4.6/examples/degenerate'
	make -C interface
	make[2]: Entering directory '/opt/voro++-0.4.6/examples/interface'
	g++ -fPIC -I../../src -L../../src -o loops loops.cc -lvoro++
	g++ -fPIC -I../../src -L../../src -o polygons polygons.cc -lvoro++
	g++ -fPIC -I../../src -L../../src -o odd_even odd_even.cc -lvoro++
	g++ -fPIC -I../../src -L../../src -o find_voro_cell find_voro_cell.cc -lvoro++
	make[2]: Leaving directory '/opt/voro++-0.4.6/examples/interface'
	make[1]: Leaving directory '/opt/voro++-0.4.6/examples'
[stage-0 18/29] RUN cd /opt &&     git clone --depth=1 https://github.com/mir-group/pair_nequip_allegro.git &&     cd pair_nequip_allegro &&     ./patch_lammps.sh /opt/my_lammps
	Cloning into 'pair_nequip_allegro'...
	Copying files...
	Updating CMakeLists.txt...
	Done!
[stage-0 19/29] COPY fix_timeboost.cpp /opt/my_lammps/src/
[stage-0 20/29] COPY fix_timeboost.h /opt/my_lammps/src/
[stage-0 21/29] WORKDIR /opt/my_lammps/build
[stage-0 22/29] RUN cmake ../cmake     -D CMAKE_BUILD_TYPE=Release     -D CMAKE_Fortran_FLAGS="-O3 -fPIC -ffree-line-length-none -Wno-line-truncation -fallow-argument-mismatch"     -D CMAKE_Fortran_FLAGS_RELEASE="-O3 -fPIC -ffree-line-length-none -Wno-line-truncation -fallow-argument-mismatch"     -D BUILD_LIB=ON     -D BUILD_SHARED_LIBS=ON     -D LAMMPS_EXCEPTIONS=yes     -D FFT=MKL     -D FFT_MKL_THREADS=ON     -D FFT_KOKKOS=cufft     -D CMAKE_PREFIX_PATH="/opt/intel/oneapi/mkl/latest;$(python3 -c 'import torch;print(torch.utils.cmake_prefix_path)')"     -D BLA_VENDOR=Intel10_64lp     -D MKL_INCLUDE_DIR=/opt/intel/oneapi/mkl/latest/include     -D BLAS_LIBRARIES="/opt/intel/oneapi/mkl/latest/lib/intel64/libmkl_intel_lp64.so;/opt/intel/oneapi/mkl/latest/lib/intel64/libmkl_sequential.so;/opt/intel/oneapi/mkl/latest/lib/intel64/libmkl_core.so"     -D LAPACK_LIBRARIES="/opt/intel/oneapi/mkl/latest/lib/intel64/libmkl_intel_lp64.so;/opt/intel/oneapi/mkl/latest/lib/intel64/libmkl_sequential.so;/opt/intel/oneapi/mkl/latest/lib/intel64/libmkl_core.so"     -D NEQUIP_AOT_COMPILE=ON     -D PKG_CORESHELL=ON     -D PKG_DIELECTRIC=ON     -D PKG_DIFFRACTION=ON     -D PKG_DIPOLE=ON     -D PKG_DRUDE=ON     -D PKG_KOKKOS=ON     -D Kokkos_ENABLE_CUDA=ON     -D Kokkos_ENABLE_OPENMP=ON     -D CMAKE_CXX_COMPILER=/opt/my_lammps/lib/kokkos/bin/nvcc_wrapper     -D Kokkos_ARCH_BLACKWELL120=ON     -D PKG_MOLECULE=ON     -D PKG_RIGID=ON     -D PKG_KSPACE=ON     -D PKG_DPD-BASIC=ON     -D PKG_DPD-MESO=ON     -D PKG_DPD-SMOOTH=ON     -D PKG_DPD-REACT=ON     -D PKG_CG-SPICA=ON     -D PKG_CG-DNA=ON     -D PKG_MOLFILE=ON     -D PKG_MC=ON     -D PKG_MOFFF=ON     -D PKG_MANYBODY=ON     -D PKG_MEAM=ON     -D PKG_REAXFF=ON     -D PKG_QEQ=ON     -D PKG_SPIN=ON     -D PKG_ELECTRODE=ON     -D PKG_FEP=ON     -D PKG_EXTRA-COMMAND=ON     -D PKG_EXTRA-COMPUTE=ON     -D PKG_EXTRA-DUMP=ON     -D PKG_EXTRA-FIX=ON     -D PKG_EXTRA-MOLECULE=ON     -D PKG_EXTRA-PAIR=ON     -D PKG_TALLY=ON     -D PKG_REACTION=ON     -D PKG_ML-HDNNP=ON     -D PKG_ML-IAP=ON     -D PKG_ML-PACE=ON     -D PKG_ML-POD=ON     -D PKG_ML-SNAP=ON     -D PKG_ML-RANN=ON     -D PKG_ML-UF3=ON     -D PKG_KIM=ON     -D PKG_MDI=ON     -D PKG_COLVARS=ON     -D PKG_PYTHON=ON     -D MLIAP_ENABLE_PYTHON=ON     -D PKG_COMPRESS=ON     -D PKG_H5MD=ON     -D PKG_INTERLAYER=ON     -D PKG_NETCDF=ON     -D PKG_VORONOI=ON     -D PKG_PLUMED=ON     -D PKG_MISC=ON     -D PKG_OPENMP=ON     -D PKG_OPT=ON     -D PKG_REPLICA=ON     -D PKG_COLLOID=ON     -D PKG_GRANULAR=ON     -D PKG_LEPTON=ON     -D PKG_PHONON=ON     -D DOWNLOAD_N2P2=yes     -D DOWNLOAD_MDI=yes     -D USE_INTERNAL_LINALG=OFF     -D DOWNLOAD_VORO=OFF     -D VORO_LIBRARY=/opt/voro++-0.4.6/src/libvoro++.a     -D VORO_INCLUDE_DIR=/opt/voro++-0.4.6/src     -D DOWNLOAD_PLUMED=no     -D PLUMED_MODE=shared     -D PLUMED_DIR=/opt/plumed_cvhd     && make -j$(nproc)     && make install-python
	-- The CXX compiler identification is GNU 11.4.0
	-- The C compiler identification is GNU 11.4.0
	-- Detecting CXX compiler ABI info
	-- Detecting CXX compiler ABI info - done
	-- Check for working CXX compiler: /opt/my_lammps/lib/kokkos/bin/nvcc_wrapper - skipped
	-- Detecting CXX compile features
	-- Detecting CXX compile features - done
	-- Detecting C compiler ABI info
	-- Detecting C compiler ABI info - done
	-- Check for working C compiler: /usr/bin/cc - skipped
	-- Detecting C compile features
	-- Detecting C compile features - done
	-- Found Git: /usr/bin/git (found version "2.34.1")
	-- Appending /opt/intel/oneapi/mkl/latest/lib/intel64:/usr/local/cuda/lib64/stubs:/usr/local/cuda/lib64/stubs to CMAKE_LIBRARY_PATH: /opt/intel/oneapi/mkl/latest/lib/intel64:/usr/local/cuda/lib64/stubs:/usr/local/cuda/lib64/stubs
	-- Running check for auto-generated files from make-based build system
	-- Found MPI_CXX: /usr/lib/x86_64-linux-gnu/openmpi/lib/libmpi_cxx.so (found version "3.1")
	-- Found MPI: TRUE (found version "3.1") found components: CXX
	CMake Warning at Modules/LAMMPSUtils.cmake:126 (message):
	The CG-DNA package depends on the ASPHERE package.  Enabling it.
	Call Stack (most recent call first):
	CMakeLists.txt:446 (pkg_depends)
	-- Looking for C++ include omp.h
	-- Looking for C++ include omp.h - found
	-- Found OpenMP_CXX: -fopenmp (found version "4.5")
	-- Found OpenMP: TRUE (found version "4.5") found components: CXX
	-- Found BLAS: /opt/intel/oneapi/mkl/latest/lib/intel64/libmkl_intel_lp64.so;/opt/intel/oneapi/mkl/latest/lib/intel64/libmkl_sequential.so;/opt/intel/oneapi/mkl/latest/lib/intel64/libmkl_core.so
	-- Found LAPACK: /opt/intel/oneapi/mkl/latest/lib/intel64/libmkl_intel_lp64.so;/opt/intel/oneapi/mkl/latest/lib/intel64/libmkl_sequential.so;/opt/intel/oneapi/mkl/latest/lib/intel64/libmkl_core.so
	-- Found JPEG: /usr/lib/x86_64-linux-gnu/libjpeg.so (found version "80")
	-- Found GZIP: /usr/bin/gzip
	-- Found FFMPEG: /usr/bin/ffmpeg
	-- Found PkgConfig: /usr/bin/pkg-config (found version "0.29.2")
	-- Checking for module 'fftw3'
	--   No package 'fftw3' found
	-- Found MKL: /opt/intel/oneapi/mkl/latest/lib/libmkl_rt.so
	-- Found Python: /usr/bin/python3.10 (found version "3.10.12") found components: Interpreter
	-- Found Python: /usr/bin/python3.10 (found version "3.10.12") found components: Interpreter Development Development.Module Development.Embed
	-- Found Cythonize: /usr/local/bin/cythonize
	-- Found Python: /usr/include/python3.10 (found version "3.10.12") found components: NumPy Interpreter Development.Module
	-- Found VORO: /opt/voro++-0.4.6/src/libvoro++.a
	-- N2P2 BUILD OPTIONS: INTERFACES=LAMMPS;COMP=gnu;PROJECT_OPTIONS= -I/usr/lib/x86_64-linux-gnu/openmpi/include -I/usr/lib/x86_64-linux-gnu/openmpi/include/openmpi;PROJECT_DEBUG=;PROJECT_CC=/opt/my_lammps/lib/kokkos/bin/nvcc_wrapper;PROJECT_MPICC=/opt/my_lammps/lib/kokkos/bin/nvcc_wrapper;PROJECT_CFLAGS=-fPIC  -Xcudafe --diag_suppress=unrecognized_pragma,--diag_suppress=128,--diag_suppress=186 -O3 -DNDEBUG -std=gnu++11;PROJECT_AR=/usr/bin/gcc-ar-11;APP_CORE=nnp-convert;APP_TRAIN=nnp-train;APP=nnp-convert
	-- MDI download requested - we will build our own
	-- Found NetCDF: /usr/lib/x86_64-linux-gnu/libnetcdf.so
	-- Trying to find PNetCDF using LD_LIBRARY_PATH (we're desperate)...
	-- Could NOT find PNetCDF (missing: PNETCDF_LIBRARIES PNETCDF_INCLUDES)
	-- Checking for module 'plumed'
	--   Found plumed, version 2.7.0-dev
	-- Found CURL: /usr/lib/x86_64-linux-gnu/libcurl.so (found version "7.81.0")
	-- Found ZLIB: /usr/lib/x86_64-linux-gnu/libz.so (found version "1.2.11")
	-- Checking for module 'libzstd>=1.4'
	--   No package 'libzstd' found
	-- Downloading https://github.com/ICAMS/lammps-user-pace/archive/refs/tags/v.2023.11.25.fix2.tar.gz
	-- Found HDF5: /usr/lib/x86_64-linux-gnu/hdf5/serial/libhdf5.so;/usr/lib/x86_64-linux-gnu/libcrypto.so;/usr/lib/x86_64-linux-gnu/libcurl.so;/usr/lib/x86_64-linux-gnu/libpthread.a;/usr/lib/x86_64-linux-gnu/libsz.so;/usr/lib/x86_64-linux-gnu/libz.so;/usr/lib/x86_64-linux-gnu/libdl.a;/usr/lib/x86_64-linux-gnu/libm.so (found version "1.10.7") found components: C
	-- Using double precision for KOKKOS package
	-- Using legacy view layout for KOKKOS package
	-- Setting default Kokkos CXX standard to 17
	-- Kokkos version: 4.7.1
	-- The project name is: Kokkos
	-- Using internal gtest for testing
	-- Compiler Version: 12.9.41
	-- Using -std=c++17 for C++17 standard as feature
	-- Built-in Execution Spaces:
	--     Device Parallel: Kokkos::Cuda
	--     Host Parallel: Kokkos::OpenMP
	--       Host Serial: NONE
	--
	-- Architectures:
	--  BLACKWELL120
	-- Found CUDAToolkit: /usr/local/cuda/include (found version "12.9.41")
	-- Looking for pthread.h
	-- Looking for pthread.h - found
	-- Performing Test CMAKE_HAVE_LIBC_PTHREAD
	-- Performing Test CMAKE_HAVE_LIBC_PTHREAD - Success
	-- Found Threads: TRUE
	-- Found TPLLIBDL: /usr/include
	-- Found OpenMP_CXX: -fopenmp (found suitable version "4.5", minimum required is "3.0")
	-- Found OpenMP: TRUE (found suitable version "4.5", minimum required is "3.0") found components: CXX
	-- Using internal desul_atomics copy
	-- Performing Test KOKKOS_LINK_OPTIONS_CHECK
	-- Performing Test KOKKOS_LINK_OPTIONS_CHECK - Success
	-- Performing Test KOKKOS_COMPILE_OPTIONS_CHECK
	-- Performing Test KOKKOS_COMPILE_OPTIONS_CHECK - Success
	-- Experimental mdspan support is enabled
	-- Using internal mdspan directory /opt/my_lammps/lib/kokkos/tpls/mdspan/include
	-- Kokkos Backends: OPENMP;CUDA
	-- Generating style headers...
	-- Generating package headers...
	-- Generating lmpinstalledpkgs.h...
	-- Found Python: /usr/bin/python3.10 (found version "3.10.12") found components: Interpreter
	-- Found Python3: /usr/bin/python3.10 (found version "3.10.12") found components: Interpreter
	-- The following tools and libraries have been found and configured:
	* MPI
	* LAPACK
	* BLAS
	* JPEG
	* MKL
	* Cythonize
	* VORO
	* NetCDF
	* KIM-API (required version >= 2.2.0)
	* ZLIB
	* PkgConfig
	* CURL
	* HDF5
	* TPLLIBDL
	* OpenMP (required version >= 3.0)
	* Threads
	* CUDAToolkit
	* Python
	* Python3
	-- <<< Build configuration >>>
	LAMMPS Version:   2025.12.10.0 patch_10Dec2025-modified
	Operating System: Linux Ubuntu" 22.04
	CMake Version:    3.22.1
	Build type:       Release
	Install path:     /root/.local
	Generator:        Unix Makefiles using /usr/bin/gmake
	-- Enabled packages: ASPHERE;CG-DNA;CG-SPICA;COLLOID;COLVARS;COMPRESS;CORESHELL;DIELECTRIC;DIFFRACTION;DIPOLE;DPD-BASIC;DPD-MESO;DPD-REACT;DPD-SMOOTH;DRUDE;ELECTRODE;EXTRA-COMMAND;EXTRA-COMPUTE;EXTRA-DUMP;EXTRA-FIX;EXTRA-MOLECULE;EXTRA-PAIR;FEP;GRANULAR;H5MD;INTERLAYER;KIM;KOKKOS;KSPACE;LEPTON;MANYBODY;MC;MDI;MEAM;MISC;ML-HDNNP;ML-IAP;ML-PACE;ML-POD;ML-RANN;ML-SNAP;ML-UF3;MOFFF;MOLECULE;MOLFILE;NETCDF;OPENMP;OPT;PHONON;PLUMED;PYTHON;QEQ;REACTION;REAXFF;REPLICA;RIGID;SPIN;TALLY;VORONOI
	-- <<< Compilers and Flags: >>>
	-- C++ Compiler:     /opt/my_lammps/lib/kokkos/bin/nvcc_wrapper
	Type:          GNU
	Version:       11.4.0
	C++ Standard:  17
	C++ Flags:     -Xcudafe --diag_suppress=unrecognized_pragma,--diag_suppress=128,--diag_suppress=186 -O3 -DNDEBUG
	Defines:       LAMMPS_SMALLBIG;LAMMPS_MEMALIGN=64;LAMMPS_OMP_COMPAT=4;LAMMPS_JPEG;LAMMPS_GZIP;LAMMPS_FFMPEG;FFT_MKL;FFT_MKL_THREADS;LMP_PYTHON;MLIAP_PYTHON;MLIAP_ACE;LMP_MDI;LMP_HAS_NETCDF;NC_64BIT_DATA=0x0020;LMP_KIM_CURL;LAMMPS_CURL;LMP_OPENMP;LMP_KOKKOS_DOUBLE_DOUBLE;LMP_KOKKOS_LAYOUT_LEGACY;$<BUILD_INTERFACE:LMP_KOKKOS>;FFT_KOKKOS_CUFFT
	-- C compiler:       /usr/bin/cc
	Type:          GNU
	Version:       11.4.0
	C Flags:       -O3 -DNDEBUG
	-- <<< Linker flags: >>>
	-- Executable name:  lmp
	-- Shared library flags:
	-- <<< MPI flags >>>
	-- MPI_defines:      MPICH_SKIP_MPICXX;OMPI_SKIP_MPICXX;_MPICC_H
	-- MPI includes:     /usr/lib/x86_64-linux-gnu/openmpi/include;/usr/lib/x86_64-linux-gnu/openmpi/include/openmpi
	-- MPI libraries:    /usr/lib/x86_64-linux-gnu/openmpi/lib/libmpi_cxx.so;/usr/lib/x86_64-linux-gnu/openmpi/lib/libmpi.so;
	-- Kokkos Devices: CUDA;CUDA_LAMBDA;OPENMP
	-- Kokkos Architecture: BLACKWELL120
	-- <<< FFT settings >>>
	-- Primary FFT lib:  MKL
	-- Using double precision FFTs
	-- Using threaded FFTs
	-- Using builtin distributed FFT algorithms
	-- Kokkos FFT: CUFFT
	-- << NEQUIP flags >>
	-- NEQUIP_AOT_COMPILE is enabled.
	-- Found CUDA: /usr/local/cuda (found version "12.9")
	-- The CUDA compiler identification is NVIDIA 12.9.41
	-- Detecting CUDA compiler ABI info
	-- Detecting CUDA compiler ABI info - done
	-- Check for working CUDA compiler: /usr/local/cuda/bin/nvcc - skipped
	-- Detecting CUDA compile features
	-- Detecting CUDA compile features - done
	-- Found CUDAToolkit: /usr/local/cuda/include (found version "12.9.41")
	-- PyTorch: CUDA detected: 12.9
	-- PyTorch: CUDA nvcc is: /usr/local/cuda/bin/nvcc
	-- PyTorch: CUDA toolkit directory: /usr/local/cuda
	-- PyTorch: Header version is: 12.9
	CMake Warning at /usr/local/lib/python3.10/dist-packages/torch/share/cmake/Caffe2/public/cuda.cmake:140 (message):
	Failed to compute shorthash for libnvrtc.so
	Call Stack (most recent call first):
	/usr/local/lib/python3.10/dist-packages/torch/share/cmake/Caffe2/Caffe2Config.cmake:86 (include)
	/usr/local/lib/python3.10/dist-packages/torch/share/cmake/Torch/TorchConfig.cmake:68 (find_package)
	CMakeLists.txt:1109 (find_package)
	-- USE_CUDNN is set to 0. Compiling without cuDNN support
	-- USE_CUSPARSELT is set to 0. Compiling without cuSPARSELt support
	-- USE_CUDSS is set to 0. Compiling without cuDSS support
	-- USE_CUFILE is set to 0. Compiling without cuFile support
	-- Added CUDA NVCC flags for: -gencode;arch=compute_120,code=sm_120
	CMake Warning at /usr/local/lib/python3.10/dist-packages/torch/share/cmake/Caffe2/public/cuda.cmake:323 (message):
	pytorch is not compatible with `CMAKE_CUDA_ARCHITECTURES` and will ignore
	its value.  Please configure `TORCH_CUDA_ARCH_LIST` instead.
	Call Stack (most recent call first):
	/usr/local/lib/python3.10/dist-packages/torch/share/cmake/Caffe2/Caffe2Config.cmake:86 (include)
	/usr/local/lib/python3.10/dist-packages/torch/share/cmake/Torch/TorchConfig.cmake:68 (find_package)
	CMakeLists.txt:1109 (find_package)
	CMake Warning at /usr/local/lib/python3.10/dist-packages/torch/share/cmake/Torch/TorchConfig.cmake:22 (message):
	static library kineto_LIBRARY-NOTFOUND not found.
	Call Stack (most recent call first):
	/usr/local/lib/python3.10/dist-packages/torch/share/cmake/Torch/TorchConfig.cmake:125 (append_torchlib_if_found)
	CMakeLists.txt:1109 (find_package)
	-- Found Torch: /usr/local/lib/python3.10/dist-packages/torch/lib/libtorch.so
	-- Configuring done
	CMake Warning at CMakeLists.txt:238 (add_library):
	Cannot generate a safe runtime search path for target lammps because files
	in some directories may conflict with libraries in implicit directories:
	
	runtime library [libgomp.so.1] in /usr/lib/gcc/x86_64-linux-gnu/11 may be hidden by files in:
	/usr/local/lib/python3.10/dist-packages/torch/lib
	
	Some of these libraries may not be found correctly.
	CMake Warning at CMakeLists.txt:252 (add_executable):
	Cannot generate a safe runtime search path for target lmp because files in
	some directories may conflict with libraries in implicit directories:
	
	runtime library [libgomp.so.1] in /usr/lib/gcc/x86_64-linux-gnu/11 may be hidden by files in:
	/usr/local/lib/python3.10/dist-packages/torch/lib
	
	Some of these libraries may not be found correctly.
	-- Generating done
	-- Build files have been written to: /opt/my_lammps/build
	[  0%] Building CXX object lib/kokkos/simd/src/CMakeFiles/kokkossimd.dir/Kokkos_SIMD_dummy.cpp.o
	[  0%] Linking CXX static library libkokkossimd.a
	[  0%] Built target kokkossimd
	[  0%] Building CXX object CMakeFiles/lepton.dir/opt/my_lammps/lib/lepton/src/CompiledExpression.cpp.o
	[  0%] Building CXX object CMakeFiles/lepton.dir/opt/my_lammps/lib/lepton/src/CompiledVectorExpression.cpp.o
	[  0%] Building CXX object CMakeFiles/lepton.dir/opt/my_lammps/lib/lepton/src/ExpressionProgram.cpp.o
	[  0%] Building CXX object CMakeFiles/lepton.dir/opt/my_lammps/lib/lepton/src/ExpressionTreeNode.cpp.o
	[  0%] Building CXX object CMakeFiles/lepton.dir/opt/my_lammps/lib/lepton/src/Operation.cpp.o
	[  0%] Building CXX object CMakeFiles/lepton.dir/opt/my_lammps/lib/lepton/src/ParsedExpression.cpp.o
	[  1%] Building CXX object CMakeFiles/lepton.dir/opt/my_lammps/lib/lepton/src/Parser.cpp.o
	[  1%] Building CXX object CMakeFiles/lepton.dir/opt/my_lammps/lib/lepton/asmjit/arm/a64assembler.cpp.o
	[  1%] Building CXX object CMakeFiles/lepton.dir/opt/my_lammps/lib/lepton/asmjit/arm/a64builder.cpp.o
	[  1%] Building CXX object CMakeFiles/lepton.dir/opt/my_lammps/lib/lepton/asmjit/arm/a64compiler.cpp.o
	[  1%] Building CXX object CMakeFiles/lepton.dir/opt/my_lammps/lib/lepton/asmjit/arm/a64emithelper.cpp.o
	[  1%] Building CXX object CMakeFiles/lepton.dir/opt/my_lammps/lib/lepton/asmjit/arm/a64formatter.cpp.o
	[  1%] Building CXX object CMakeFiles/lepton.dir/opt/my_lammps/lib/lepton/asmjit/arm/a64func.cpp.o
	[  1%] Building CXX object CMakeFiles/lepton.dir/opt/my_lammps/lib/lepton/asmjit/arm/a64instapi.cpp.o
	[  1%] Building CXX object CMakeFiles/lepton.dir/opt/my_lammps/lib/lepton/asmjit/arm/a64instdb.cpp.o
	[  1%] Building CXX object CMakeFiles/lepton.dir/opt/my_lammps/lib/lepton/asmjit/arm/a64operand.cpp.o
	[  1%] Building CXX object CMakeFiles/lepton.dir/opt/my_lammps/lib/lepton/asmjit/arm/a64rapass.cpp.o
	[  1%] Building CXX object CMakeFiles/lepton.dir/opt/my_lammps/lib/lepton/asmjit/arm/armformatter.cpp.o
	[  1%] Building CXX object CMakeFiles/lepton.dir/opt/my_lammps/lib/lepton/asmjit/core/archtraits.cpp.o
	[  1%] Building CXX object CMakeFiles/lepton.dir/opt/my_lammps/lib/lepton/asmjit/core/assembler.cpp.o
	[  1%] Building CXX object CMakeFiles/lepton.dir/opt/my_lammps/lib/lepton/asmjit/core/builder.cpp.o
	[  1%] Building CXX object CMakeFiles/lepton.dir/opt/my_lammps/lib/lepton/asmjit/core/codeholder.cpp.o
	[  1%] Building CXX object CMakeFiles/lepton.dir/opt/my_lammps/lib/lepton/asmjit/core/codewriter.cpp.o
	[  1%] Building CXX object CMakeFiles/lepton.dir/opt/my_lammps/lib/lepton/asmjit/core/compiler.cpp.o
	[  2%] Building CXX object CMakeFiles/lepton.dir/opt/my_lammps/lib/lepton/asmjit/core/constpool.cpp.o
	[  2%] Building CXX object CMakeFiles/lepton.dir/opt/my_lammps/lib/lepton/asmjit/core/cpuinfo.cpp.o
	[  2%] Building CXX object CMakeFiles/lepton.dir/opt/my_lammps/lib/lepton/asmjit/core/emithelper.cpp.o
	[  2%] Building CXX object CMakeFiles/lepton.dir/opt/my_lammps/lib/lepton/asmjit/core/emitter.cpp.o
	[  2%] Building CXX object CMakeFiles/lepton.dir/opt/my_lammps/lib/lepton/asmjit/core/emitterutils.cpp.o
	[  2%] Building CXX object CMakeFiles/lepton.dir/opt/my_lammps/lib/lepton/asmjit/core/environment.cpp.o
	[  2%] Building CXX object CMakeFiles/lepton.dir/opt/my_lammps/lib/lepton/asmjit/core/errorhandler.cpp.o
	[  2%] Building CXX object CMakeFiles/lepton.dir/opt/my_lammps/lib/lepton/asmjit/core/formatter.cpp.o
	[  2%] Building CXX object CMakeFiles/lepton.dir/opt/my_lammps/lib/lepton/asmjit/core/func.cpp.o
	[  2%] Building CXX object CMakeFiles/lepton.dir/opt/my_lammps/lib/lepton/asmjit/core/funcargscontext.cpp.o
	[  2%] Building CXX object CMakeFiles/lepton.dir/opt/my_lammps/lib/lepton/asmjit/core/globals.cpp.o
	[  2%] Building CXX object CMakeFiles/lepton.dir/opt/my_lammps/lib/lepton/asmjit/core/inst.cpp.o
	[  2%] Building CXX object CMakeFiles/lepton.dir/opt/my_lammps/lib/lepton/asmjit/core/jitallocator.cpp.o
	[  2%] Building CXX object CMakeFiles/lepton.dir/opt/my_lammps/lib/lepton/asmjit/core/jitruntime.cpp.o
	[  2%] Building CXX object CMakeFiles/lepton.dir/opt/my_lammps/lib/lepton/asmjit/core/logger.cpp.o
	[  2%] Building CXX object CMakeFiles/lepton.dir/opt/my_lammps/lib/lepton/asmjit/core/operand.cpp.o
	[  2%] Building CXX object CMakeFiles/lepton.dir/opt/my_lammps/lib/lepton/asmjit/core/osutils.cpp.o
	[  3%] Building CXX object CMakeFiles/lepton.dir/opt/my_lammps/lib/lepton/asmjit/core/ralocal.cpp.o
	[  3%] Building CXX object CMakeFiles/lepton.dir/opt/my_lammps/lib/lepton/asmjit/core/rapass.cpp.o
	[  3%] Building CXX object CMakeFiles/lepton.dir/opt/my_lammps/lib/lepton/asmjit/core/rastack.cpp.o
	[  3%] Building CXX object CMakeFiles/lepton.dir/opt/my_lammps/lib/lepton/asmjit/core/string.cpp.o
	[  3%] Building CXX object CMakeFiles/lepton.dir/opt/my_lammps/lib/lepton/asmjit/core/support.cpp.o
	[  3%] Building CXX object CMakeFiles/lepton.dir/opt/my_lammps/lib/lepton/asmjit/core/target.cpp.o
	[  3%] Building CXX object CMakeFiles/lepton.dir/opt/my_lammps/lib/lepton/asmjit/core/type.cpp.o
	[  3%] Building CXX object CMakeFiles/lepton.dir/opt/my_lammps/lib/lepton/asmjit/core/virtmem.cpp.o
	[  3%] Building CXX object CMakeFiles/lepton.dir/opt/my_lammps/lib/lepton/asmjit/core/zone.cpp.o
	[  3%] Building CXX object CMakeFiles/lepton.dir/opt/my_lammps/lib/lepton/asmjit/core/zonehash.cpp.o
	[  3%] Building CXX object CMakeFiles/lepton.dir/opt/my_lammps/lib/lepton/asmjit/core/zonelist.cpp.o
	[  3%] Building CXX object CMakeFiles/lepton.dir/opt/my_lammps/lib/lepton/asmjit/core/zonestack.cpp.o
	[  3%] Building CXX object CMakeFiles/lepton.dir/opt/my_lammps/lib/lepton/asmjit/core/zonetree.cpp.o
	[  3%] Building CXX object CMakeFiles/lepton.dir/opt/my_lammps/lib/lepton/asmjit/core/zonevector.cpp.o
	[  3%] Building CXX object CMakeFiles/lepton.dir/opt/my_lammps/lib/lepton/asmjit/x86/x86assembler.cpp.o
	[  3%] Building CXX object CMakeFiles/lepton.dir/opt/my_lammps/lib/lepton/asmjit/x86/x86builder.cpp.o
	[  3%] Building CXX object CMakeFiles/lepton.dir/opt/my_lammps/lib/lepton/asmjit/x86/x86compiler.cpp.o
	[  3%] Building CXX object CMakeFiles/lepton.dir/opt/my_lammps/lib/lepton/asmjit/x86/x86emithelper.cpp.o
	[  4%] Building CXX object CMakeFiles/lepton.dir/opt/my_lammps/lib/lepton/asmjit/x86/x86formatter.cpp.o
	[  4%] Building CXX object CMakeFiles/lepton.dir/opt/my_lammps/lib/lepton/asmjit/x86/x86func.cpp.o
	[  4%] Building CXX object CMakeFiles/lepton.dir/opt/my_lammps/lib/lepton/asmjit/x86/x86instapi.cpp.o
	[  4%] Building CXX object CMakeFiles/lepton.dir/opt/my_lammps/lib/lepton/asmjit/x86/x86instdb.cpp.o
	[  4%] Building CXX object CMakeFiles/lepton.dir/opt/my_lammps/lib/lepton/asmjit/x86/x86operand.cpp.o
	[  4%] Building CXX object CMakeFiles/lepton.dir/opt/my_lammps/lib/lepton/asmjit/x86/x86rapass.cpp.o
	[  4%] Linking CXX static library liblammps_lepton.a
	[  4%] Built target lepton
	[  4%] Building CXX object CMakeFiles/colvars.dir/opt/my_lammps/lib/colvars/colvar.cpp.o
	[  4%] Building CXX object CMakeFiles/colvars.dir/opt/my_lammps/lib/colvars/colvar_neuralnetworkcompute.cpp.o
	[  4%] Building CXX object CMakeFiles/colvars.dir/opt/my_lammps/lib/colvars/colvaratoms.cpp.o
	[  4%] Building CXX object CMakeFiles/colvars.dir/opt/my_lammps/lib/colvars/colvarbias.cpp.o
	[  4%] Building CXX object CMakeFiles/colvars.dir/opt/my_lammps/lib/colvars/colvarbias_abf.cpp.o
	[  4%] Building CXX object CMakeFiles/colvars.dir/opt/my_lammps/lib/colvars/colvarbias_abmd.cpp.o
	[  4%] Building CXX object CMakeFiles/colvars.dir/opt/my_lammps/lib/colvars/colvarbias_alb.cpp.o
	[  4%] Building CXX object CMakeFiles/colvars.dir/opt/my_lammps/lib/colvars/colvarbias_histogram.cpp.o
	[  5%] Building CXX object CMakeFiles/colvars.dir/opt/my_lammps/lib/colvars/colvarbias_histogram_reweight_amd.cpp.o
	[  5%] Building CXX object CMakeFiles/colvars.dir/opt/my_lammps/lib/colvars/colvarbias_meta.cpp.o
	[  5%] Building CXX object CMakeFiles/colvars.dir/opt/my_lammps/lib/colvars/colvarbias_opes.cpp.o
	[  5%] Building CXX object CMakeFiles/colvars.dir/opt/my_lammps/lib/colvars/colvarbias_restraint.cpp.o
	[  5%] Building CXX object CMakeFiles/colvars.dir/opt/my_lammps/lib/colvars/colvarcomp.cpp.o
	[  5%] Building CXX object CMakeFiles/colvars.dir/opt/my_lammps/lib/colvars/colvarcomp_alchlambda.cpp.o
	[  5%] Building CXX object CMakeFiles/colvars.dir/opt/my_lammps/lib/colvars/colvarcomp_angles.cpp.o
	[  5%] Building CXX object CMakeFiles/colvars.dir/opt/my_lammps/lib/colvars/colvarcomp_apath.cpp.o
	[  5%] Building CXX object CMakeFiles/colvars.dir/opt/my_lammps/lib/colvars/colvarcomp_combination.cpp.o
	[  5%] Building CXX object CMakeFiles/colvars.dir/opt/my_lammps/lib/colvars/colvarcomp_coordnums.cpp.o
	[  5%] Building CXX object CMakeFiles/colvars.dir/opt/my_lammps/lib/colvars/colvarcomp_distances.cpp.o
	[  5%] Building CXX object CMakeFiles/colvars.dir/opt/my_lammps/lib/colvars/colvarcomp_gpath.cpp.o
	[  5%] Building CXX object CMakeFiles/colvars.dir/opt/my_lammps/lib/colvars/colvarcomp_neuralnetwork.cpp.o
	[  5%] Building CXX object CMakeFiles/colvars.dir/opt/my_lammps/lib/colvars/colvarcomp_protein.cpp.o
	[  5%] Building CXX object CMakeFiles/colvars.dir/opt/my_lammps/lib/colvars/colvarcomp_rotations.cpp.o
	[  5%] Building CXX object CMakeFiles/colvars.dir/opt/my_lammps/lib/colvars/colvarcomp_torchann.cpp.o
	[  5%] Building CXX object CMakeFiles/colvars.dir/opt/my_lammps/lib/colvars/colvarcomp_volmaps.cpp.o
	[  5%] Building CXX object CMakeFiles/colvars.dir/opt/my_lammps/lib/colvars/colvardeps.cpp.o
	[  6%] Building CXX object CMakeFiles/colvars.dir/opt/my_lammps/lib/colvars/colvargrid.cpp.o
	[  6%] Building CXX object CMakeFiles/colvars.dir/opt/my_lammps/lib/colvars/colvargrid_integrate.cpp.o
	[  6%] Building CXX object CMakeFiles/colvars.dir/opt/my_lammps/lib/colvars/colvarmodule.cpp.o
	[  6%] Building CXX object CMakeFiles/colvars.dir/opt/my_lammps/lib/colvars/colvarparams.cpp.o
	[  6%] Building CXX object CMakeFiles/colvars.dir/opt/my_lammps/lib/colvars/colvarparse.cpp.o
	[  6%] Building CXX object CMakeFiles/colvars.dir/opt/my_lammps/lib/colvars/colvarproxy.cpp.o
	[  6%] Building CXX object CMakeFiles/colvars.dir/opt/my_lammps/lib/colvars/colvarproxy_io.cpp.o
	[  6%] Building CXX object CMakeFiles/colvars.dir/opt/my_lammps/lib/colvars/colvarproxy_replicas.cpp.o
	[  6%] Building CXX object CMakeFiles/colvars.dir/opt/my_lammps/lib/colvars/colvarproxy_system.cpp.o
	[  6%] Building CXX object CMakeFiles/colvars.dir/opt/my_lammps/lib/colvars/colvarproxy_tcl.cpp.o
	[  6%] Building CXX object CMakeFiles/colvars.dir/opt/my_lammps/lib/colvars/colvarproxy_volmaps.cpp.o
	[  6%] Building CXX object CMakeFiles/colvars.dir/opt/my_lammps/lib/colvars/colvars_memstream.cpp.o
	[  6%] Building CXX object CMakeFiles/colvars.dir/opt/my_lammps/lib/colvars/colvarscript.cpp.o
	[  6%] Building CXX object CMakeFiles/colvars.dir/opt/my_lammps/lib/colvars/colvarscript_commands.cpp.o
	[  6%] Building CXX object CMakeFiles/colvars.dir/opt/my_lammps/lib/colvars/colvarscript_commands_bias.cpp.o
	[  6%] Building CXX object CMakeFiles/colvars.dir/opt/my_lammps/lib/colvars/colvarscript_commands_colvar.cpp.o
	[  6%] Building CXX object CMakeFiles/colvars.dir/opt/my_lammps/lib/colvars/colvartypes.cpp.o
	[  7%] Building CXX object CMakeFiles/colvars.dir/opt/my_lammps/lib/colvars/colvarvalue.cpp.o
	[  7%] Linking CXX static library liblammps_colvars.a
	[  7%] Built target colvars
	[  7%] Creating directories for 'n2p2_build'
	[  7%] Performing download step (download, verify and extract) for 'n2p2_build'
	-- Downloading...
	dst='/opt/my_lammps/build/n2p2_build-prefix/src/v2.2.0.tar.gz'
	timeout='none'
	inactivity timeout='none'
	-- Using src='https://github.com/CompPhysVienna/n2p2/archive/v2.2.0.tar.gz'
	-- verifying file...
	file='/opt/my_lammps/build/n2p2_build-prefix/src/v2.2.0.tar.gz'
	-- Downloading... done
	-- extracting...
	src='/opt/my_lammps/build/n2p2_build-prefix/src/v2.2.0.tar.gz'
	dst='/opt/my_lammps/build/n2p2_build-prefix/src/n2p2_build'
	-- extracting... [tar xfz]
	-- extracting... [analysis]
	-- extracting... [rename]
	-- extracting... [clean up]
	-- extracting... done
	[  7%] No update step for 'n2p2_build'
	[  7%] Performing patch step for 'n2p2_build'
	[  7%] No configure step for 'n2p2_build'
	[  7%] Performing build step for 'n2p2_build'
	-- n2p2_build build command succeeded.  See also /opt/my_lammps/build/n2p2_build-prefix/src/n2p2_build-stamp/n2p2_build-build-*.log
	[  7%] No install step for 'n2p2_build'
	[  7%] Completed 'n2p2_build'
	[  7%] Built target n2p2_build
	[  8%] Creating directories for 'mdi_build'
	[  8%] Performing download step (download, verify and extract) for 'mdi_build'
	-- Downloading...
	dst='/opt/my_lammps/build/mdi_build_ext/src/v1.4.26.tar.gz'
	timeout='none'
	inactivity timeout='none'
	-- Using src='https://github.com/MolSSI-MDI/MDI_Library/archive/v1.4.26.tar.gz'
	-- verifying file...
	file='/opt/my_lammps/build/mdi_build_ext/src/v1.4.26.tar.gz'
	-- Downloading... done
	-- extracting...
	src='/opt/my_lammps/build/mdi_build_ext/src/v1.4.26.tar.gz'
	dst='/opt/my_lammps/build/mdi_build_ext/src/mdi_build'
	-- extracting... [tar xfz]
	-- extracting... [analysis]
	-- extracting... [rename]
	-- extracting... [clean up]
	-- extracting... done
	[  8%] No update step for 'mdi_build'
	[  8%] No patch step for 'mdi_build'
	[  8%] Performing configure step for 'mdi_build'
	-- The C compiler identification is GNU 11.4.0
	-- Detecting C compiler ABI info
	-- Detecting C compiler ABI info - done
	-- Check for working C compiler: /usr/bin/cc - skipped
	-- Detecting C compile features
	-- Detecting C compile features - done
	-- Found Python: /usr/bin/python3.10 (found version "3.10.12") found components: Interpreter Development Development.Module Development.Embed
	-- Found MPI_C: /usr/lib/x86_64-linux-gnu/openmpi/lib/libmpi.so (found version "3.1")
	-- Found MPI: TRUE (found version "3.1")
	-- Configuring done
	-- Generating done
	-- Build files have been written to: /opt/my_lammps/build/mdi_build_ext/src/mdi_build-build
	[  8%] Performing build step for 'mdi_build'
	[ 11%] Building C object MDI_Library/CMakeFiles/mdi.dir/mdi.c.o
	[ 22%] Building C object MDI_Library/CMakeFiles/mdi.dir/mdi_global.c.o
	[ 33%] Building C object MDI_Library/CMakeFiles/mdi.dir/mdi_general.c.o
	/opt/my_lammps/build/mdi_build_ext/src/mdi_build/MDI_Library/mdi_general.c: In function 'general_init':
	/opt/my_lammps/build/mdi_build_ext/src/mdi_build/MDI_Library/mdi_general.c:320:5: warning: ignoring return value of 'freopen' declared with attribute 'warn_unused_result' [-Wunused-result]
	320 |     freopen(output_file, "w", stdout);
	|     ^~~~~~~~~~~~~~~~~~~~~~~~~~~~~~~~~
	/opt/my_lammps/build/mdi_build_ext/src/mdi_build/MDI_Library/mdi_general.c:169:60: warning: '__builtin___snprintf_chk' output may be truncated before the last format character [-Wformat-truncation=]
	169 |       snprintf(this_code->name, strlen(argv[iarg+1])+1, "%s", argv[iarg+1]);
	|                                                            ^
	In file included from /usr/include/stdio.h:894,
	from /opt/my_lammps/build/mdi_build_ext/src/mdi_build/MDI_Library/mdi_general.c:7:
	/usr/include/x86_64-linux-gnu/bits/stdio2.h:71:10: note: '__builtin___snprintf_chk' output between 1 and 257 bytes into a destination of size 256
	71 |   return __builtin___snprintf_chk (__s, __n, __USE_FORTIFY_LEVEL - 1,
	|          ^~~~~~~~~~~~~~~~~~~~~~~~~~~~~~~~~~~~~~~~~~~~~~~~~~~~~~~~~~~~
	72 |                                    __glibc_objsize (__s), __fmt,
	|                                    ~~~~~~~~~~~~~~~~~~~~~~~~~~~~~
	73 |                                    __va_arg_pack ());
	|                                    ~~~~~~~~~~~~~~~~~
	/opt/my_lammps/build/mdi_build_ext/src/mdi_build/MDI_Library/mdi_general.c:139:52: warning: '__builtin___snprintf_chk' output may be truncated before the last format character [-Wformat-truncation=]
	139 |       snprintf(this_code->role, strlen(role)+1, "%s", role);
	|                                                    ^
	In file included from /usr/include/stdio.h:894,
	from /opt/my_lammps/build/mdi_build_ext/src/mdi_build/MDI_Library/mdi_general.c:7:
	/usr/include/x86_64-linux-gnu/bits/stdio2.h:71:10: note: '__builtin___snprintf_chk' output between 1 and 257 bytes into a destination of size 256
	71 |   return __builtin___snprintf_chk (__s, __n, __USE_FORTIFY_LEVEL - 1,
	|          ^~~~~~~~~~~~~~~~~~~~~~~~~~~~~~~~~~~~~~~~~~~~~~~~~~~~~~~~~~~~
	72 |                                    __glibc_objsize (__s), __fmt,
	|                                    ~~~~~~~~~~~~~~~~~~~~~~~~~~~~~
	73 |                                    __va_arg_pack ());
	|                                    ~~~~~~~~~~~~~~~~~
	[ 44%] Building C object MDI_Library/CMakeFiles/mdi.dir/mdi_mpi.c.o
	[ 55%] Building C object MDI_Library/CMakeFiles/mdi.dir/mdi_tcp.c.o
	[ 66%] Building C object MDI_Library/CMakeFiles/mdi.dir/mdi_test.c.o
	[ 77%] Building C object MDI_Library/CMakeFiles/mdi.dir/mdi_lib.c.o
	[ 88%] Building C object MDI_Library/CMakeFiles/mdi.dir/mdi_plug_py.c.o
	[100%] Linking C static library libmdi.a
	[100%] Built target mdi
	[  8%] Performing install step for 'mdi_build'
	Consolidate compiler generated dependencies of target mdi
	[100%] Built target mdi
	Install the project...
	-- Install configuration: "Release"
	-- Installing: /opt/my_lammps/build/mdi_build_ext/include/mdi/mdi.h
	-- Installing: /opt/my_lammps/build/mdi_build_ext/lib/mdi/libmdi.a
	-- Installing: /opt/my_lammps/build/mdi_build_ext/share/cmake/mdi/mdiConfig.cmake
	-- Installing: /opt/my_lammps/build/mdi_build_ext/share/cmake/mdi/mdiConfigVersion.cmake
	-- Installing: /opt/my_lammps/build/mdi_build_ext/share/cmake/mdi/mdiTargets.cmake
	-- Installing: /opt/my_lammps/build/mdi_build_ext/share/cmake/mdi/mdiTargets-release.cmake
	[  8%] Completed 'mdi_build'
	[  8%] Built target mdi_build
	[  8%] Building C object CMakeFiles/h5md.dir/opt/my_lammps/lib/h5md/src/ch5md.c.o
	[  9%] Linking C static library liblammps_h5md.a
	[  9%] Built target h5md
	-- Git Directory: /opt/my_lammps/.git
	-- Generating lmpgitversion.h...
	[  9%] Built target gitversion
	[  9%] Generating includes/lammps/angle.h
	[  9%] Built target angle.h
	[  9%] Generating includes/lammps/atom.h
	[  9%] Built target atom.h
	[  9%] Generating includes/lammps/bond.h
	[  9%] Built target bond.h
	[  9%] Generating includes/lammps/citeme.h
	[  9%] Built target citeme.h
	[  9%] Generating includes/lammps/comm.h
	[  9%] Built target comm.h
	[  9%] Generating includes/lammps/command.h
	[  9%] Built target command.h
	[  9%] Generating includes/lammps/compute.h
	[  9%] Built target compute.h
	[  9%] Generating includes/lammps/dihedral.h
	[  9%] Built target dihedral.h
	[  9%] Generating includes/lammps/domain.h
	[  9%] Built target domain.h
	[  9%] Generating includes/lammps/error.h
	[  9%] Built target error.h
	[  9%] Generating includes/lammps/exceptions.h
	[  9%] Built target exceptions.h
	[  9%] Generating includes/lammps/fix.h
	[  9%] Built target fix.h
	[  9%] Generating includes/lammps/force.h
	[  9%] Built target force.h
	[  9%] Generating includes/lammps/group.h
	[  9%] Built target group.h
	[  9%] Generating includes/lammps/improper.h
	[  9%] Built target improper.h
	[  9%] Generating includes/lammps/input.h
	[  9%] Built target input.h
	[  9%] Generating includes/lammps/info.h
	[  9%] Built target info.h
	[  9%] Generating includes/lammps/json.h
	[  9%] Built target json.h
	[  9%] Generating includes/lammps/json_fwd.h
	[  9%] Built target json_fwd.h
	[  9%] Generating includes/lammps/kspace.h
	[  9%] Built target kspace.h
	[  9%] Generating includes/lammps/lammps.h
	[  9%] Built target lammps.h
	[  9%] Generating includes/lammps/lattice.h
	[  9%] Built target lattice.h
	[  9%] Generating includes/lammps/library.h
	[  9%] Built target library.h
	[  9%] Generating includes/lammps/lmppython.h
	[  9%] Built target lmppython.h
	[  9%] Generating includes/lammps/lmptype.h
	[  9%] Built target lmptype.h
	[  9%] Generating includes/lammps/memory.h
	[  9%] Built target memory.h
	[  9%] Generating includes/lammps/modify.h
	[  9%] Built target modify.h
	[  9%] Generating includes/lammps/neighbor.h
	[  9%] Built target neighbor.h
	[  9%] Generating includes/lammps/neigh_list.h
	[  9%] Built target neigh_list.h
	[  9%] Generating includes/lammps/output.h
	[  9%] Built target output.h
	[  9%] Generating includes/lammps/pair.h
	[  9%] Built target pair.h
	[  9%] Generating includes/lammps/platform.h
	[  9%] Built target platform.h
	[  9%] Generating includes/lammps/pointers.h
	[  9%] Built target pointers.h
	[ 10%] Generating includes/lammps/region.h
	[ 10%] Built target region.h
	[ 10%] Generating includes/lammps/timer.h
	[ 10%] Built target timer.h
	[ 10%] Generating includes/lammps/universe.h
	[ 10%] Built target universe.h
	[ 10%] Generating includes/lammps/update.h
	[ 10%] Built target update.h
	[ 10%] Generating includes/lammps/utils.h
	[ 10%] Built target utils.h
	[ 10%] Generating includes/lammps/variable.h
	[ 10%] Built target variable.h
	[ 10%] Generating includes/lammps/fmt/core.h
	[ 10%] Built target fmt_core.h
	[ 10%] Generating includes/lammps/fmt/format.h
	[ 10%] Built target fmt_format.h
	[ 10%] Generating includes/lammps/nlohmann/json_fwd.hpp
	[ 10%] Built target json_json_fwd.hpp
	[ 10%] Generating includes/lammps/nlohmann/json.hpp
	[ 10%] Built target json_json.hpp
	[ 10%] Building CXX object build-pace/CMakeFiles/cnpy-static.dir/cnpy/cnpy.cpp.o
	/opt/my_lammps/build/lammps-user-pace-v.2023.11.25.fix2/cnpy/cnpy.cpp(64): warning #177-D: variable "major_version" was declared but never referenced
	uint8_t major_version = *reinterpret_cast<uint8_t*>(buffer+6);
	^
	
	Remark: The warnings can be suppressed with "-diag-suppress <warning-number>"
	
	/opt/my_lammps/build/lammps-user-pace-v.2023.11.25.fix2/cnpy/cnpy.cpp(65): warning #177-D: variable "minor_version" was declared but never referenced
	uint8_t minor_version = *reinterpret_cast<uint8_t*>(buffer+7);
	^
	/opt/my_lammps/build/lammps-user-pace-v.2023.11.25.fix2/cnpy/cnpy.cpp(163): warning #550-D: variable "disk_no" was set but never used
	uint16_t disk_no, disk_start, nrecs_on_disk, comment_len;
	^
	
	/opt/my_lammps/build/lammps-user-pace-v.2023.11.25.fix2/cnpy/cnpy.cpp(163): warning #550-D: variable "disk_start" was set but never used
	uint16_t disk_no, disk_start, nrecs_on_disk, comment_len;
	^
	
	/opt/my_lammps/build/lammps-user-pace-v.2023.11.25.fix2/cnpy/cnpy.cpp(163): warning #550-D: variable "nrecs_on_disk" was set but never used
	uint16_t disk_no, disk_start, nrecs_on_disk, comment_len;
	^
	/opt/my_lammps/build/lammps-user-pace-v.2023.11.25.fix2/cnpy/cnpy.cpp(163): warning #550-D: variable "comment_len" was set but never used
	uint16_t disk_no, disk_start, nrecs_on_disk, comment_len;
	^
	[ 10%] Linking CXX static library libcnpy.a
	[ 10%] Built target cnpy-static
	[ 10%] Building CXX object build-pace/build-yaml-cpp/CMakeFiles/yaml-cpp-pace.dir/src/binary.cpp.o
	[ 10%] Building CXX object build-pace/build-yaml-cpp/CMakeFiles/yaml-cpp-pace.dir/src/convert.cpp.o
	[ 10%] Building CXX object build-pace/build-yaml-cpp/CMakeFiles/yaml-cpp-pace.dir/src/depthguard.cpp.o
	[ 10%] Building CXX object build-pace/build-yaml-cpp/CMakeFiles/yaml-cpp-pace.dir/src/directives.cpp.o
	[ 10%] Building CXX object build-pace/build-yaml-cpp/CMakeFiles/yaml-cpp-pace.dir/src/emit.cpp.o
	[ 10%] Building CXX object build-pace/build-yaml-cpp/CMakeFiles/yaml-cpp-pace.dir/src/emitfromevents.cpp.o
	[ 10%] Building CXX object build-pace/build-yaml-cpp/CMakeFiles/yaml-cpp-pace.dir/src/emitter.cpp.o
	[ 10%] Building CXX object build-pace/build-yaml-cpp/CMakeFiles/yaml-cpp-pace.dir/src/emitterstate.cpp.o
	[ 10%] Building CXX object build-pace/build-yaml-cpp/CMakeFiles/yaml-cpp-pace.dir/src/emitterutils.cpp.o
	[ 10%] Building CXX object build-pace/build-yaml-cpp/CMakeFiles/yaml-cpp-pace.dir/src/exceptions.cpp.o
	[ 10%] Building CXX object build-pace/build-yaml-cpp/CMakeFiles/yaml-cpp-pace.dir/src/exp.cpp.o
	[ 10%] Building CXX object build-pace/build-yaml-cpp/CMakeFiles/yaml-cpp-pace.dir/src/memory.cpp.o
	[ 11%] Building CXX object build-pace/build-yaml-cpp/CMakeFiles/yaml-cpp-pace.dir/src/node.cpp.o
	[ 11%] Building CXX object build-pace/build-yaml-cpp/CMakeFiles/yaml-cpp-pace.dir/src/node_data.cpp.o
	[ 11%] Building CXX object build-pace/build-yaml-cpp/CMakeFiles/yaml-cpp-pace.dir/src/nodebuilder.cpp.o
	[ 11%] Building CXX object build-pace/build-yaml-cpp/CMakeFiles/yaml-cpp-pace.dir/src/nodeevents.cpp.o
	[ 11%] Building CXX object build-pace/build-yaml-cpp/CMakeFiles/yaml-cpp-pace.dir/src/null.cpp.o
	[ 11%] Building CXX object build-pace/build-yaml-cpp/CMakeFiles/yaml-cpp-pace.dir/src/ostream_wrapper.cpp.o
	[ 11%] Building CXX object build-pace/build-yaml-cpp/CMakeFiles/yaml-cpp-pace.dir/src/parse.cpp.o
	[ 11%] Building CXX object build-pace/build-yaml-cpp/CMakeFiles/yaml-cpp-pace.dir/src/parser.cpp.o
	[ 11%] Building CXX object build-pace/build-yaml-cpp/CMakeFiles/yaml-cpp-pace.dir/src/regex_yaml.cpp.o
	[ 11%] Building CXX object build-pace/build-yaml-cpp/CMakeFiles/yaml-cpp-pace.dir/src/scanner.cpp.o
	[ 11%] Building CXX object build-pace/build-yaml-cpp/CMakeFiles/yaml-cpp-pace.dir/src/scanscalar.cpp.o
	[ 11%] Building CXX object build-pace/build-yaml-cpp/CMakeFiles/yaml-cpp-pace.dir/src/scantag.cpp.o
	[ 11%] Building CXX object build-pace/build-yaml-cpp/CMakeFiles/yaml-cpp-pace.dir/src/scantoken.cpp.o
	[ 11%] Building CXX object build-pace/build-yaml-cpp/CMakeFiles/yaml-cpp-pace.dir/src/simplekey.cpp.o
	[ 11%] Building CXX object build-pace/build-yaml-cpp/CMakeFiles/yaml-cpp-pace.dir/src/singledocparser.cpp.o
	[ 11%] Building CXX object build-pace/build-yaml-cpp/CMakeFiles/yaml-cpp-pace.dir/src/stream.cpp.o
	[ 11%] Building CXX object build-pace/build-yaml-cpp/CMakeFiles/yaml-cpp-pace.dir/src/tag.cpp.o
	[ 12%] Linking CXX static library libyaml-cpp-pace.a
	[ 12%] Built target yaml-cpp-pace
	[ 12%] Building CXX object build-pace/CMakeFiles/pace.dir/ML-PACE/ace-evaluator/ace_abstract_basis.cpp.o
	nvcc_wrapper has been given GNU extension standard flag -std=gnu++17 - reverting flag to -std=c++17
	[ 12%] Building CXX object build-pace/CMakeFiles/pace.dir/ML-PACE/ace-evaluator/ace_c_basis.cpp.o
	nvcc_wrapper has been given GNU extension standard flag -std=gnu++17 - reverting flag to -std=c++17
	[ 13%] Building CXX object build-pace/CMakeFiles/pace.dir/ML-PACE/ace-evaluator/ace_evaluator.cpp.o
	nvcc_wrapper has been given GNU extension standard flag -std=gnu++17 - reverting flag to -std=c++17
	[ 13%] Building CXX object build-pace/CMakeFiles/pace.dir/ML-PACE/ace-evaluator/ace_flatten_basis.cpp.o
	nvcc_wrapper has been given GNU extension standard flag -std=gnu++17 - reverting flag to -std=c++17
	[ 13%] Building CXX object build-pace/CMakeFiles/pace.dir/ML-PACE/ace-evaluator/ace_radial.cpp.o
	nvcc_wrapper has been given GNU extension standard flag -std=gnu++17 - reverting flag to -std=c++17
	[ 13%] Building CXX object build-pace/CMakeFiles/pace.dir/ML-PACE/ace-evaluator/ace_recursive.cpp.o
	nvcc_wrapper has been given GNU extension standard flag -std=gnu++17 - reverting flag to -std=c++17
	[ 13%] Building CXX object build-pace/CMakeFiles/pace.dir/ML-PACE/ace-evaluator/ace_spherical_cart.cpp.o
	nvcc_wrapper has been given GNU extension standard flag -std=gnu++17 - reverting flag to -std=c++17
	[ 13%] Building CXX object build-pace/CMakeFiles/pace.dir/ML-PACE/ace-evaluator/ships_radial.cpp.o
	nvcc_wrapper has been given GNU extension standard flag -std=gnu++17 - reverting flag to -std=c++17
	[ 13%] Building CXX object build-pace/CMakeFiles/pace.dir/ML-PACE/ace/ace_b_basis.cpp.o
	nvcc_wrapper has been given GNU extension standard flag -std=gnu++17 - reverting flag to -std=c++17
	/opt/my_lammps/build/lammps-user-pace-v.2023.11.25.fix2/ML-PACE/ace/ace_b_basis.cpp(110): warning #550-D: variable "sign" was set but never used
	SHORT_INT_TYPE sign = 0;
	^
	
	Remark: The warnings can be suppressed with "-diag-suppress <warning-number>"
	[ 13%] Building CXX object build-pace/CMakeFiles/pace.dir/ML-PACE/ace/ace_b_basisfunction.cpp.o
	nvcc_wrapper has been given GNU extension standard flag -std=gnu++17 - reverting flag to -std=c++17
	/opt/my_lammps/build/lammps-user-pace-v.2023.11.25.fix2/ML-PACE/ace/ace_b_basisfunction.cpp(88): warning #550-D: variable "rankL" was set but never used
	RANK_TYPE rankL = 0;
	^
	
	Remark: The warnings can be suppressed with "-diag-suppress <warning-number>"
	[ 13%] Building CXX object build-pace/CMakeFiles/pace.dir/ML-PACE/ace/ace_b_evaluator.cpp.o
	nvcc_wrapper has been given GNU extension standard flag -std=gnu++17 - reverting flag to -std=c++17
	[ 13%] Building CXX object build-pace/CMakeFiles/pace.dir/ML-PACE/ace/ace_clebsch_gordan.cpp.o
	nvcc_wrapper has been given GNU extension standard flag -std=gnu++17 - reverting flag to -std=c++17
	[ 13%] Building CXX object build-pace/CMakeFiles/pace.dir/ML-PACE/ace/ace_couplings.cpp.o
	nvcc_wrapper has been given GNU extension standard flag -std=gnu++17 - reverting flag to -std=c++17
	[ 13%] Building CXX object build-pace/CMakeFiles/pace.dir/ML-PACE/ace/ace_spherical_polar.cpp.o
	nvcc_wrapper has been given GNU extension standard flag -std=gnu++17 - reverting flag to -std=c++17
	[ 13%] Building CXX object build-pace/CMakeFiles/pace.dir/ML-PACE/ace/ace_yaml_input.cpp.o
	nvcc_wrapper has been given GNU extension standard flag -std=gnu++17 - reverting flag to -std=c++17
	[ 13%] Linking CXX static library liblammps_pace.a
	[ 13%] Built target pace
	[ 13%] Building CXX object lib/kokkos/core/src/CMakeFiles/kokkoscore.dir/impl/Kokkos_Abort.cpp.o
	[ 13%] Building CXX object lib/kokkos/core/src/CMakeFiles/kokkoscore.dir/impl/Kokkos_CPUDiscovery.cpp.o
	[ 14%] Building CXX object lib/kokkos/core/src/CMakeFiles/kokkoscore.dir/impl/Kokkos_Command_Line_Parsing.cpp.o
	[ 14%] Building CXX object lib/kokkos/core/src/CMakeFiles/kokkoscore.dir/impl/Kokkos_Core.cpp.o
	[ 14%] Building CXX object lib/kokkos/core/src/CMakeFiles/kokkoscore.dir/impl/Kokkos_Error.cpp.o
	[ 14%] Building CXX object lib/kokkos/core/src/CMakeFiles/kokkoscore.dir/impl/Kokkos_ExecPolicy.cpp.o
	[ 14%] Building CXX object lib/kokkos/core/src/CMakeFiles/kokkoscore.dir/impl/Kokkos_HostBarrier.cpp.o
	[ 14%] Building CXX object lib/kokkos/core/src/CMakeFiles/kokkoscore.dir/impl/Kokkos_HostSpace.cpp.o
	[ 14%] Building CXX object lib/kokkos/core/src/CMakeFiles/kokkoscore.dir/impl/Kokkos_HostSpace_deepcopy.cpp.o
	[ 14%] Building CXX object lib/kokkos/core/src/CMakeFiles/kokkoscore.dir/impl/Kokkos_HostThreadTeam.cpp.o
	[ 14%] Building CXX object lib/kokkos/core/src/CMakeFiles/kokkoscore.dir/impl/Kokkos_MemoryPool.cpp.o
	[ 14%] Building CXX object lib/kokkos/core/src/CMakeFiles/kokkoscore.dir/impl/Kokkos_Profiling.cpp.o
	[ 14%] Building CXX object lib/kokkos/core/src/CMakeFiles/kokkoscore.dir/impl/Kokkos_SharedAlloc.cpp.o
	[ 14%] Building CXX object lib/kokkos/core/src/CMakeFiles/kokkoscore.dir/impl/Kokkos_Stacktrace.cpp.o
	[ 14%] Building CXX object lib/kokkos/core/src/CMakeFiles/kokkoscore.dir/impl/Kokkos_hwloc.cpp.o
	[ 14%] Building CXX object lib/kokkos/core/src/CMakeFiles/kokkoscore.dir/Cuda/Kokkos_CudaSpace.cpp.o
	[ 14%] Building CXX object lib/kokkos/core/src/CMakeFiles/kokkoscore.dir/Cuda/Kokkos_Cuda_Instance.cpp.o
	[ 14%] Building CXX object lib/kokkos/core/src/CMakeFiles/kokkoscore.dir/Cuda/Kokkos_Cuda_Task.cpp.o
	[ 14%] Building CXX object lib/kokkos/core/src/CMakeFiles/kokkoscore.dir/OpenMP/Kokkos_OpenMP.cpp.o
	[ 14%] Building CXX object lib/kokkos/core/src/CMakeFiles/kokkoscore.dir/OpenMP/Kokkos_OpenMP_Instance.cpp.o
	[ 15%] Building CXX object lib/kokkos/core/src/CMakeFiles/kokkoscore.dir/OpenMP/Kokkos_OpenMP_Task.cpp.o
	[ 15%] Building CXX object lib/kokkos/core/src/CMakeFiles/kokkoscore.dir/opt/my_lammps/lib/kokkos/tpls/desul/src/Lock_Array_CUDA.cpp.o
	[ 15%] Linking CXX static library libkokkoscore.a
	[ 15%] Built target kokkoscore
	[ 15%] Building CXX object lib/kokkos/containers/src/CMakeFiles/kokkoscontainers.dir/impl/Kokkos_UnorderedMap_impl.cpp.o
	[ 15%] Linking CXX static library libkokkoscontainers.a
	[ 15%] Built target kokkoscontainers
	[ 15%] Building CXX object lib/kokkos/algorithms/src/CMakeFiles/kokkosalgorithms.dir/KokkosAlgorithms_dummy.cpp.o
	[ 15%] Linking CXX static library libkokkosalgorithms.a
	[ 15%] Built target kokkosalgorithms
	[ 15%] Generating C++ sources with cythonize...
	performance hint: mliap_unified_couple_kokkos.pyx:473:0: Exception check on 'compute_gradients_python_kokkos' will always require the GIL to be acquired.
	Possible solutions:
	1. Declare 'compute_gradients_python_kokkos' as 'noexcept' if you control the definition and you're sure you don't want the function to raise exceptions.
	2. Use an 'int' return type on 'compute_gradients_python_kokkos' to allow an error code to be returned.
	performance hint: mliap_unified_couple_kokkos.pyx:479:0: Exception check on 'compute_descriptors_python_kokkos' will always require the GIL to be acquired.
	Possible solutions:
	1. Declare 'compute_descriptors_python_kokkos' as 'noexcept' if you control the definition and you're sure you don't want the function to raise exceptions.
	2. Use an 'int' return type on 'compute_descriptors_python_kokkos' to allow an error code to be returned.
	performance hint: mliap_unified_couple_kokkos.pyx:485:0: Exception check on 'compute_forces_python_kokkos' will always require the GIL to be acquired.
	Possible solutions:
	1. Declare 'compute_forces_python_kokkos' as 'noexcept' if you control the definition and you're sure you don't want the function to raise exceptions.
	2. Use an 'int' return type on 'compute_forces_python_kokkos' to allow an error code to be returned.
	Compiling /opt/my_lammps/build/cython/mliap_unified_couple_kokkos.pyx because it changed.
	[1/1] Cythonizing /opt/my_lammps/build/cython/mliap_unified_couple_kokkos.pyx
	[ 15%] Generating C++ sources with cythonize...
	performance hint: mliap_model_python_couple.pyx:91:0: Exception check on 'MLIAPPY_unload_model' will always require the GIL to be acquired.
	Possible solutions:
	1. Declare 'MLIAPPY_unload_model' as 'noexcept' if you control the definition and you're sure you don't want the function to raise exceptions.
	2. Use an 'int' return type on 'MLIAPPY_unload_model' to allow an error code to be returned.
	performance hint: mliap_model_python_couple.pyx:103:0: Exception check on 'MLIAPPY_compute_gradients' will always require the GIL to be acquired.
	Possible solutions:
	1. Declare 'MLIAPPY_compute_gradients' as 'noexcept' if you control the definition and you're sure you don't want the function to raise exceptions.
	2. Use an 'int' return type on 'MLIAPPY_compute_gradients' to allow an error code to be returned.
	Compiling /opt/my_lammps/build/cython/mliap_model_python_couple.pyx because it changed.
	[1/1] Cythonizing /opt/my_lammps/build/cython/mliap_model_python_couple.pyx
	[ 15%] Generating C++ sources with cythonize...
	performance hint: mliap_model_python_couple_kokkos.pyx:98:0: Exception check on 'MLIAPPYKokkos_unload_model' will always require the GIL to be acquired.
	Possible solutions:
	1. Declare 'MLIAPPYKokkos_unload_model' as 'noexcept' if you control the definition and you're sure you don't want the function to raise exceptions.
	2. Use an 'int' return type on 'MLIAPPYKokkos_unload_model' to allow an error code to be returned.
	performance hint: mliap_model_python_couple_kokkos.pyx:136:0: Exception check on 'MLIAPPYKokkos_compute_gradients' will always require the GIL to be acquired.
	Possible solutions:
	1. Declare 'MLIAPPYKokkos_compute_gradients' as 'noexcept' if you control the definition and you're sure you don't want the function to raise exceptions.
	2. Use an 'int' return type on 'MLIAPPYKokkos_compute_gradients' to allow an error code to be returned.
	Compiling /opt/my_lammps/build/cython/mliap_model_python_couple_kokkos.pyx because it changed.
	[1/1] Cythonizing /opt/my_lammps/build/cython/mliap_model_python_couple_kokkos.pyx
	[ 15%] Generating C++ sources with cythonize...
	performance hint: mliap_unified_couple.pyx:338:0: Exception check on 'compute_gradients_python' will always require the GIL to be acquired.
	Possible solutions:
	1. Declare 'compute_gradients_python' as 'noexcept' if you control the definition and you're sure you don't want the function to raise exceptions.
	2. Use an 'int' return type on 'compute_gradients_python' to allow an error code to be returned.
	performance hint: mliap_unified_couple.pyx:344:0: Exception check on 'compute_descriptors_python' will always require the GIL to be acquired.
	Possible solutions:
	1. Declare 'compute_descriptors_python' as 'noexcept' if you control the definition and you're sure you don't want the function to raise exceptions.
	2. Use an 'int' return type on 'compute_descriptors_python' to allow an error code to be returned.
	performance hint: mliap_unified_couple.pyx:350:0: Exception check on 'compute_forces_python' will always require the GIL to be acquired.
	Possible solutions:
	1. Declare 'compute_forces_python' as 'noexcept' if you control the definition and you're sure you don't want the function to raise exceptions.
	2. Use an 'int' return type on 'compute_forces_python' to allow an error code to be returned.
	Compiling /opt/my_lammps/build/cython/mliap_unified_couple.pyx because it changed.
	[1/1] Cythonizing /opt/my_lammps/build/cython/mliap_unified_couple.pyx
	[ 15%] Building CXX object CMakeFiles/lammps.dir/opt/my_lammps/src/angle.cpp.o
	[ 15%] Building CXX object CMakeFiles/lammps.dir/opt/my_lammps/src/angle_deprecated.cpp.o
	[ 15%] Building CXX object CMakeFiles/lammps.dir/opt/my_lammps/src/angle_hybrid.cpp.o
	[ 15%] Building CXX object CMakeFiles/lammps.dir/opt/my_lammps/src/angle_write.cpp.o
	[ 15%] Building CXX object CMakeFiles/lammps.dir/opt/my_lammps/src/angle_zero.cpp.o
	[ 15%] Building CXX object CMakeFiles/lammps.dir/opt/my_lammps/src/arg_info.cpp.o
	[ 15%] Building CXX object CMakeFiles/lammps.dir/opt/my_lammps/src/atom.cpp.o
	[ 16%] Building CXX object CMakeFiles/lammps.dir/opt/my_lammps/src/atom_map.cpp.o
	[ 16%] Building CXX object CMakeFiles/lammps.dir/opt/my_lammps/src/atom_vec.cpp.o
	[ 16%] Building CXX object CMakeFiles/lammps.dir/opt/my_lammps/src/atom_vec_atomic.cpp.o
	[ 16%] Building CXX object CMakeFiles/lammps.dir/opt/my_lammps/src/atom_vec_body.cpp.o
	[ 16%] Building CXX object CMakeFiles/lammps.dir/opt/my_lammps/src/atom_vec_charge.cpp.o
	[ 16%] Building CXX object CMakeFiles/lammps.dir/opt/my_lammps/src/atom_vec_ellipsoid.cpp.o
	[ 16%] Building CXX object CMakeFiles/lammps.dir/opt/my_lammps/src/atom_vec_hybrid.cpp.o
	[ 16%] Building CXX object CMakeFiles/lammps.dir/opt/my_lammps/src/atom_vec_line.cpp.o
	[ 16%] Building CXX object CMakeFiles/lammps.dir/opt/my_lammps/src/atom_vec_sphere.cpp.o
	[ 16%] Building CXX object CMakeFiles/lammps.dir/opt/my_lammps/src/atom_vec_tri.cpp.o
	[ 16%] Building CXX object CMakeFiles/lammps.dir/opt/my_lammps/src/balance.cpp.o
	[ 16%] Building CXX object CMakeFiles/lammps.dir/opt/my_lammps/src/body.cpp.o
	[ 16%] Building CXX object CMakeFiles/lammps.dir/opt/my_lammps/src/bond.cpp.o
	[ 16%] Building CXX object CMakeFiles/lammps.dir/opt/my_lammps/src/bond_deprecated.cpp.o
	[ 16%] Building CXX object CMakeFiles/lammps.dir/opt/my_lammps/src/bond_hybrid.cpp.o
	[ 16%] Building CXX object CMakeFiles/lammps.dir/opt/my_lammps/src/bond_zero.cpp.o
	[ 16%] Building CXX object CMakeFiles/lammps.dir/opt/my_lammps/src/change_box.cpp.o
	[ 16%] Building CXX object CMakeFiles/lammps.dir/opt/my_lammps/src/citeme.cpp.o
	[ 17%] Building CXX object CMakeFiles/lammps.dir/opt/my_lammps/src/comm.cpp.o
	[ 17%] Building CXX object CMakeFiles/lammps.dir/opt/my_lammps/src/comm_brick.cpp.o
	[ 17%] Building CXX object CMakeFiles/lammps.dir/opt/my_lammps/src/comm_tiled.cpp.o
	[ 17%] Building CXX object CMakeFiles/lammps.dir/opt/my_lammps/src/compute.cpp.o
	[ 17%] Building CXX object CMakeFiles/lammps.dir/opt/my_lammps/src/compute_aggregate_atom.cpp.o
	[ 17%] Building CXX object CMakeFiles/lammps.dir/opt/my_lammps/src/compute_angle.cpp.o
	[ 17%] Building CXX object CMakeFiles/lammps.dir/opt/my_lammps/src/compute_angle_local.cpp.o
	[ 17%] Building CXX object CMakeFiles/lammps.dir/opt/my_lammps/src/compute_angmom_chunk.cpp.o
	[ 17%] Building CXX object CMakeFiles/lammps.dir/opt/my_lammps/src/compute_bond.cpp.o
	[ 17%] Building CXX object CMakeFiles/lammps.dir/opt/my_lammps/src/compute_bond_local.cpp.o
	[ 17%] Building CXX object CMakeFiles/lammps.dir/opt/my_lammps/src/compute_centro_atom.cpp.o
	[ 17%] Building CXX object CMakeFiles/lammps.dir/opt/my_lammps/src/compute_centroid_stress_atom.cpp.o
	[ 17%] Building CXX object CMakeFiles/lammps.dir/opt/my_lammps/src/compute_chunk.cpp.o
	[ 17%] Building CXX object CMakeFiles/lammps.dir/opt/my_lammps/src/compute_chunk_atom.cpp.o
	[ 17%] Building CXX object CMakeFiles/lammps.dir/opt/my_lammps/src/compute_chunk_spread_atom.cpp.o
	[ 17%] Building CXX object CMakeFiles/lammps.dir/opt/my_lammps/src/compute_cluster_atom.cpp.o
	[ 17%] Building CXX object CMakeFiles/lammps.dir/opt/my_lammps/src/compute_cna_atom.cpp.o
	[ 18%] Building CXX object CMakeFiles/lammps.dir/opt/my_lammps/src/compute_com.cpp.o
	[ 18%] Building CXX object CMakeFiles/lammps.dir/opt/my_lammps/src/compute_com_chunk.cpp.o
	[ 18%] Building CXX object CMakeFiles/lammps.dir/opt/my_lammps/src/compute_coord_atom.cpp.o
	[ 18%] Building CXX object CMakeFiles/lammps.dir/opt/my_lammps/src/compute_count_type.cpp.o
	[ 18%] Building CXX object CMakeFiles/lammps.dir/opt/my_lammps/src/compute_deprecated.cpp.o
	[ 18%] Building CXX object CMakeFiles/lammps.dir/opt/my_lammps/src/compute_dihedral.cpp.o
	[ 18%] Building CXX object CMakeFiles/lammps.dir/opt/my_lammps/src/compute_dihedral_local.cpp.o
	[ 18%] Building CXX object CMakeFiles/lammps.dir/opt/my_lammps/src/compute_dipole.cpp.o
	[ 18%] Building CXX object CMakeFiles/lammps.dir/opt/my_lammps/src/compute_dipole_chunk.cpp.o
	[ 18%] Building CXX object CMakeFiles/lammps.dir/opt/my_lammps/src/compute_displace_atom.cpp.o
	[ 18%] Building CXX object CMakeFiles/lammps.dir/opt/my_lammps/src/compute_erotate_sphere.cpp.o
	[ 18%] Building CXX object CMakeFiles/lammps.dir/opt/my_lammps/src/compute_erotate_sphere_atom.cpp.o
	[ 18%] Building CXX object CMakeFiles/lammps.dir/opt/my_lammps/src/compute_fragment_atom.cpp.o
	[ 18%] Building CXX object CMakeFiles/lammps.dir/opt/my_lammps/src/compute_global_atom.cpp.o
	[ 18%] Building CXX object CMakeFiles/lammps.dir/opt/my_lammps/src/compute_group_group.cpp.o
	[ 18%] Building CXX object CMakeFiles/lammps.dir/opt/my_lammps/src/compute_gyration.cpp.o
	[ 18%] Building CXX object CMakeFiles/lammps.dir/opt/my_lammps/src/compute_gyration_chunk.cpp.o
	[ 18%] Building CXX object CMakeFiles/lammps.dir/opt/my_lammps/src/compute_heat_flux.cpp.o
	[ 19%] Building CXX object CMakeFiles/lammps.dir/opt/my_lammps/src/compute_improper.cpp.o
	[ 19%] Building CXX object CMakeFiles/lammps.dir/opt/my_lammps/src/compute_improper_local.cpp.o
	[ 19%] Building CXX object CMakeFiles/lammps.dir/opt/my_lammps/src/compute_inertia_chunk.cpp.o
	[ 19%] Building CXX object CMakeFiles/lammps.dir/opt/my_lammps/src/compute_ke.cpp.o
	[ 19%] Building CXX object CMakeFiles/lammps.dir/opt/my_lammps/src/compute_ke_atom.cpp.o
	[ 19%] Building CXX object CMakeFiles/lammps.dir/opt/my_lammps/src/compute_msd.cpp.o
	[ 19%] Building CXX object CMakeFiles/lammps.dir/opt/my_lammps/src/compute_msd_chunk.cpp.o
	[ 19%] Building CXX object CMakeFiles/lammps.dir/opt/my_lammps/src/compute_omega_chunk.cpp.o
	[ 19%] Building CXX object CMakeFiles/lammps.dir/opt/my_lammps/src/compute_orientorder_atom.cpp.o
	[ 19%] Building CXX object CMakeFiles/lammps.dir/opt/my_lammps/src/compute_pair.cpp.o
	[ 19%] Building CXX object CMakeFiles/lammps.dir/opt/my_lammps/src/compute_pair_local.cpp.o
	[ 19%] Building CXX object CMakeFiles/lammps.dir/opt/my_lammps/src/compute_pe.cpp.o
	[ 19%] Building CXX object CMakeFiles/lammps.dir/opt/my_lammps/src/compute_pe_atom.cpp.o
	[ 19%] Building CXX object CMakeFiles/lammps.dir/opt/my_lammps/src/compute_pressure.cpp.o
	[ 19%] Building CXX object CMakeFiles/lammps.dir/opt/my_lammps/src/compute_property_atom.cpp.o
	[ 19%] Building CXX object CMakeFiles/lammps.dir/opt/my_lammps/src/compute_property_chunk.cpp.o
	[ 19%] Building CXX object CMakeFiles/lammps.dir/opt/my_lammps/src/compute_property_grid.cpp.o
	[ 20%] Building CXX object CMakeFiles/lammps.dir/opt/my_lammps/src/compute_property_local.cpp.o
	[ 20%] Building CXX object CMakeFiles/lammps.dir/opt/my_lammps/src/compute_rdf.cpp.o
	[ 20%] Building CXX object CMakeFiles/lammps.dir/opt/my_lammps/src/compute_reduce.cpp.o
	[ 20%] Building CXX object CMakeFiles/lammps.dir/opt/my_lammps/src/compute_reduce_chunk.cpp.o
	[ 20%] Building CXX object CMakeFiles/lammps.dir/opt/my_lammps/src/compute_reduce_region.cpp.o
	[ 20%] Building CXX object CMakeFiles/lammps.dir/opt/my_lammps/src/compute_slice.cpp.o
	[ 20%] Building CXX object CMakeFiles/lammps.dir/opt/my_lammps/src/compute_stress_atom.cpp.o
	[ 20%] Building CXX object CMakeFiles/lammps.dir/opt/my_lammps/src/compute_temp.cpp.o
	[ 20%] Building CXX object CMakeFiles/lammps.dir/opt/my_lammps/src/compute_temp_chunk.cpp.o
	[ 20%] Building CXX object CMakeFiles/lammps.dir/opt/my_lammps/src/compute_temp_com.cpp.o
	[ 20%] Building CXX object CMakeFiles/lammps.dir/opt/my_lammps/src/compute_temp_deform.cpp.o
	[ 20%] Building CXX object CMakeFiles/lammps.dir/opt/my_lammps/src/compute_temp_partial.cpp.o
	[ 20%] Building CXX object CMakeFiles/lammps.dir/opt/my_lammps/src/compute_temp_profile.cpp.o
	[ 20%] Building CXX object CMakeFiles/lammps.dir/opt/my_lammps/src/compute_temp_ramp.cpp.o
	[ 20%] Building CXX object CMakeFiles/lammps.dir/opt/my_lammps/src/compute_temp_region.cpp.o
	[ 20%] Building CXX object CMakeFiles/lammps.dir/opt/my_lammps/src/compute_temp_sphere.cpp.o
	[ 20%] Building CXX object CMakeFiles/lammps.dir/opt/my_lammps/src/compute_torque_chunk.cpp.o
	[ 20%] Building CXX object CMakeFiles/lammps.dir/opt/my_lammps/src/compute_vacf.cpp.o
	[ 21%] Building CXX object CMakeFiles/lammps.dir/opt/my_lammps/src/compute_vacf_chunk.cpp.o
	[ 21%] Building CXX object CMakeFiles/lammps.dir/opt/my_lammps/src/compute_vcm_chunk.cpp.o
	[ 21%] Building CXX object CMakeFiles/lammps.dir/opt/my_lammps/src/create_atoms.cpp.o
	[ 21%] Building CXX object CMakeFiles/lammps.dir/opt/my_lammps/src/create_bonds.cpp.o
	[ 21%] Building CXX object CMakeFiles/lammps.dir/opt/my_lammps/src/create_box.cpp.o
	[ 21%] Building CXX object CMakeFiles/lammps.dir/opt/my_lammps/src/delete_atoms.cpp.o
	[ 21%] Building CXX object CMakeFiles/lammps.dir/opt/my_lammps/src/delete_bonds.cpp.o
	[ 21%] Building CXX object CMakeFiles/lammps.dir/opt/my_lammps/src/deprecated.cpp.o
	[ 21%] Building CXX object CMakeFiles/lammps.dir/opt/my_lammps/src/dihedral.cpp.o
	[ 21%] Building CXX object CMakeFiles/lammps.dir/opt/my_lammps/src/dihedral_deprecated.cpp.o
	[ 21%] Building CXX object CMakeFiles/lammps.dir/opt/my_lammps/src/dihedral_hybrid.cpp.o
	[ 21%] Building CXX object CMakeFiles/lammps.dir/opt/my_lammps/src/dihedral_write.cpp.o
	[ 21%] Building CXX object CMakeFiles/lammps.dir/opt/my_lammps/src/dihedral_zero.cpp.o
	[ 21%] Building CXX object CMakeFiles/lammps.dir/opt/my_lammps/src/displace_atoms.cpp.o
	[ 21%] Building CXX object CMakeFiles/lammps.dir/opt/my_lammps/src/domain.cpp.o
	[ 21%] Building CXX object CMakeFiles/lammps.dir/opt/my_lammps/src/dump.cpp.o
	[ 21%] Building CXX object CMakeFiles/lammps.dir/opt/my_lammps/src/dump_atom.cpp.o
	[ 22%] Building CXX object CMakeFiles/lammps.dir/opt/my_lammps/src/dump_cfg.cpp.o
	[ 22%] Building CXX object CMakeFiles/lammps.dir/opt/my_lammps/src/dump_custom.cpp.o
	[ 22%] Building CXX object CMakeFiles/lammps.dir/opt/my_lammps/src/dump_deprecated.cpp.o
	[ 22%] Building CXX object CMakeFiles/lammps.dir/opt/my_lammps/src/dump_grid.cpp.o
	[ 22%] Building CXX object CMakeFiles/lammps.dir/opt/my_lammps/src/dump_grid_vtk.cpp.o
	[ 22%] Building CXX object CMakeFiles/lammps.dir/opt/my_lammps/src/dump_image.cpp.o
	[ 22%] Building CXX object CMakeFiles/lammps.dir/opt/my_lammps/src/dump_local.cpp.o
	[ 22%] Building CXX object CMakeFiles/lammps.dir/opt/my_lammps/src/dump_movie.cpp.o
	[ 22%] Building CXX object CMakeFiles/lammps.dir/opt/my_lammps/src/dump_xyz.cpp.o
	[ 22%] Building CXX object CMakeFiles/lammps.dir/opt/my_lammps/src/error.cpp.o
	[ 22%] Building CXX object CMakeFiles/lammps.dir/opt/my_lammps/src/finish.cpp.o
	[ 22%] Building CXX object CMakeFiles/lammps.dir/opt/my_lammps/src/fix.cpp.o
	[ 22%] Building CXX object CMakeFiles/lammps.dir/opt/my_lammps/src/fix_adapt.cpp.o
	[ 22%] Building CXX object CMakeFiles/lammps.dir/opt/my_lammps/src/fix_addforce.cpp.o
	[ 22%] Building CXX object CMakeFiles/lammps.dir/opt/my_lammps/src/fix_ave_atom.cpp.o
	[ 22%] Building CXX object CMakeFiles/lammps.dir/opt/my_lammps/src/fix_ave_chunk.cpp.o
	[ 22%] Building CXX object CMakeFiles/lammps.dir/opt/my_lammps/src/fix_ave_correlate.cpp.o
	[ 22%] Building CXX object CMakeFiles/lammps.dir/opt/my_lammps/src/fix_ave_grid.cpp.o
	[ 23%] Building CXX object CMakeFiles/lammps.dir/opt/my_lammps/src/fix_ave_histo.cpp.o
	[ 23%] Building CXX object CMakeFiles/lammps.dir/opt/my_lammps/src/fix_ave_histo_weight.cpp.o
	[ 23%] Building CXX object CMakeFiles/lammps.dir/opt/my_lammps/src/fix_ave_time.cpp.o
	[ 23%] Building CXX object CMakeFiles/lammps.dir/opt/my_lammps/src/fix_aveforce.cpp.o
	[ 23%] Building CXX object CMakeFiles/lammps.dir/opt/my_lammps/src/fix_balance.cpp.o
	[ 23%] Building CXX object CMakeFiles/lammps.dir/opt/my_lammps/src/fix_bond_history.cpp.o
	[ 23%] Building CXX object CMakeFiles/lammps.dir/opt/my_lammps/src/fix_box_relax.cpp.o
	[ 23%] Building CXX object CMakeFiles/lammps.dir/opt/my_lammps/src/fix_deform.cpp.o
	[ 23%] Building CXX object CMakeFiles/lammps.dir/opt/my_lammps/src/fix_deposit.cpp.o
	[ 23%] Building CXX object CMakeFiles/lammps.dir/opt/my_lammps/src/fix_deprecated.cpp.o
	[ 23%] Building CXX object CMakeFiles/lammps.dir/opt/my_lammps/src/fix_dt_reset.cpp.o
	[ 23%] Building CXX object CMakeFiles/lammps.dir/opt/my_lammps/src/fix_dummy.cpp.o
	[ 23%] Building CXX object CMakeFiles/lammps.dir/opt/my_lammps/src/fix_efield.cpp.o
	[ 23%] Building CXX object CMakeFiles/lammps.dir/opt/my_lammps/src/fix_enforce2d.cpp.o
	[ 23%] Building CXX object CMakeFiles/lammps.dir/opt/my_lammps/src/fix_evaporate.cpp.o
	[ 23%] Building CXX object CMakeFiles/lammps.dir/opt/my_lammps/src/fix_external.cpp.o
	[ 23%] Building CXX object CMakeFiles/lammps.dir/opt/my_lammps/src/fix_gravity.cpp.o
	[ 24%] Building CXX object CMakeFiles/lammps.dir/opt/my_lammps/src/fix_group.cpp.o
	[ 24%] Building CXX object CMakeFiles/lammps.dir/opt/my_lammps/src/fix_halt.cpp.o
	[ 24%] Building CXX object CMakeFiles/lammps.dir/opt/my_lammps/src/fix_heat.cpp.o
	[ 24%] Building CXX object CMakeFiles/lammps.dir/opt/my_lammps/src/fix_indent.cpp.o
	[ 24%] Building CXX object CMakeFiles/lammps.dir/opt/my_lammps/src/fix_langevin.cpp.o
	[ 24%] Building CXX object CMakeFiles/lammps.dir/opt/my_lammps/src/fix_lineforce.cpp.o
	[ 24%] Building CXX object CMakeFiles/lammps.dir/opt/my_lammps/src/fix_minimize.cpp.o
	[ 24%] Building CXX object CMakeFiles/lammps.dir/opt/my_lammps/src/fix_momentum.cpp.o
	[ 24%] Building CXX object CMakeFiles/lammps.dir/opt/my_lammps/src/fix_move.cpp.o
	[ 24%] Building CXX object CMakeFiles/lammps.dir/opt/my_lammps/src/fix_neigh_history.cpp.o
	[ 24%] Building CXX object CMakeFiles/lammps.dir/opt/my_lammps/src/fix_nh.cpp.o
	[ 24%] Building CXX object CMakeFiles/lammps.dir/opt/my_lammps/src/fix_nh_sphere.cpp.o
	[ 24%] Building CXX object CMakeFiles/lammps.dir/opt/my_lammps/src/fix_nph.cpp.o
	[ 24%] Building CXX object CMakeFiles/lammps.dir/opt/my_lammps/src/fix_nph_sphere.cpp.o
	[ 24%] Building CXX object CMakeFiles/lammps.dir/opt/my_lammps/src/fix_npt.cpp.o
	[ 24%] Building CXX object CMakeFiles/lammps.dir/opt/my_lammps/src/fix_npt_sphere.cpp.o
	[ 24%] Building CXX object CMakeFiles/lammps.dir/opt/my_lammps/src/fix_nve.cpp.o
	[ 24%] Building CXX object CMakeFiles/lammps.dir/opt/my_lammps/src/fix_nve_limit.cpp.o
	[ 25%] Building CXX object CMakeFiles/lammps.dir/opt/my_lammps/src/fix_nve_noforce.cpp.o
	[ 25%] Building CXX object CMakeFiles/lammps.dir/opt/my_lammps/src/fix_nve_sphere.cpp.o
	[ 25%] Building CXX object CMakeFiles/lammps.dir/opt/my_lammps/src/fix_nvt.cpp.o
	[ 25%] Building CXX object CMakeFiles/lammps.dir/opt/my_lammps/src/fix_nvt_sllod.cpp.o
	[ 25%] Building CXX object CMakeFiles/lammps.dir/opt/my_lammps/src/fix_nvt_sphere.cpp.o
	[ 25%] Building CXX object CMakeFiles/lammps.dir/opt/my_lammps/src/fix_pair.cpp.o
	[ 25%] Building CXX object CMakeFiles/lammps.dir/opt/my_lammps/src/fix_planeforce.cpp.o
	[ 25%] Building CXX object CMakeFiles/lammps.dir/opt/my_lammps/src/fix_press_berendsen.cpp.o
	[ 25%] Building CXX object CMakeFiles/lammps.dir/opt/my_lammps/src/fix_press_langevin.cpp.o
	[ 25%] Building CXX object CMakeFiles/lammps.dir/opt/my_lammps/src/fix_print.cpp.o
	[ 25%] Building CXX object CMakeFiles/lammps.dir/opt/my_lammps/src/fix_property_atom.cpp.o
	[ 25%] Building CXX object CMakeFiles/lammps.dir/opt/my_lammps/src/fix_read_restart.cpp.o
	[ 25%] Building CXX object CMakeFiles/lammps.dir/opt/my_lammps/src/fix_recenter.cpp.o
	[ 25%] Building CXX object CMakeFiles/lammps.dir/opt/my_lammps/src/fix_respa.cpp.o
	[ 25%] Building CXX object CMakeFiles/lammps.dir/opt/my_lammps/src/fix_restrain.cpp.o
	[ 25%] Building CXX object CMakeFiles/lammps.dir/opt/my_lammps/src/fix_set.cpp.o
	[ 25%] Building CXX object CMakeFiles/lammps.dir/opt/my_lammps/src/fix_setforce.cpp.o
	[ 26%] Building CXX object CMakeFiles/lammps.dir/opt/my_lammps/src/fix_spring.cpp.o
	[ 26%] Building CXX object CMakeFiles/lammps.dir/opt/my_lammps/src/fix_spring_chunk.cpp.o
	[ 26%] Building CXX object CMakeFiles/lammps.dir/opt/my_lammps/src/fix_spring_self.cpp.o
	[ 26%] Building CXX object CMakeFiles/lammps.dir/opt/my_lammps/src/fix_store_atom.cpp.o
	[ 26%] Building CXX object CMakeFiles/lammps.dir/opt/my_lammps/src/fix_store_force.cpp.o
	[ 26%] Building CXX object CMakeFiles/lammps.dir/opt/my_lammps/src/fix_store_global.cpp.o
	[ 26%] Building CXX object CMakeFiles/lammps.dir/opt/my_lammps/src/fix_store_local.cpp.o
	[ 26%] Building CXX object CMakeFiles/lammps.dir/opt/my_lammps/src/fix_store_state.cpp.o
	[ 26%] Building CXX object CMakeFiles/lammps.dir/opt/my_lammps/src/fix_temp_berendsen.cpp.o
	[ 26%] Building CXX object CMakeFiles/lammps.dir/opt/my_lammps/src/fix_temp_rescale.cpp.o
	[ 26%] Building CXX object CMakeFiles/lammps.dir/opt/my_lammps/src/fix_thermal_conductivity.cpp.o
	[ 26%] Building CXX object CMakeFiles/lammps.dir/opt/my_lammps/src/fix_timeboost.cpp.o
	[ 26%] Building CXX object CMakeFiles/lammps.dir/opt/my_lammps/src/fix_vector.cpp.o
	[ 26%] Building CXX object CMakeFiles/lammps.dir/opt/my_lammps/src/fix_viscous.cpp.o
	[ 26%] Building CXX object CMakeFiles/lammps.dir/opt/my_lammps/src/fix_wall.cpp.o
	[ 26%] Building CXX object CMakeFiles/lammps.dir/opt/my_lammps/src/fix_wall_harmonic.cpp.o
	[ 26%] Building CXX object CMakeFiles/lammps.dir/opt/my_lammps/src/fix_wall_harmonic_outside.cpp.o
	[ 26%] Building CXX object CMakeFiles/lammps.dir/opt/my_lammps/src/fix_wall_lj1043.cpp.o
	[ 27%] Building CXX object CMakeFiles/lammps.dir/opt/my_lammps/src/fix_wall_lj126.cpp.o
	[ 27%] Building CXX object CMakeFiles/lammps.dir/opt/my_lammps/src/fix_wall_lj93.cpp.o
	[ 27%] Building CXX object CMakeFiles/lammps.dir/opt/my_lammps/src/fix_wall_morse.cpp.o
	[ 27%] Building CXX object CMakeFiles/lammps.dir/opt/my_lammps/src/fix_wall_reflect.cpp.o
	[ 27%] Building CXX object CMakeFiles/lammps.dir/opt/my_lammps/src/fix_wall_region.cpp.o
	[ 27%] Building CXX object CMakeFiles/lammps.dir/opt/my_lammps/src/fix_wall_table.cpp.o
	[ 27%] Building CXX object CMakeFiles/lammps.dir/opt/my_lammps/src/fmtlib_format.cpp.o
	[ 27%] Building CXX object CMakeFiles/lammps.dir/opt/my_lammps/src/fmtlib_os.cpp.o
	[ 27%] Building CXX object CMakeFiles/lammps.dir/opt/my_lammps/src/force.cpp.o
	[ 27%] Building CXX object CMakeFiles/lammps.dir/opt/my_lammps/src/grid2d.cpp.o
	[ 27%] Building CXX object CMakeFiles/lammps.dir/opt/my_lammps/src/grid3d.cpp.o
	[ 27%] Building CXX object CMakeFiles/lammps.dir/opt/my_lammps/src/group.cpp.o
	[ 27%] Building CXX object CMakeFiles/lammps.dir/opt/my_lammps/src/image.cpp.o
	[ 27%] Building CXX object CMakeFiles/lammps.dir/opt/my_lammps/src/imbalance.cpp.o
	[ 27%] Building CXX object CMakeFiles/lammps.dir/opt/my_lammps/src/imbalance_group.cpp.o
	[ 27%] Building CXX object CMakeFiles/lammps.dir/opt/my_lammps/src/imbalance_neigh.cpp.o
	[ 27%] Building CXX object CMakeFiles/lammps.dir/opt/my_lammps/src/imbalance_store.cpp.o
	[ 28%] Building CXX object CMakeFiles/lammps.dir/opt/my_lammps/src/imbalance_time.cpp.o
	[ 28%] Building CXX object CMakeFiles/lammps.dir/opt/my_lammps/src/imbalance_var.cpp.o
	[ 28%] Building CXX object CMakeFiles/lammps.dir/opt/my_lammps/src/improper.cpp.o
	[ 28%] Building CXX object CMakeFiles/lammps.dir/opt/my_lammps/src/improper_deprecated.cpp.o
	[ 28%] Building CXX object CMakeFiles/lammps.dir/opt/my_lammps/src/improper_hybrid.cpp.o
	[ 28%] Building CXX object CMakeFiles/lammps.dir/opt/my_lammps/src/improper_zero.cpp.o
	[ 28%] Building CXX object CMakeFiles/lammps.dir/opt/my_lammps/src/info.cpp.o
	[ 28%] Building CXX object CMakeFiles/lammps.dir/opt/my_lammps/src/input.cpp.o
	[ 28%] Building CXX object CMakeFiles/lammps.dir/opt/my_lammps/src/integrate.cpp.o
	[ 28%] Building CXX object CMakeFiles/lammps.dir/opt/my_lammps/src/irregular.cpp.o
	[ 28%] Building CXX object CMakeFiles/lammps.dir/opt/my_lammps/src/kspace.cpp.o
	[ 28%] Building CXX object CMakeFiles/lammps.dir/opt/my_lammps/src/kspace_deprecated.cpp.o
	[ 28%] Building CXX object CMakeFiles/lammps.dir/opt/my_lammps/src/kspace_zero.cpp.o
	[ 28%] Building CXX object CMakeFiles/lammps.dir/opt/my_lammps/src/label_map.cpp.o
	[ 28%] Building CXX object CMakeFiles/lammps.dir/opt/my_lammps/src/lammps.cpp.o
	[ 28%] Building CXX object CMakeFiles/lammps.dir/opt/my_lammps/src/lattice.cpp.o
	[ 28%] Building CXX object CMakeFiles/lammps.dir/opt/my_lammps/src/library.cpp.o
	[ 28%] Building CXX object CMakeFiles/lammps.dir/opt/my_lammps/src/lmppython.cpp.o
	[ 29%] Building CXX object CMakeFiles/lammps.dir/opt/my_lammps/src/math_eigen.cpp.o
	[ 29%] Building CXX object CMakeFiles/lammps.dir/opt/my_lammps/src/math_extra.cpp.o
	[ 29%] Building CXX object CMakeFiles/lammps.dir/opt/my_lammps/src/math_special.cpp.o
	[ 29%] Building CXX object CMakeFiles/lammps.dir/opt/my_lammps/src/memory.cpp.o
	[ 29%] Building CXX object CMakeFiles/lammps.dir/opt/my_lammps/src/min.cpp.o
	[ 29%] Building CXX object CMakeFiles/lammps.dir/opt/my_lammps/src/min_cg.cpp.o
	[ 29%] Building CXX object CMakeFiles/lammps.dir/opt/my_lammps/src/min_deprecated.cpp.o
	[ 29%] Building CXX object CMakeFiles/lammps.dir/opt/my_lammps/src/min_fire.cpp.o
	[ 29%] Building CXX object CMakeFiles/lammps.dir/opt/my_lammps/src/min_hftn.cpp.o
	[ 29%] Building CXX object CMakeFiles/lammps.dir/opt/my_lammps/src/min_linesearch.cpp.o
	[ 29%] Building CXX object CMakeFiles/lammps.dir/opt/my_lammps/src/min_quickmin.cpp.o
	[ 29%] Building CXX object CMakeFiles/lammps.dir/opt/my_lammps/src/min_sd.cpp.o
	[ 29%] Building CXX object CMakeFiles/lammps.dir/opt/my_lammps/src/minimize.cpp.o
	[ 29%] Building CXX object CMakeFiles/lammps.dir/opt/my_lammps/src/modify.cpp.o
	[ 29%] Building CXX object CMakeFiles/lammps.dir/opt/my_lammps/src/molecule.cpp.o
	[ 29%] Building CXX object CMakeFiles/lammps.dir/opt/my_lammps/src/my_page.cpp.o
	[ 29%] Building CXX object CMakeFiles/lammps.dir/opt/my_lammps/src/my_pool_chunk.cpp.o
	[ 30%] Building CXX object CMakeFiles/lammps.dir/opt/my_lammps/src/nbin.cpp.o
	[ 30%] Building CXX object CMakeFiles/lammps.dir/opt/my_lammps/src/nbin_multi.cpp.o
	[ 30%] Building CXX object CMakeFiles/lammps.dir/opt/my_lammps/src/nbin_standard.cpp.o
	[ 30%] Building CXX object CMakeFiles/lammps.dir/opt/my_lammps/src/neigh_list.cpp.o
	[ 30%] Building CXX object CMakeFiles/lammps.dir/opt/my_lammps/src/neigh_request.cpp.o
	[ 30%] Building CXX object CMakeFiles/lammps.dir/opt/my_lammps/src/neighbor.cpp.o
	[ 30%] Building CXX object CMakeFiles/lammps.dir/opt/my_lammps/src/npair.cpp.o
	[ 30%] Building CXX object CMakeFiles/lammps.dir/opt/my_lammps/src/npair_bin.cpp.o
	[ 30%] Building CXX object CMakeFiles/lammps.dir/opt/my_lammps/src/npair_bin_ghost.cpp.o
	[ 30%] Building CXX object CMakeFiles/lammps.dir/opt/my_lammps/src/npair_copy.cpp.o
	[ 30%] Building CXX object CMakeFiles/lammps.dir/opt/my_lammps/src/npair_halffull.cpp.o
	[ 30%] Building CXX object CMakeFiles/lammps.dir/opt/my_lammps/src/npair_multi.cpp.o
	[ 30%] Building CXX object CMakeFiles/lammps.dir/opt/my_lammps/src/npair_nsq.cpp.o
	[ 30%] Building CXX object CMakeFiles/lammps.dir/opt/my_lammps/src/npair_nsq_ghost.cpp.o
	[ 30%] Building CXX object CMakeFiles/lammps.dir/opt/my_lammps/src/npair_respa_bin.cpp.o
	[ 30%] Building CXX object CMakeFiles/lammps.dir/opt/my_lammps/src/npair_respa_nsq.cpp.o
	[ 30%] Building CXX object CMakeFiles/lammps.dir/opt/my_lammps/src/npair_skip.cpp.o
	[ 30%] Building CXX object CMakeFiles/lammps.dir/opt/my_lammps/src/npair_skip_respa.cpp.o
	[ 31%] Building CXX object CMakeFiles/lammps.dir/opt/my_lammps/src/npair_skip_size_off2on.cpp.o
	[ 31%] Building CXX object CMakeFiles/lammps.dir/opt/my_lammps/src/npair_skip_size_off2on_oneside.cpp.o
	[ 31%] Building CXX object CMakeFiles/lammps.dir/opt/my_lammps/src/npair_trim.cpp.o
	[ 31%] Building CXX object CMakeFiles/lammps.dir/opt/my_lammps/src/nstencil.cpp.o
	[ 31%] Building CXX object CMakeFiles/lammps.dir/opt/my_lammps/src/nstencil_bin.cpp.o
	[ 31%] Building CXX object CMakeFiles/lammps.dir/opt/my_lammps/src/nstencil_ghost_bin.cpp.o
	[ 31%] Building CXX object CMakeFiles/lammps.dir/opt/my_lammps/src/nstencil_multi.cpp.o
	[ 31%] Building CXX object CMakeFiles/lammps.dir/opt/my_lammps/src/ntopo.cpp.o
	[ 31%] Building CXX object CMakeFiles/lammps.dir/opt/my_lammps/src/ntopo_angle_all.cpp.o
	[ 31%] Building CXX object CMakeFiles/lammps.dir/opt/my_lammps/src/ntopo_angle_partial.cpp.o
	[ 31%] Building CXX object CMakeFiles/lammps.dir/opt/my_lammps/src/ntopo_angle_template.cpp.o
	[ 31%] Building CXX object CMakeFiles/lammps.dir/opt/my_lammps/src/ntopo_bond_all.cpp.o
	[ 31%] Building CXX object CMakeFiles/lammps.dir/opt/my_lammps/src/ntopo_bond_partial.cpp.o
	[ 31%] Building CXX object CMakeFiles/lammps.dir/opt/my_lammps/src/ntopo_bond_template.cpp.o
	[ 31%] Building CXX object CMakeFiles/lammps.dir/opt/my_lammps/src/ntopo_dihedral_all.cpp.o
	[ 31%] Building CXX object CMakeFiles/lammps.dir/opt/my_lammps/src/ntopo_dihedral_partial.cpp.o
	[ 31%] Building CXX object CMakeFiles/lammps.dir/opt/my_lammps/src/ntopo_dihedral_template.cpp.o
	[ 32%] Building CXX object CMakeFiles/lammps.dir/opt/my_lammps/src/ntopo_improper_all.cpp.o
	[ 32%] Building CXX object CMakeFiles/lammps.dir/opt/my_lammps/src/ntopo_improper_partial.cpp.o
	[ 32%] Building CXX object CMakeFiles/lammps.dir/opt/my_lammps/src/ntopo_improper_template.cpp.o
	[ 32%] Building CXX object CMakeFiles/lammps.dir/opt/my_lammps/src/output.cpp.o
	[ 32%] Building CXX object CMakeFiles/lammps.dir/opt/my_lammps/src/pair.cpp.o
	[ 32%] Building CXX object CMakeFiles/lammps.dir/opt/my_lammps/src/pair_born.cpp.o
	[ 32%] Building CXX object CMakeFiles/lammps.dir/opt/my_lammps/src/pair_buck.cpp.o
	[ 32%] Building CXX object CMakeFiles/lammps.dir/opt/my_lammps/src/pair_buck_coul_cut.cpp.o
	[ 32%] Building CXX object CMakeFiles/lammps.dir/opt/my_lammps/src/pair_coul_cut.cpp.o
	[ 32%] Building CXX object CMakeFiles/lammps.dir/opt/my_lammps/src/pair_coul_debye.cpp.o
	[ 32%] Building CXX object CMakeFiles/lammps.dir/opt/my_lammps/src/pair_coul_dsf.cpp.o
	[ 32%] Building CXX object CMakeFiles/lammps.dir/opt/my_lammps/src/pair_coul_wolf.cpp.o
	[ 32%] Building CXX object CMakeFiles/lammps.dir/opt/my_lammps/src/pair_deprecated.cpp.o
	[ 32%] Building CXX object CMakeFiles/lammps.dir/opt/my_lammps/src/pair_hybrid.cpp.o
	[ 32%] Building CXX object CMakeFiles/lammps.dir/opt/my_lammps/src/pair_hybrid_molecular.cpp.o
	[ 32%] Building CXX object CMakeFiles/lammps.dir/opt/my_lammps/src/pair_hybrid_overlay.cpp.o
	[ 32%] Building CXX object CMakeFiles/lammps.dir/opt/my_lammps/src/pair_hybrid_scaled.cpp.o
	[ 32%] Building CXX object CMakeFiles/lammps.dir/opt/my_lammps/src/pair_lj_cut.cpp.o
	[ 33%] Building CXX object CMakeFiles/lammps.dir/opt/my_lammps/src/pair_lj_cut_coul_cut.cpp.o
	[ 33%] Building CXX object CMakeFiles/lammps.dir/opt/my_lammps/src/pair_lj_expand.cpp.o
	[ 33%] Building CXX object CMakeFiles/lammps.dir/opt/my_lammps/src/pair_morse.cpp.o
	[ 33%] Building CXX object CMakeFiles/lammps.dir/opt/my_lammps/src/pair_nequip_allegro.cpp.o
	[ 33%] Building CXX object CMakeFiles/lammps.dir/opt/my_lammps/src/pair_soft.cpp.o
	[ 33%] Building CXX object CMakeFiles/lammps.dir/opt/my_lammps/src/pair_table.cpp.o
	[ 33%] Building CXX object CMakeFiles/lammps.dir/opt/my_lammps/src/pair_yukawa.cpp.o
	[ 33%] Building CXX object CMakeFiles/lammps.dir/opt/my_lammps/src/pair_zbl.cpp.o
	[ 33%] Building CXX object CMakeFiles/lammps.dir/opt/my_lammps/src/pair_zero.cpp.o
	[ 33%] Building CXX object CMakeFiles/lammps.dir/opt/my_lammps/src/platform.cpp.o
	[ 33%] Building CXX object CMakeFiles/lammps.dir/opt/my_lammps/src/potential_file_reader.cpp.o
	[ 33%] Building CXX object CMakeFiles/lammps.dir/opt/my_lammps/src/procmap.cpp.o
	[ 33%] Building CXX object CMakeFiles/lammps.dir/opt/my_lammps/src/random_mars.cpp.o
	[ 33%] Building CXX object CMakeFiles/lammps.dir/opt/my_lammps/src/random_park.cpp.o
	[ 33%] Building CXX object CMakeFiles/lammps.dir/opt/my_lammps/src/rcb.cpp.o
	[ 33%] Building CXX object CMakeFiles/lammps.dir/opt/my_lammps/src/read_data.cpp.o
	[ 33%] Building CXX object CMakeFiles/lammps.dir/opt/my_lammps/src/read_dump.cpp.o
	[ 34%] Building CXX object CMakeFiles/lammps.dir/opt/my_lammps/src/read_restart.cpp.o
	[ 34%] Building CXX object CMakeFiles/lammps.dir/opt/my_lammps/src/reader.cpp.o
	[ 34%] Building CXX object CMakeFiles/lammps.dir/opt/my_lammps/src/reader_native.cpp.o
	[ 34%] Building CXX object CMakeFiles/lammps.dir/opt/my_lammps/src/reader_xyz.cpp.o
	[ 34%] Building CXX object CMakeFiles/lammps.dir/opt/my_lammps/src/region.cpp.o
	[ 34%] Building CXX object CMakeFiles/lammps.dir/opt/my_lammps/src/region_block.cpp.o
	[ 34%] Building CXX object CMakeFiles/lammps.dir/opt/my_lammps/src/region_cone.cpp.o
	[ 34%] Building CXX object CMakeFiles/lammps.dir/opt/my_lammps/src/region_cylinder.cpp.o
	[ 34%] Building CXX object CMakeFiles/lammps.dir/opt/my_lammps/src/region_deprecated.cpp.o
	[ 34%] Building CXX object CMakeFiles/lammps.dir/opt/my_lammps/src/region_ellipsoid.cpp.o
	[ 34%] Building CXX object CMakeFiles/lammps.dir/opt/my_lammps/src/region_intersect.cpp.o
	[ 34%] Building CXX object CMakeFiles/lammps.dir/opt/my_lammps/src/region_plane.cpp.o
	[ 34%] Building CXX object CMakeFiles/lammps.dir/opt/my_lammps/src/region_prism.cpp.o
	[ 34%] Building CXX object CMakeFiles/lammps.dir/opt/my_lammps/src/region_sphere.cpp.o
	[ 34%] Building CXX object CMakeFiles/lammps.dir/opt/my_lammps/src/region_union.cpp.o
	[ 34%] Building CXX object CMakeFiles/lammps.dir/opt/my_lammps/src/replicate.cpp.o
	[ 34%] Building CXX object CMakeFiles/lammps.dir/opt/my_lammps/src/rerun.cpp.o
	[ 34%] Building CXX object CMakeFiles/lammps.dir/opt/my_lammps/src/reset_atoms_id.cpp.o
	[ 35%] Building CXX object CMakeFiles/lammps.dir/opt/my_lammps/src/reset_atoms_image.cpp.o
	[ 35%] Building CXX object CMakeFiles/lammps.dir/opt/my_lammps/src/reset_atoms_mol.cpp.o
	[ 35%] Building CXX object CMakeFiles/lammps.dir/opt/my_lammps/src/respa.cpp.o
	[ 35%] Building CXX object CMakeFiles/lammps.dir/opt/my_lammps/src/run.cpp.o
	[ 35%] Building CXX object CMakeFiles/lammps.dir/opt/my_lammps/src/set.cpp.o
	[ 35%] Building CXX object CMakeFiles/lammps.dir/opt/my_lammps/src/special.cpp.o
	[ 35%] Building CXX object CMakeFiles/lammps.dir/opt/my_lammps/src/table_file_reader.cpp.o
	[ 35%] Building CXX object CMakeFiles/lammps.dir/opt/my_lammps/src/tabular_function.cpp.o
	[ 35%] Building CXX object CMakeFiles/lammps.dir/opt/my_lammps/src/text_file_reader.cpp.o
	[ 35%] Building CXX object CMakeFiles/lammps.dir/opt/my_lammps/src/thermo.cpp.o
	[ 35%] Building CXX object CMakeFiles/lammps.dir/opt/my_lammps/src/timer.cpp.o
	[ 35%] Building CXX object CMakeFiles/lammps.dir/opt/my_lammps/src/tokenizer.cpp.o
	[ 35%] Building CXX object CMakeFiles/lammps.dir/opt/my_lammps/src/universe.cpp.o
	[ 35%] Building CXX object CMakeFiles/lammps.dir/opt/my_lammps/src/update.cpp.o
	[ 35%] Building CXX object CMakeFiles/lammps.dir/opt/my_lammps/src/utils.cpp.o
	[ 35%] Building CXX object CMakeFiles/lammps.dir/opt/my_lammps/src/variable.cpp.o
	[ 35%] Building CXX object CMakeFiles/lammps.dir/opt/my_lammps/src/velocity.cpp.o
	[ 35%] Building CXX object CMakeFiles/lammps.dir/opt/my_lammps/src/verlet.cpp.o
	[ 36%] Building CXX object CMakeFiles/lammps.dir/opt/my_lammps/src/write_coeff.cpp.o
	[ 36%] Building CXX object CMakeFiles/lammps.dir/opt/my_lammps/src/write_data.cpp.o
	[ 36%] Building CXX object CMakeFiles/lammps.dir/opt/my_lammps/src/write_dump.cpp.o
	[ 36%] Building CXX object CMakeFiles/lammps.dir/opt/my_lammps/src/write_molecule.cpp.o
	[ 36%] Building CXX object CMakeFiles/lammps.dir/opt/my_lammps/src/write_restart.cpp.o
	[ 36%] Building CXX object CMakeFiles/lammps.dir/cython/mliap_model_python_couple.cpp.o
	/opt/my_lammps/build/cython/mliap_model_python_couple.cpp(19662): warning #550-D: variable "__pyx_lineno" was set but never used
	int __pyx_lineno = 0;
	^
	
	Remark: The warnings can be suppressed with "-diag-suppress <warning-number>"
	
	/opt/my_lammps/build/cython/mliap_model_python_couple.cpp(19663): warning #550-D: variable "__pyx_filename" was set but never used
	const char *__pyx_filename =
	^
	
	/opt/my_lammps/build/cython/mliap_model_python_couple.cpp(19664): warning #550-D: variable "__pyx_clineno" was set but never used
	int __pyx_clineno = 0;
	^
	/opt/my_lammps/build/cython/mliap_model_python_couple.cpp(705): warning #177-D: function "__Pyx__IsSameCFunction" was declared but never referenced
	static inline int __Pyx__IsSameCFunction(PyObject *func, void (*cfunc)(void)) {
	^
	/opt/my_lammps/build/cython/mliap_model_python_couple.cpp(789): warning #177-D: function "__Pyx_PyDict_GetItemStr" was declared but never referenced
	static inline PyObject * __Pyx_PyDict_GetItemStr(PyObject *dict, PyObject *name) {
	^
	/opt/my_lammps/build/cython/mliap_model_python_couple.cpp(28731): warning #177-D: function "__Pyx_PyObject_AsString" was declared but never referenced
	static inline const char* __Pyx_PyObject_AsString(PyObject* o) {
	^
	/opt/my_lammps/build/cython/mliap_model_python_couple.cpp(28726): warning #177-D: function "__Pyx_PyByteArray_FromString" was declared but never referenced
	static inline PyObject* __Pyx_PyByteArray_FromString(const char* c_str) {
	^
	/opt/my_lammps/build/cython/mliap_model_python_couple.cpp(28721): warning #177-D: function "__Pyx_PyUnicode_FromString" was declared but never referenced
	static inline PyObject* __Pyx_PyUnicode_FromString(const char* c_str) {
	^
	/opt/my_lammps/build/cython/mliap_model_python_couple.cpp(1255): warning #177-D: function "__Pyx_XNewRef" was declared but never referenced
	static inline PyObject *__Pyx_XNewRef(PyObject *obj) {
	^
	/opt/my_lammps/build/cython/mliap_model_python_couple.cpp(28926): warning #177-D: function "__Pyx_Owned_Py_None" was declared but never referenced
	static inline PyObject *__Pyx_Owned_Py_None(int b) {
	^
	/opt/my_lammps/build/cython/mliap_model_python_couple.cpp(28804): warning #177-D: function "__Pyx_PyObject_IsTrueAndDecref" was declared but never referenced
	static inline int __Pyx_PyObject_IsTrueAndDecref(PyObject* x) {
	^
	/opt/my_lammps/build/cython/mliap_model_python_couple.cpp(28913): warning #177-D: function "__Pyx_PyIndex_AsHash_t" was declared but never referenced
	static inline Py_hash_t __Pyx_PyIndex_AsHash_t(PyObject* o) {
	^
	/opt/my_lammps/build/cython/mliap_model_python_couple.cpp(1366): warning #550-D: variable "__pyx_lineno" was set but never used
	static int __pyx_lineno;
	^
	/opt/my_lammps/build/cython/mliap_model_python_couple.cpp(1367): warning #550-D: variable "__pyx_clineno" was set but never used
	static int __pyx_clineno = 0;
	^
	/opt/my_lammps/build/cython/mliap_model_python_couple.cpp(1369): warning #550-D: variable "__pyx_filename" was set but never used
	static const char *__pyx_filename;
	^
	
	/opt/my_lammps/build/cython/mliap_model_python_couple.cpp(21209): warning #177-D: function "__Pyx_PyTuple_FromArray" was declared but never referenced
	__Pyx_PyTuple_FromArray(PyObject *const *src, Py_ssize_t n)
	^
	/opt/my_lammps/build/cython/mliap_model_python_couple.cpp(21235): warning #177-D: function "__Pyx_PyBytes_Equals" was declared but never referenced
	static inline int __Pyx_PyBytes_Equals(PyObject* s1, PyObject* s2, int equals) {
	^
	/opt/my_lammps/build/cython/mliap_model_python_couple.cpp(21358): warning #177-D: function "__Pyx_GetKwValue_FASTCALL" was declared but never referenced
	static inline PyObject * __Pyx_GetKwValue_FASTCALL(PyObject *kwnames, PyObject *const *kwvalues, PyObject *s)
	^
	/opt/my_lammps/build/cython/mliap_model_python_couple.cpp(21667): warning #177-D: function "__Pyx_PyDict_Items" was declared but never referenced
	static inline PyObject* __Pyx_PyDict_Items(PyObject* d) {
	^
	/opt/my_lammps/build/cython/mliap_model_python_couple.cpp(21672): warning #177-D: function "__Pyx_PyDict_Values" was declared but never referenced
	static inline PyObject* __Pyx_PyDict_Values(PyObject* d) {
	^
	/opt/my_lammps/build/cython/mliap_model_python_couple.cpp(21742): warning #177-D: function "__Pyx_CallUnboundCMethod2" was declared but never referenced
	static inline PyObject *__Pyx_CallUnboundCMethod2(__Pyx_CachedCFunction *cfunc, PyObject *self, PyObject *arg1, PyObject *arg2) {
	^
	
	/opt/my_lammps/build/cython/mliap_model_python_couple.cpp(23036): warning #177-D: function "__Pyx_get_tp_dict_version" was declared but never referenced
	__Pyx_get_tp_dict_version(PyObject *obj) {
	^
	/opt/my_lammps/build/cython/mliap_model_python_couple.cpp(23052): warning #177-D: function "__Pyx_object_dict_version_matches" was declared but never referenced
	static inline int __Pyx_object_dict_version_matches(PyObject* obj,
	^
	
	/opt/my_lammps/build/cython/mliap_model_python_couple.cpp(23375): warning #177-D: function "__Pyx_HasAttr" was declared but never referenced
	static inline int __Pyx_HasAttr(PyObject *o, PyObject *n) {
	^
	/opt/my_lammps/build/cython/mliap_model_python_couple.cpp(23587): warning #177-D: function "__Pyx_PyErr_GivenExceptionMatches2" was declared but never referenced
	static inline int __Pyx_PyErr_GivenExceptionMatches2(PyObject *err, PyObject *exc_type1, PyObject *exc_type2) {
	^
	/opt/my_lammps/build/cython/mliap_model_python_couple.cpp(2494): warning #177-D: function "__Pyx_PyUnicode_DecodeUTF16" was declared but never referenced
	static inline PyObject *__Pyx_PyUnicode_DecodeUTF16(const char *s, Py_ssize_t size, const char *errors) {
	^
	/opt/my_lammps/build/cython/mliap_model_python_couple.cpp(2498): warning #177-D: function "__Pyx_PyUnicode_DecodeUTF16LE" was declared but never referenced
	static inline PyObject *__Pyx_PyUnicode_DecodeUTF16LE(const char *s, Py_ssize_t size, const char *errors) {
	^
	/opt/my_lammps/build/cython/mliap_model_python_couple.cpp(2502): warning #177-D: function "__Pyx_PyUnicode_DecodeUTF16BE" was declared but never referenced
	static inline PyObject *__Pyx_PyUnicode_DecodeUTF16BE(const char *s, Py_ssize_t size, const char *errors) {
	^
	/opt/my_lammps/build/cython/mliap_model_python_couple.cpp(25511): warning #177-D: function "__Pyx__IsSameCyOrCFunction" was declared but never referenced
	static inline int __Pyx__IsSameCyOrCFunction(PyObject *func, void (*cfunc)(void)) {
	^
	/opt/my_lammps/build/cython/mliap_model_python_couple.cpp(25518): warning #177-D: function "__Pyx__CyFunction_SetClassObj" was declared but never referenced
	static inline void __Pyx__CyFunction_SetClassObj(__pyx_CyFunctionObject* f, PyObject* classobj) {
	^
	
	/opt/my_lammps/build/cython/mliap_model_python_couple.cpp(26472): warning #177-D: function "__Pyx_CyFunction_InitDefaults" was declared but never referenced
	static inline PyObject *__Pyx_CyFunction_InitDefaults(PyObject *func, PyTypeObject *defaults_type) {
	^
	/opt/my_lammps/build/cython/mliap_model_python_couple.cpp(26479): warning #177-D: function "__Pyx_CyFunction_SetDefaultsTuple" was declared but never referenced
	static inline void __Pyx_CyFunction_SetDefaultsTuple(PyObject *func, PyObject *tuple) {
	^
	/opt/my_lammps/build/cython/mliap_model_python_couple.cpp(26484): warning #177-D: function "__Pyx_CyFunction_SetDefaultsKwDict" was declared but never referenced
	static inline void __Pyx_CyFunction_SetDefaultsKwDict(PyObject *func, PyObject *dict) {
	^
	
	/opt/my_lammps/build/cython/mliap_model_python_couple.cpp(26489): warning #177-D: function "__Pyx_CyFunction_SetAnnotationsDict" was declared but never referenced
	static inline void __Pyx_CyFunction_SetAnnotationsDict(PyObject *func, PyObject *dict) {
	^
	/opt/my_lammps/build/cython/mliap_model_python_couple.cpp(26825): warning #177-D: function "__pyx_memview_get_double" was declared but never referenced
	static inline PyObject *__pyx_memview_get_double(const char *itemp) {
	^
	/opt/my_lammps/build/cython/mliap_model_python_couple.cpp(26828): warning #177-D: function "__pyx_memview_set_double" was declared but never referenced
	static inline int __pyx_memview_set_double(char *itemp, PyObject *obj) {
	^
	/opt/my_lammps/build/cython/mliap_model_python_couple.cpp(26837): warning #177-D: function "__pyx_memview_get_int" was declared but never referenced
	static inline PyObject *__pyx_memview_get_int(const char *itemp) {
	^
	
	/opt/my_lammps/build/cython/mliap_model_python_couple.cpp(26840): warning #177-D: function "__pyx_memview_set_int" was declared but never referenced
	static inline int __pyx_memview_set_int(char *itemp, PyObject *obj) {
	^
	/opt/my_lammps/build/cython/mliap_model_python_couple.cpp(26867): warning #177-D: function "__pyx_add_acquisition_count_locked" was declared but never referenced
	__pyx_add_acquisition_count_locked(std::atomic_int *acquisition_count,
	^
	/opt/my_lammps/build/cython/mliap_model_python_couple.cpp(26877): warning #177-D: function "__pyx_sub_acquisition_count_locked" was declared but never referenced
	__pyx_sub_acquisition_count_locked(std::atomic_int *acquisition_count,
	^
	
	/opt/my_lammps/build/cython/mliap_model_python_couple.cpp(10588): warning #177-D: function "__pyx_memoryview_check" was declared but never referenced
	static inline int __pyx_memoryview_check(PyObject *__pyx_v_o) {
	^
	[ 36%] Building CXX object CMakeFiles/lammps.dir/cython/mliap_unified_couple.cpp.o
	/opt/my_lammps/build/cython/mliap_unified_couple.cpp(26011): warning #550-D: variable "__pyx_lineno" was set but never used
	int __pyx_lineno = 0;
	^
	
	Remark: The warnings can be suppressed with "-diag-suppress <warning-number>"
	
	/opt/my_lammps/build/cython/mliap_unified_couple.cpp(26012): warning #550-D: variable "__pyx_filename" was set but never used
	const char *__pyx_filename =
	^
	/opt/my_lammps/build/cython/mliap_unified_couple.cpp(26013): warning #550-D: variable "__pyx_clineno" was set but never used
	int __pyx_clineno = 0;
	^
	/opt/my_lammps/build/cython/mliap_unified_couple.cpp(26196): warning #550-D: variable "__pyx_lineno" was set but never used
	int __pyx_lineno = 0;
	^
	
	/opt/my_lammps/build/cython/mliap_unified_couple.cpp(26197): warning #550-D: variable "__pyx_filename" was set but never used
	const char *__pyx_filename =
	^
	
	/opt/my_lammps/build/cython/mliap_unified_couple.cpp(26198): warning #550-D: variable "__pyx_clineno" was set but never used
	int __pyx_clineno = 0;
	^
	/opt/my_lammps/build/cython/mliap_unified_couple.cpp(705): warning #177-D: function "__Pyx__IsSameCFunction" was declared but never referenced
	static inline int __Pyx__IsSameCFunction(PyObject *func, void (*cfunc)(void)) {
	^
	/opt/my_lammps/build/cython/mliap_unified_couple.cpp(789): warning #177-D: function "__Pyx_PyDict_GetItemStr" was declared but never referenced
	static inline PyObject * __Pyx_PyDict_GetItemStr(PyObject *dict, PyObject *name) {
	^
	/opt/my_lammps/build/cython/mliap_unified_couple.cpp(35874): warning #177-D: function "__Pyx_PyByteArray_FromString" was declared but never referenced
	static inline PyObject* __Pyx_PyByteArray_FromString(const char* c_str) {
	^
	/opt/my_lammps/build/cython/mliap_unified_couple.cpp(35869): warning #177-D: function "__Pyx_PyUnicode_FromString" was declared but never referenced
	static inline PyObject* __Pyx_PyUnicode_FromString(const char* c_str) {
	^
	/opt/my_lammps/build/cython/mliap_unified_couple.cpp(1254): warning #177-D: function "__Pyx_XNewRef" was declared but never referenced
	static inline PyObject *__Pyx_XNewRef(PyObject *obj) {
	^
	/opt/my_lammps/build/cython/mliap_unified_couple.cpp(36074): warning #177-D: function "__Pyx_Owned_Py_None" was declared but never referenced
	static inline PyObject *__Pyx_Owned_Py_None(int b) {
	^
	
	/opt/my_lammps/build/cython/mliap_unified_couple.cpp(35952): warning #177-D: function "__Pyx_PyObject_IsTrueAndDecref" was declared but never referenced
	static inline int __Pyx_PyObject_IsTrueAndDecref(PyObject* x) {
	^
	/opt/my_lammps/build/cython/mliap_unified_couple.cpp(36081): warning #177-D: function "__Pyx_PyLong_FromSize_t" was declared but never referenced
	static inline PyObject * __Pyx_PyLong_FromSize_t(size_t ival) {
	^
	/opt/my_lammps/build/cython/mliap_unified_couple.cpp(36061): warning #177-D: function "__Pyx_PyIndex_AsHash_t" was declared but never referenced
	static inline Py_hash_t __Pyx_PyIndex_AsHash_t(PyObject* o) {
	^
	/opt/my_lammps/build/cython/mliap_unified_couple.cpp(1365): warning #550-D: variable "__pyx_lineno" was set but never used
	static int __pyx_lineno;
	^
	/opt/my_lammps/build/cython/mliap_unified_couple.cpp(1366): warning #550-D: variable "__pyx_clineno" was set but never used
	static int __pyx_clineno = 0;
	^
	/opt/my_lammps/build/cython/mliap_unified_couple.cpp(1368): warning #550-D: variable "__pyx_filename" was set but never used
	static const char *__pyx_filename;
	^
	/opt/my_lammps/build/cython/mliap_unified_couple.cpp(28017): warning #177-D: function "__Pyx_PyTuple_FromArray" was declared but never referenced
	__Pyx_PyTuple_FromArray(PyObject *const *src, Py_ssize_t n)
	^
	/opt/my_lammps/build/cython/mliap_unified_couple.cpp(28043): warning #177-D: function "__Pyx_PyBytes_Equals" was declared but never referenced
	static inline int __Pyx_PyBytes_Equals(PyObject* s1, PyObject* s2, int equals) {
	^
	
	/opt/my_lammps/build/cython/mliap_unified_couple.cpp(28166): warning #177-D: function "__Pyx_GetKwValue_FASTCALL" was declared but never referenced
	static inline PyObject * __Pyx_GetKwValue_FASTCALL(PyObject *kwnames, PyObject *const *kwvalues, PyObject *s)
	^
	/opt/my_lammps/build/cython/mliap_unified_couple.cpp(28475): warning #177-D: function "__Pyx_PyDict_Items" was declared but never referenced
	static inline PyObject* __Pyx_PyDict_Items(PyObject* d) {
	^
	/opt/my_lammps/build/cython/mliap_unified_couple.cpp(28480): warning #177-D: function "__Pyx_PyDict_Values" was declared but never referenced
	static inline PyObject* __Pyx_PyDict_Values(PyObject* d) {
	^
	/opt/my_lammps/build/cython/mliap_unified_couple.cpp(28550): warning #177-D: function "__Pyx_CallUnboundCMethod2" was declared but never referenced
	static inline PyObject *__Pyx_CallUnboundCMethod2(__Pyx_CachedCFunction *cfunc, PyObject *self, PyObject *arg1, PyObject *arg2) {
	^
	/opt/my_lammps/build/cython/mliap_unified_couple.cpp(29627): warning #177-D: function "__Pyx_GetItemInt_List_Fast" was declared but never referenced
	static inline PyObject *__Pyx_GetItemInt_List_Fast(PyObject *o, Py_ssize_t i,
	^
	/opt/my_lammps/build/cython/mliap_unified_couple.cpp(29844): warning #177-D: function "__Pyx_get_tp_dict_version" was declared but never referenced
	__Pyx_get_tp_dict_version(PyObject *obj) {
	^
	/opt/my_lammps/build/cython/mliap_unified_couple.cpp(29860): warning #177-D: function "__Pyx_object_dict_version_matches" was declared but never referenced
	static inline int __Pyx_object_dict_version_matches(PyObject* obj,
	^
	/opt/my_lammps/build/cython/mliap_unified_couple.cpp(30183): warning #177-D: function "__Pyx_HasAttr" was declared but never referenced
	static inline int __Pyx_HasAttr(PyObject *o, PyObject *n) {
	^
	/opt/my_lammps/build/cython/mliap_unified_couple.cpp(30395): warning #177-D: function "__Pyx_PyErr_GivenExceptionMatches2" was declared but never referenced
	static inline int __Pyx_PyErr_GivenExceptionMatches2(PyObject *err, PyObject *exc_type1, PyObject *exc_type2) {
	^
	
	/opt/my_lammps/build/cython/mliap_unified_couple.cpp(2542): warning #177-D: function "__Pyx_PyUnicode_DecodeUTF16" was declared but never referenced
	static inline PyObject *__Pyx_PyUnicode_DecodeUTF16(const char *s, Py_ssize_t size, const char *errors) {
	^
	
	/opt/my_lammps/build/cython/mliap_unified_couple.cpp(2546): warning #177-D: function "__Pyx_PyUnicode_DecodeUTF16LE" was declared but never referenced
	static inline PyObject *__Pyx_PyUnicode_DecodeUTF16LE(const char *s, Py_ssize_t size, const char *errors) {
	^
	
	/opt/my_lammps/build/cython/mliap_unified_couple.cpp(2550): warning #177-D: function "__Pyx_PyUnicode_DecodeUTF16BE" was declared but never referenced
	static inline PyObject *__Pyx_PyUnicode_DecodeUTF16BE(const char *s, Py_ssize_t size, const char *errors) {
	^
	
	/opt/my_lammps/build/cython/mliap_unified_couple.cpp(32092): warning #177-D: function "__Pyx__IsSameCyOrCFunction" was declared but never referenced
	static inline int __Pyx__IsSameCyOrCFunction(PyObject *func, void (*cfunc)(void)) {
	^
	/opt/my_lammps/build/cython/mliap_unified_couple.cpp(32099): warning #177-D: function "__Pyx__CyFunction_SetClassObj" was declared but never referenced
	static inline void __Pyx__CyFunction_SetClassObj(__pyx_CyFunctionObject* f, PyObject* classobj) {
	^
	/opt/my_lammps/build/cython/mliap_unified_couple.cpp(33053): warning #177-D: function "__Pyx_CyFunction_InitDefaults" was declared but never referenced
	static inline PyObject *__Pyx_CyFunction_InitDefaults(PyObject *func, PyTypeObject *defaults_type) {
	^
	/opt/my_lammps/build/cython/mliap_unified_couple.cpp(33060): warning #177-D: function "__Pyx_CyFunction_SetDefaultsTuple" was declared but never referenced
	static inline void __Pyx_CyFunction_SetDefaultsTuple(PyObject *func, PyObject *tuple) {
	^
	
	/opt/my_lammps/build/cython/mliap_unified_couple.cpp(33065): warning #177-D: function "__Pyx_CyFunction_SetDefaultsKwDict" was declared but never referenced
	static inline void __Pyx_CyFunction_SetDefaultsKwDict(PyObject *func, PyObject *dict) {
	^
	
	/opt/my_lammps/build/cython/mliap_unified_couple.cpp(33070): warning #177-D: function "__Pyx_CyFunction_SetAnnotationsDict" was declared but never referenced
	static inline void __Pyx_CyFunction_SetAnnotationsDict(PyObject *func, PyObject *dict) {
	^
	/opt/my_lammps/build/cython/mliap_unified_couple.cpp(33425): warning #177-D: function "__pyx_add_acquisition_count_locked" was declared but never referenced
	__pyx_add_acquisition_count_locked(std::atomic_int *acquisition_count,
	^
	/opt/my_lammps/build/cython/mliap_unified_couple.cpp(33435): warning #177-D: function "__pyx_sub_acquisition_count_locked" was declared but never referenced
	__pyx_sub_acquisition_count_locked(std::atomic_int *acquisition_count,
	^
	/opt/my_lammps/build/cython/mliap_unified_couple.cpp(34384): warning #177-D: function "__pyx_memview_get_double" was declared but never referenced
	static inline PyObject *__pyx_memview_get_double(const char *itemp) {
	^
	/opt/my_lammps/build/cython/mliap_unified_couple.cpp(34387): warning #177-D: function "__pyx_memview_set_double" was declared but never referenced
	static inline int __pyx_memview_set_double(char *itemp, PyObject *obj) {
	^
	/opt/my_lammps/build/cython/mliap_unified_couple.cpp(34441): warning #177-D: function "__pyx_memview_get_int" was declared but never referenced
	static inline PyObject *__pyx_memview_get_int(const char *itemp) {
	^
	/opt/my_lammps/build/cython/mliap_unified_couple.cpp(34444): warning #177-D: function "__pyx_memview_set_int" was declared but never referenced
	static inline int __pyx_memview_set_int(char *itemp, PyObject *obj) {
	^
	[ 36%] Building CXX object CMakeFiles/lammps.dir/opt/my_lammps/src/ASPHERE/compute_erotate_asphere.cpp.o
	[ 36%] Building CXX object CMakeFiles/lammps.dir/opt/my_lammps/src/ASPHERE/compute_temp_asphere.cpp.o
	[ 36%] Building CXX object CMakeFiles/lammps.dir/opt/my_lammps/src/ASPHERE/fix_nh_asphere.cpp.o
	[ 36%] Building CXX object CMakeFiles/lammps.dir/opt/my_lammps/src/ASPHERE/fix_nph_asphere.cpp.o
	[ 36%] Building CXX object CMakeFiles/lammps.dir/opt/my_lammps/src/ASPHERE/fix_npt_asphere.cpp.o
	[ 36%] Building CXX object CMakeFiles/lammps.dir/opt/my_lammps/src/ASPHERE/fix_nve_asphere.cpp.o
	[ 36%] Building CXX object CMakeFiles/lammps.dir/opt/my_lammps/src/ASPHERE/fix_nve_asphere_noforce.cpp.o
	[ 36%] Building CXX object CMakeFiles/lammps.dir/opt/my_lammps/src/ASPHERE/fix_nve_line.cpp.o
	[ 36%] Building CXX object CMakeFiles/lammps.dir/opt/my_lammps/src/ASPHERE/fix_nve_tri.cpp.o
	[ 36%] Building CXX object CMakeFiles/lammps.dir/opt/my_lammps/src/ASPHERE/fix_nvt_asphere.cpp.o
	[ 37%] Building CXX object CMakeFiles/lammps.dir/opt/my_lammps/src/ASPHERE/pair_gayberne.cpp.o
	[ 37%] Building CXX object CMakeFiles/lammps.dir/opt/my_lammps/src/ASPHERE/pair_line_lj.cpp.o
	[ 37%] Building CXX object CMakeFiles/lammps.dir/opt/my_lammps/src/ASPHERE/pair_resquared.cpp.o
	[ 37%] Building CXX object CMakeFiles/lammps.dir/opt/my_lammps/src/ASPHERE/pair_tri_lj.cpp.o
	[ 37%] Building CXX object CMakeFiles/lammps.dir/opt/my_lammps/src/ASPHERE/pair_ylz.cpp.o
	[ 37%] Building CXX object CMakeFiles/lammps.dir/opt/my_lammps/src/CG-DNA/atom_vec_oxdna.cpp.o
	[ 37%] Building CXX object CMakeFiles/lammps.dir/opt/my_lammps/src/CG-DNA/bond_oxdna2_fene.cpp.o
	[ 37%] Building CXX object CMakeFiles/lammps.dir/opt/my_lammps/src/CG-DNA/bond_oxdna_fene.cpp.o
	[ 37%] Building CXX object CMakeFiles/lammps.dir/opt/my_lammps/src/CG-DNA/bond_oxrna2_fene.cpp.o
	[ 37%] Building CXX object CMakeFiles/lammps.dir/opt/my_lammps/src/CG-DNA/constants_oxdna.cpp.o
	[ 37%] Building CXX object CMakeFiles/lammps.dir/opt/my_lammps/src/CG-DNA/fix_nve_dot.cpp.o
	[ 37%] Building CXX object CMakeFiles/lammps.dir/opt/my_lammps/src/CG-DNA/fix_nve_dotc_langevin.cpp.o
	[ 37%] Building CXX object CMakeFiles/lammps.dir/opt/my_lammps/src/CG-DNA/pair_oxdna2_coaxstk.cpp.o
	[ 37%] Building CXX object CMakeFiles/lammps.dir/opt/my_lammps/src/CG-DNA/pair_oxdna2_dh.cpp.o
	[ 37%] Building CXX object CMakeFiles/lammps.dir/opt/my_lammps/src/CG-DNA/pair_oxdna2_excv.cpp.o
	[ 37%] Building CXX object CMakeFiles/lammps.dir/opt/my_lammps/src/CG-DNA/pair_oxdna_coaxstk.cpp.o
	[ 37%] Building CXX object CMakeFiles/lammps.dir/opt/my_lammps/src/CG-DNA/pair_oxdna_excv.cpp.o
	[ 37%] Building CXX object CMakeFiles/lammps.dir/opt/my_lammps/src/CG-DNA/pair_oxdna_hbond.cpp.o
	[ 38%] Building CXX object CMakeFiles/lammps.dir/opt/my_lammps/src/CG-DNA/pair_oxdna_stk.cpp.o
	[ 38%] Building CXX object CMakeFiles/lammps.dir/opt/my_lammps/src/CG-DNA/pair_oxdna_xstk.cpp.o
	[ 38%] Building CXX object CMakeFiles/lammps.dir/opt/my_lammps/src/CG-DNA/pair_oxrna2_dh.cpp.o
	[ 38%] Building CXX object CMakeFiles/lammps.dir/opt/my_lammps/src/CG-DNA/pair_oxrna2_excv.cpp.o
	[ 38%] Building CXX object CMakeFiles/lammps.dir/opt/my_lammps/src/CG-DNA/pair_oxrna2_hbond.cpp.o
	[ 38%] Building CXX object CMakeFiles/lammps.dir/opt/my_lammps/src/CG-DNA/pair_oxrna2_stk.cpp.o
	[ 38%] Building CXX object CMakeFiles/lammps.dir/opt/my_lammps/src/CG-DNA/pair_oxrna2_xstk.cpp.o
	[ 38%] Building CXX object CMakeFiles/lammps.dir/opt/my_lammps/src/CG-SPICA/angle_spica.cpp.o
	[ 38%] Building CXX object CMakeFiles/lammps.dir/opt/my_lammps/src/CG-SPICA/pair_lj_spica.cpp.o
	[ 38%] Building CXX object CMakeFiles/lammps.dir/opt/my_lammps/src/CG-SPICA/pair_lj_spica_coul_long.cpp.o
	[ 38%] Building CXX object CMakeFiles/lammps.dir/opt/my_lammps/src/CG-SPICA/pair_lj_spica_coul_msm.cpp.o
	[ 38%] Building CXX object CMakeFiles/lammps.dir/opt/my_lammps/src/COLLOID/fix_wall_colloid.cpp.o
	[ 38%] Building CXX object CMakeFiles/lammps.dir/opt/my_lammps/src/COLLOID/pair_brownian.cpp.o
	[ 38%] Building CXX object CMakeFiles/lammps.dir/opt/my_lammps/src/COLLOID/pair_brownian_poly.cpp.o
	[ 38%] Building CXX object CMakeFiles/lammps.dir/opt/my_lammps/src/COLLOID/pair_colloid.cpp.o
	[ 38%] Building CXX object CMakeFiles/lammps.dir/opt/my_lammps/src/COLLOID/pair_lubricate.cpp.o
	[ 38%] Building CXX object CMakeFiles/lammps.dir/opt/my_lammps/src/COLLOID/pair_lubricateU.cpp.o
	[ 39%] Building CXX object CMakeFiles/lammps.dir/opt/my_lammps/src/COLLOID/pair_lubricateU_poly.cpp.o
	[ 39%] Building CXX object CMakeFiles/lammps.dir/opt/my_lammps/src/COLLOID/pair_lubricate_poly.cpp.o
	[ 39%] Building CXX object CMakeFiles/lammps.dir/opt/my_lammps/src/COLLOID/pair_yukawa_colloid.cpp.o
	[ 39%] Building CXX object CMakeFiles/lammps.dir/opt/my_lammps/src/COLVARS/colvarproxy_lammps.cpp.o
	[ 39%] Building CXX object CMakeFiles/lammps.dir/opt/my_lammps/src/COLVARS/fix_colvars.cpp.o
	[ 39%] Building CXX object CMakeFiles/lammps.dir/opt/my_lammps/src/COMPRESS/dump_atom_gz.cpp.o
	[ 39%] Building CXX object CMakeFiles/lammps.dir/opt/my_lammps/src/COMPRESS/dump_atom_zstd.cpp.o
	[ 39%] Building CXX object CMakeFiles/lammps.dir/opt/my_lammps/src/COMPRESS/dump_cfg_gz.cpp.o
	[ 39%] Building CXX object CMakeFiles/lammps.dir/opt/my_lammps/src/COMPRESS/dump_cfg_zstd.cpp.o
	[ 39%] Building CXX object CMakeFiles/lammps.dir/opt/my_lammps/src/COMPRESS/dump_custom_gz.cpp.o
	[ 39%] Building CXX object CMakeFiles/lammps.dir/opt/my_lammps/src/COMPRESS/dump_custom_zstd.cpp.o
	[ 39%] Building CXX object CMakeFiles/lammps.dir/opt/my_lammps/src/COMPRESS/dump_local_gz.cpp.o
	[ 39%] Building CXX object CMakeFiles/lammps.dir/opt/my_lammps/src/COMPRESS/dump_local_zstd.cpp.o
	[ 39%] Building CXX object CMakeFiles/lammps.dir/opt/my_lammps/src/COMPRESS/dump_xyz_gz.cpp.o
	[ 39%] Building CXX object CMakeFiles/lammps.dir/opt/my_lammps/src/COMPRESS/dump_xyz_zstd.cpp.o
	[ 39%] Building CXX object CMakeFiles/lammps.dir/opt/my_lammps/src/COMPRESS/gz_file_writer.cpp.o
	[ 39%] Building CXX object CMakeFiles/lammps.dir/opt/my_lammps/src/COMPRESS/zstd_file_writer.cpp.o
	[ 39%] Building CXX object CMakeFiles/lammps.dir/opt/my_lammps/src/DIELECTRIC/atom_vec_dielectric.cpp.o
	[ 40%] Building CXX object CMakeFiles/lammps.dir/opt/my_lammps/src/DIELECTRIC/compute_efield_atom.cpp.o
	[ 40%] Building CXX object CMakeFiles/lammps.dir/opt/my_lammps/src/DIELECTRIC/fix_polarize_bem_gmres.cpp.o
	[ 40%] Building CXX object CMakeFiles/lammps.dir/opt/my_lammps/src/DIELECTRIC/fix_polarize_bem_icc.cpp.o
	[ 40%] Building CXX object CMakeFiles/lammps.dir/opt/my_lammps/src/DIELECTRIC/fix_polarize_functional.cpp.o
	[ 40%] Building CXX object CMakeFiles/lammps.dir/opt/my_lammps/src/DIELECTRIC/msm_dielectric.cpp.o
	[ 40%] Building CXX object CMakeFiles/lammps.dir/opt/my_lammps/src/DIELECTRIC/pair_coul_cut_dielectric.cpp.o
	[ 40%] Building CXX object CMakeFiles/lammps.dir/opt/my_lammps/src/DIELECTRIC/pair_coul_long_dielectric.cpp.o
	[ 40%] Building CXX object CMakeFiles/lammps.dir/opt/my_lammps/src/DIELECTRIC/pair_lj_cut_coul_cut_dielectric.cpp.o
	[ 40%] Building CXX object CMakeFiles/lammps.dir/opt/my_lammps/src/DIELECTRIC/pair_lj_cut_coul_debye_dielectric.cpp.o
	[ 40%] Building CXX object CMakeFiles/lammps.dir/opt/my_lammps/src/DIELECTRIC/pair_lj_cut_coul_long_dielectric.cpp.o
	[ 40%] Building CXX object CMakeFiles/lammps.dir/opt/my_lammps/src/DIELECTRIC/pair_lj_cut_coul_msm_dielectric.cpp.o
	[ 40%] Building CXX object CMakeFiles/lammps.dir/opt/my_lammps/src/DIELECTRIC/pair_lj_long_coul_long_dielectric.cpp.o
	[ 40%] Building CXX object CMakeFiles/lammps.dir/opt/my_lammps/src/DIELECTRIC/pppm_dielectric.cpp.o
	[ 40%] Building CXX object CMakeFiles/lammps.dir/opt/my_lammps/src/DIELECTRIC/pppm_disp_dielectric.cpp.o
	[ 40%] Building CXX object CMakeFiles/lammps.dir/opt/my_lammps/src/DIFFRACTION/compute_saed.cpp.o
	[ 40%] Building CXX object CMakeFiles/lammps.dir/opt/my_lammps/src/DIFFRACTION/compute_xrd.cpp.o
	[ 40%] Building CXX object CMakeFiles/lammps.dir/opt/my_lammps/src/DIFFRACTION/fix_saed_vtk.cpp.o
	[ 41%] Building CXX object CMakeFiles/lammps.dir/opt/my_lammps/src/DIPOLE/angle_dipole.cpp.o
	[ 41%] Building CXX object CMakeFiles/lammps.dir/opt/my_lammps/src/DIPOLE/atom_vec_dipole.cpp.o
	[ 41%] Building CXX object CMakeFiles/lammps.dir/opt/my_lammps/src/DIPOLE/pair_lj_cut_dipole_cut.cpp.o
	[ 41%] Building CXX object CMakeFiles/lammps.dir/opt/my_lammps/src/DIPOLE/pair_lj_cut_dipole_long.cpp.o
	[ 41%] Building CXX object CMakeFiles/lammps.dir/opt/my_lammps/src/DIPOLE/pair_lj_long_dipole_long.cpp.o
	[ 41%] Building CXX object CMakeFiles/lammps.dir/opt/my_lammps/src/DIPOLE/pair_lj_sf_dipole_sf.cpp.o
	[ 41%] Building CXX object CMakeFiles/lammps.dir/opt/my_lammps/src/DPD-BASIC/pair_dpd.cpp.o
	[ 41%] Building CXX object CMakeFiles/lammps.dir/opt/my_lammps/src/DPD-BASIC/pair_dpd_coul_slater_long.cpp.o
	[ 41%] Building CXX object CMakeFiles/lammps.dir/opt/my_lammps/src/DPD-BASIC/pair_dpd_ext.cpp.o
	[ 41%] Building CXX object CMakeFiles/lammps.dir/opt/my_lammps/src/DPD-BASIC/pair_dpd_ext_tstat.cpp.o
	[ 41%] Building CXX object CMakeFiles/lammps.dir/opt/my_lammps/src/DPD-BASIC/pair_dpd_tstat.cpp.o
	[ 41%] Building CXX object CMakeFiles/lammps.dir/opt/my_lammps/src/DPD-MESO/atom_vec_edpd.cpp.o
	[ 41%] Building CXX object CMakeFiles/lammps.dir/opt/my_lammps/src/DPD-MESO/atom_vec_mdpd.cpp.o
	[ 41%] Building CXX object CMakeFiles/lammps.dir/opt/my_lammps/src/DPD-MESO/atom_vec_tdpd.cpp.o
	[ 41%] Building CXX object CMakeFiles/lammps.dir/opt/my_lammps/src/DPD-MESO/compute_edpd_temp_atom.cpp.o
	[ 41%] Building CXX object CMakeFiles/lammps.dir/opt/my_lammps/src/DPD-MESO/compute_tdpd_cc_atom.cpp.o
	[ 41%] Building CXX object CMakeFiles/lammps.dir/opt/my_lammps/src/DPD-MESO/fix_edpd_source.cpp.o
	[ 41%] Building CXX object CMakeFiles/lammps.dir/opt/my_lammps/src/DPD-MESO/fix_mvv_dpd.cpp.o
	[ 42%] Building CXX object CMakeFiles/lammps.dir/opt/my_lammps/src/DPD-MESO/fix_mvv_edpd.cpp.o
	[ 42%] Building CXX object CMakeFiles/lammps.dir/opt/my_lammps/src/DPD-MESO/fix_mvv_tdpd.cpp.o
	[ 42%] Building CXX object CMakeFiles/lammps.dir/opt/my_lammps/src/DPD-MESO/fix_tdpd_source.cpp.o
	[ 42%] Building CXX object CMakeFiles/lammps.dir/opt/my_lammps/src/DPD-MESO/pair_edpd.cpp.o
	[ 42%] Building CXX object CMakeFiles/lammps.dir/opt/my_lammps/src/DPD-MESO/pair_mdpd.cpp.o
	[ 42%] Building CXX object CMakeFiles/lammps.dir/opt/my_lammps/src/DPD-MESO/pair_mdpd_rhosum.cpp.o
	[ 42%] Building CXX object CMakeFiles/lammps.dir/opt/my_lammps/src/DPD-MESO/pair_tdpd.cpp.o
	[ 42%] Building CXX object CMakeFiles/lammps.dir/opt/my_lammps/src/DPD-REACT/atom_vec_dpd.cpp.o
	[ 42%] Building CXX object CMakeFiles/lammps.dir/opt/my_lammps/src/DPD-REACT/compute_dpd.cpp.o
	[ 42%] Building CXX object CMakeFiles/lammps.dir/opt/my_lammps/src/DPD-REACT/compute_dpd_atom.cpp.o
	[ 42%] Building CXX object CMakeFiles/lammps.dir/opt/my_lammps/src/DPD-REACT/fix_dpd_energy.cpp.o
	[ 42%] Building CXX object CMakeFiles/lammps.dir/opt/my_lammps/src/DPD-REACT/fix_eos_cv.cpp.o
	[ 42%] Building CXX object CMakeFiles/lammps.dir/opt/my_lammps/src/DPD-REACT/fix_eos_table.cpp.o
	[ 42%] Building CXX object CMakeFiles/lammps.dir/opt/my_lammps/src/DPD-REACT/fix_eos_table_rx.cpp.o
	[ 42%] Building CXX object CMakeFiles/lammps.dir/opt/my_lammps/src/DPD-REACT/fix_rx.cpp.o
	[ 42%] Building CXX object CMakeFiles/lammps.dir/opt/my_lammps/src/DPD-REACT/fix_shardlow.cpp.o
	[ 42%] Building CXX object CMakeFiles/lammps.dir/opt/my_lammps/src/DPD-REACT/nbin_ssa.cpp.o
	[ 43%] Building CXX object CMakeFiles/lammps.dir/opt/my_lammps/src/DPD-REACT/npair_half_bin_newton_ssa.cpp.o
	[ 43%] Building CXX object CMakeFiles/lammps.dir/opt/my_lammps/src/DPD-REACT/nstencil_half_bin_2d_ssa.cpp.o
	[ 43%] Building CXX object CMakeFiles/lammps.dir/opt/my_lammps/src/DPD-REACT/nstencil_half_bin_3d_ssa.cpp.o
	[ 43%] Building CXX object CMakeFiles/lammps.dir/opt/my_lammps/src/DPD-REACT/pair_dpd_fdt.cpp.o
	[ 43%] Building CXX object CMakeFiles/lammps.dir/opt/my_lammps/src/DPD-REACT/pair_dpd_fdt_energy.cpp.o
	[ 43%] Building CXX object CMakeFiles/lammps.dir/opt/my_lammps/src/DPD-REACT/pair_exp6_rx.cpp.o
	[ 43%] Building CXX object CMakeFiles/lammps.dir/opt/my_lammps/src/DPD-REACT/pair_multi_lucy.cpp.o
	/opt/my_lammps/src/DPD-REACT/pair_multi_lucy.cpp(372): warning #1650-D: result of call is not used
	for (int i = 0; i < tb->ninput; i++) fgets(line,MAXLINE,fp);
	^
	
	Remark: The warnings can be suppressed with "-diag-suppress <warning-number>"
	/opt/my_lammps/src/DPD-REACT/pair_multi_lucy.cpp(372): warning #1650-D: result of call is not used
	for (int i = 0; i < tb->ninput; i++) fgets(line,MAXLINE,fp);
	^
	
	Remark: The warnings can be suppressed with "-diag-suppress <warning-number>"
	/opt/my_lammps/src/DPD-REACT/pair_multi_lucy.cpp: In member function 'void LAMMPS_NS::PairMultiLucy::read_table(LAMMPS_NS::PairMultiLucy::Table*, char*, char*)':
	/opt/my_lammps/src/DPD-REACT/pair_multi_lucy.cpp:372:47: warning: ignoring return value of 'char* fgets(char*, int, FILE*)' declared with attribute 'warn_unused_result' [-Wunused-result]
	372 |     for (int i = 0; i < tb->ninput; i++) fgets(line,MAXLINE,fp);
	|                                          ~~~~~^~~~~~~~~~~~~~~~~~
	[ 43%] Building CXX object CMakeFiles/lammps.dir/opt/my_lammps/src/DPD-REACT/pair_multi_lucy_rx.cpp.o
	[ 43%] Building CXX object CMakeFiles/lammps.dir/opt/my_lammps/src/DPD-REACT/pair_table_rx.cpp.o
	[ 43%] Building CXX object CMakeFiles/lammps.dir/opt/my_lammps/src/DPD-SMOOTH/fix_meso_move.cpp.o
	[ 43%] Building CXX object CMakeFiles/lammps.dir/opt/my_lammps/src/DPD-SMOOTH/fix_rigid_meso.cpp.o
	[ 43%] Building CXX object CMakeFiles/lammps.dir/opt/my_lammps/src/DPD-SMOOTH/pair_sdpd_taitwater_isothermal.cpp.o
	[ 43%] Building CXX object CMakeFiles/lammps.dir/opt/my_lammps/src/DRUDE/compute_temp_drude.cpp.o
	[ 43%] Building CXX object CMakeFiles/lammps.dir/opt/my_lammps/src/DRUDE/fix_drude.cpp.o
	[ 43%] Building CXX object CMakeFiles/lammps.dir/opt/my_lammps/src/DRUDE/fix_drude_transform.cpp.o
	[ 43%] Building CXX object CMakeFiles/lammps.dir/opt/my_lammps/src/DRUDE/fix_langevin_drude.cpp.o
	[ 43%] Building CXX object CMakeFiles/lammps.dir/opt/my_lammps/src/DRUDE/fix_tgnh_drude.cpp.o
	[ 43%] Building CXX object CMakeFiles/lammps.dir/opt/my_lammps/src/DRUDE/fix_tgnpt_drude.cpp.o
	[ 44%] Building CXX object CMakeFiles/lammps.dir/opt/my_lammps/src/DRUDE/fix_tgnvt_drude.cpp.o
	[ 44%] Building CXX object CMakeFiles/lammps.dir/opt/my_lammps/src/DRUDE/pair_coul_tt.cpp.o
	[ 44%] Building CXX object CMakeFiles/lammps.dir/opt/my_lammps/src/DRUDE/pair_lj_cut_thole_long.cpp.o
	[ 44%] Building CXX object CMakeFiles/lammps.dir/opt/my_lammps/src/DRUDE/pair_thole.cpp.o
	[ 44%] Building CXX object CMakeFiles/lammps.dir/opt/my_lammps/src/ELECTRODE/boundary_correction.cpp.o
	[ 44%] Building CXX object CMakeFiles/lammps.dir/opt/my_lammps/src/ELECTRODE/electrode_matrix.cpp.o
	[ 44%] Building CXX object CMakeFiles/lammps.dir/opt/my_lammps/src/ELECTRODE/electrode_vector.cpp.o
	[ 44%] Building CXX object CMakeFiles/lammps.dir/opt/my_lammps/src/ELECTRODE/ewald_electrode.cpp.o
	[ 44%] Building CXX object CMakeFiles/lammps.dir/opt/my_lammps/src/ELECTRODE/fix_electrode_conp.cpp.o
	[ 44%] Building CXX object CMakeFiles/lammps.dir/opt/my_lammps/src/ELECTRODE/fix_electrode_conq.cpp.o
	[ 44%] Building CXX object CMakeFiles/lammps.dir/opt/my_lammps/src/ELECTRODE/fix_electrode_thermo.cpp.o
	[ 44%] Building CXX object CMakeFiles/lammps.dir/opt/my_lammps/src/ELECTRODE/pppm_electrode.cpp.o
	[ 44%] Building CXX object CMakeFiles/lammps.dir/opt/my_lammps/src/ELECTRODE/slab_2d.cpp.o
	[ 44%] Building CXX object CMakeFiles/lammps.dir/opt/my_lammps/src/ELECTRODE/slab_dipole.cpp.o
	[ 44%] Building CXX object CMakeFiles/lammps.dir/opt/my_lammps/src/ELECTRODE/wire_dipole.cpp.o
	[ 44%] Building CXX object CMakeFiles/lammps.dir/opt/my_lammps/src/EXTRA-COMMAND/geturl.cpp.o
	[ 44%] Building CXX object CMakeFiles/lammps.dir/opt/my_lammps/src/EXTRA-COMMAND/group2ndx.cpp.o
	[ 45%] Building CXX object CMakeFiles/lammps.dir/opt/my_lammps/src/EXTRA-COMMAND/ndx2group.cpp.o
	/opt/my_lammps/src/EXTRA-COMMAND/ndx2group.cpp(45): warning #1650-D: result of call is not used
	fgets(linebuf, BUFLEN, fp);
	^
	
	Remark: The warnings can be suppressed with "-diag-suppress <warning-number>"
	/opt/my_lammps/src/EXTRA-COMMAND/ndx2group.cpp(45): warning #1650-D: result of call is not used
	fgets(linebuf, BUFLEN, fp);
	^
	
	Remark: The warnings can be suppressed with "-diag-suppress <warning-number>"
	/opt/my_lammps/src/EXTRA-COMMAND/ndx2group.cpp: In function 'std::string find_section(FILE*, const string&)':
	/opt/my_lammps/src/EXTRA-COMMAND/ndx2group.cpp:45:6: warning: ignoring return value of 'char* fgets(char*, int, FILE*)' declared with attribute 'warn_unused_result' [-Wunused-result]
	45 |     fgets(linebuf, BUFLEN, fp);
	|     ~^~~~~~~~~~~~~~~~~~~~~
	[ 45%] Building CXX object CMakeFiles/lammps.dir/opt/my_lammps/src/EXTRA-COMMAND/region2vmd.cpp.o
	[ 45%] Building CXX object CMakeFiles/lammps.dir/opt/my_lammps/src/EXTRA-COMPUTE/compute_ackland_atom.cpp.o
	[ 45%] Building CXX object CMakeFiles/lammps.dir/opt/my_lammps/src/EXTRA-COMPUTE/compute_adf.cpp.o
	[ 45%] Building CXX object CMakeFiles/lammps.dir/opt/my_lammps/src/EXTRA-COMPUTE/compute_ave_sphere_atom.cpp.o
	[ 45%] Building CXX object CMakeFiles/lammps.dir/opt/my_lammps/src/EXTRA-COMPUTE/compute_basal_atom.cpp.o
	[ 45%] Building CXX object CMakeFiles/lammps.dir/opt/my_lammps/src/EXTRA-COMPUTE/compute_born_matrix.cpp.o
	[ 45%] Building CXX object CMakeFiles/lammps.dir/opt/my_lammps/src/EXTRA-COMPUTE/compute_cnp_atom.cpp.o
	[ 45%] Building CXX object CMakeFiles/lammps.dir/opt/my_lammps/src/EXTRA-COMPUTE/compute_composition_atom.cpp.o
	[ 45%] Building CXX object CMakeFiles/lammps.dir/opt/my_lammps/src/EXTRA-COMPUTE/compute_dipole_tip4p.cpp.o
	[ 45%] Building CXX object CMakeFiles/lammps.dir/opt/my_lammps/src/EXTRA-COMPUTE/compute_dipole_tip4p_chunk.cpp.o
	[ 45%] Building CXX object CMakeFiles/lammps.dir/opt/my_lammps/src/EXTRA-COMPUTE/compute_efield_wolf_atom.cpp.o
	[ 45%] Building CXX object CMakeFiles/lammps.dir/opt/my_lammps/src/EXTRA-COMPUTE/compute_entropy_atom.cpp.o
	[ 45%] Building CXX object CMakeFiles/lammps.dir/opt/my_lammps/src/EXTRA-COMPUTE/compute_gyration_shape.cpp.o
	[ 45%] Building CXX object CMakeFiles/lammps.dir/opt/my_lammps/src/EXTRA-COMPUTE/compute_gyration_shape_chunk.cpp.o
	[ 45%] Building CXX object CMakeFiles/lammps.dir/opt/my_lammps/src/EXTRA-COMPUTE/compute_hexorder_atom.cpp.o
	[ 45%] Building CXX object CMakeFiles/lammps.dir/opt/my_lammps/src/EXTRA-COMPUTE/compute_hma.cpp.o
	[ 45%] Building CXX object CMakeFiles/lammps.dir/opt/my_lammps/src/EXTRA-COMPUTE/compute_momentum.cpp.o
	[ 46%] Building CXX object CMakeFiles/lammps.dir/opt/my_lammps/src/EXTRA-COMPUTE/compute_msd_nongauss.cpp.o
	[ 46%] Building CXX object CMakeFiles/lammps.dir/opt/my_lammps/src/EXTRA-COMPUTE/compute_rattlers_atom.cpp.o
	[ 46%] Building CXX object CMakeFiles/lammps.dir/opt/my_lammps/src/EXTRA-COMPUTE/compute_slcsa_atom.cpp.o
	[ 46%] Building CXX object CMakeFiles/lammps.dir/opt/my_lammps/src/EXTRA-COMPUTE/compute_stress_cartesian.cpp.o
	[ 46%] Building CXX object CMakeFiles/lammps.dir/opt/my_lammps/src/EXTRA-COMPUTE/compute_stress_cylinder.cpp.o
	[ 46%] Building CXX object CMakeFiles/lammps.dir/opt/my_lammps/src/EXTRA-COMPUTE/compute_stress_mop.cpp.o
	[ 46%] Building CXX object CMakeFiles/lammps.dir/opt/my_lammps/src/EXTRA-COMPUTE/compute_stress_mop_profile.cpp.o
	[ 46%] Building CXX object CMakeFiles/lammps.dir/opt/my_lammps/src/EXTRA-COMPUTE/compute_stress_spherical.cpp.o
	[ 46%] Building CXX object CMakeFiles/lammps.dir/opt/my_lammps/src/EXTRA-COMPUTE/compute_temp_rotate.cpp.o
	[ 46%] Building CXX object CMakeFiles/lammps.dir/opt/my_lammps/src/EXTRA-COMPUTE/compute_ti.cpp.o
	[ 46%] Building CXX object CMakeFiles/lammps.dir/opt/my_lammps/src/EXTRA-DUMP/dump_dcd.cpp.o
	[ 46%] Building CXX object CMakeFiles/lammps.dir/opt/my_lammps/src/EXTRA-DUMP/dump_extxyz.cpp.o
	[ 46%] Building CXX object CMakeFiles/lammps.dir/opt/my_lammps/src/EXTRA-DUMP/dump_xtc.cpp.o
	[ 46%] Building CXX object CMakeFiles/lammps.dir/opt/my_lammps/src/EXTRA-DUMP/dump_yaml.cpp.o
	[ 46%] Building CXX object CMakeFiles/lammps.dir/opt/my_lammps/src/EXTRA-DUMP/xdr_compat.cpp.o
	[ 46%] Building CXX object CMakeFiles/lammps.dir/opt/my_lammps/src/EXTRA-FIX/fix_addtorque_group.cpp.o
	[ 46%] Building CXX object CMakeFiles/lammps.dir/opt/my_lammps/src/EXTRA-FIX/fix_ave_correlate_long.cpp.o
	[ 47%] Building CXX object CMakeFiles/lammps.dir/opt/my_lammps/src/EXTRA-FIX/fix_ave_moments.cpp.o
	[ 47%] Building CXX object CMakeFiles/lammps.dir/opt/my_lammps/src/EXTRA-FIX/fix_controller.cpp.o
	[ 47%] Building CXX object CMakeFiles/lammps.dir/opt/my_lammps/src/EXTRA-FIX/fix_deform_pressure.cpp.o
	[ 47%] Building CXX object CMakeFiles/lammps.dir/opt/my_lammps/src/EXTRA-FIX/fix_drag.cpp.o
	[ 47%] Building CXX object CMakeFiles/lammps.dir/opt/my_lammps/src/EXTRA-FIX/fix_efield_tip4p.cpp.o
	[ 47%] Building CXX object CMakeFiles/lammps.dir/opt/my_lammps/src/EXTRA-FIX/fix_electron_stopping.cpp.o
	[ 47%] Building CXX object CMakeFiles/lammps.dir/opt/my_lammps/src/EXTRA-FIX/fix_electron_stopping_fit.cpp.o
	[ 47%] Building CXX object CMakeFiles/lammps.dir/opt/my_lammps/src/EXTRA-FIX/fix_ffl.cpp.o
	[ 47%] Building CXX object CMakeFiles/lammps.dir/opt/my_lammps/src/EXTRA-FIX/fix_filter_corotate.cpp.o
	[ 47%] Building CXX object CMakeFiles/lammps.dir/opt/my_lammps/src/EXTRA-FIX/fix_flow_gauss.cpp.o
	[ 47%] Building CXX object CMakeFiles/lammps.dir/opt/my_lammps/src/EXTRA-FIX/fix_gjf.cpp.o
	[ 47%] Building CXX object CMakeFiles/lammps.dir/opt/my_lammps/src/EXTRA-FIX/fix_gld.cpp.o
	[ 47%] Building CXX object CMakeFiles/lammps.dir/opt/my_lammps/src/EXTRA-FIX/fix_gle.cpp.o
	[ 47%] Building CXX object CMakeFiles/lammps.dir/opt/my_lammps/src/EXTRA-FIX/fix_momentum_chunk.cpp.o
	[ 47%] Building CXX object CMakeFiles/lammps.dir/opt/my_lammps/src/EXTRA-FIX/fix_nonaffine_displacement.cpp.o
	[ 47%] Building CXX object CMakeFiles/lammps.dir/opt/my_lammps/src/EXTRA-FIX/fix_npt_cauchy.cpp.o
	[ 47%] Building CXX object CMakeFiles/lammps.dir/opt/my_lammps/src/EXTRA-FIX/fix_numdiff.cpp.o
	[ 47%] Building CXX object CMakeFiles/lammps.dir/opt/my_lammps/src/EXTRA-FIX/fix_numdiff_virial.cpp.o
	[ 48%] Building CXX object CMakeFiles/lammps.dir/opt/my_lammps/src/EXTRA-FIX/fix_nvk.cpp.o
	[ 48%] Building CXX object CMakeFiles/lammps.dir/opt/my_lammps/src/EXTRA-FIX/fix_oneway.cpp.o
	[ 48%] Building CXX object CMakeFiles/lammps.dir/opt/my_lammps/src/EXTRA-FIX/fix_pafi.cpp.o
	[ 48%] Building CXX object CMakeFiles/lammps.dir/opt/my_lammps/src/EXTRA-FIX/fix_rhok.cpp.o
	[ 48%] Building CXX object CMakeFiles/lammps.dir/opt/my_lammps/src/EXTRA-FIX/fix_smd.cpp.o
	[ 48%] Building CXX object CMakeFiles/lammps.dir/opt/my_lammps/src/EXTRA-FIX/fix_spring_rg.cpp.o
	[ 48%] Building CXX object CMakeFiles/lammps.dir/opt/my_lammps/src/EXTRA-FIX/fix_temp_csld.cpp.o
	[ 48%] Building CXX object CMakeFiles/lammps.dir/opt/my_lammps/src/EXTRA-FIX/fix_temp_csvr.cpp.o
	[ 48%] Building CXX object CMakeFiles/lammps.dir/opt/my_lammps/src/EXTRA-FIX/fix_ti_spring.cpp.o
	[ 48%] Building CXX object CMakeFiles/lammps.dir/opt/my_lammps/src/EXTRA-FIX/fix_tmd.cpp.o
	[ 48%] Building CXX object CMakeFiles/lammps.dir/opt/my_lammps/src/EXTRA-FIX/fix_ttm.cpp.o
	[ 48%] Building CXX object CMakeFiles/lammps.dir/opt/my_lammps/src/EXTRA-FIX/fix_ttm_grid.cpp.o
	[ 48%] Building CXX object CMakeFiles/lammps.dir/opt/my_lammps/src/EXTRA-FIX/fix_ttm_mod.cpp.o
	[ 48%] Building CXX object CMakeFiles/lammps.dir/opt/my_lammps/src/EXTRA-FIX/fix_ttm_thermal.cpp.o
	[ 48%] Building CXX object CMakeFiles/lammps.dir/opt/my_lammps/src/EXTRA-FIX/fix_viscosity.cpp.o
	[ 48%] Building CXX object CMakeFiles/lammps.dir/opt/my_lammps/src/EXTRA-FIX/fix_viscous_sphere.cpp.o
	[ 48%] Building CXX object CMakeFiles/lammps.dir/opt/my_lammps/src/EXTRA-FIX/fix_wall_ees.cpp.o
	[ 49%] Building CXX object CMakeFiles/lammps.dir/opt/my_lammps/src/EXTRA-FIX/fix_wall_flow.cpp.o
	[ 49%] Building CXX object CMakeFiles/lammps.dir/opt/my_lammps/src/EXTRA-FIX/fix_wall_reflect_stochastic.cpp.o
	[ 49%] Building CXX object CMakeFiles/lammps.dir/opt/my_lammps/src/EXTRA-FIX/fix_wall_region_ees.cpp.o
	[ 49%] Building CXX object CMakeFiles/lammps.dir/opt/my_lammps/src/EXTRA-MOLECULE/angle_cosine_delta.cpp.o
	[ 49%] Building CXX object CMakeFiles/lammps.dir/opt/my_lammps/src/EXTRA-MOLECULE/angle_cosine_periodic.cpp.o
	[ 49%] Building CXX object CMakeFiles/lammps.dir/opt/my_lammps/src/EXTRA-MOLECULE/angle_cosine_shift.cpp.o
	[ 49%] Building CXX object CMakeFiles/lammps.dir/opt/my_lammps/src/EXTRA-MOLECULE/angle_cosine_shift_exp.cpp.o
	[ 49%] Building CXX object CMakeFiles/lammps.dir/opt/my_lammps/src/EXTRA-MOLECULE/angle_cosine_squared_restricted.cpp.o
	[ 49%] Building CXX object CMakeFiles/lammps.dir/opt/my_lammps/src/EXTRA-MOLECULE/angle_fourier.cpp.o
	[ 49%] Building CXX object CMakeFiles/lammps.dir/opt/my_lammps/src/EXTRA-MOLECULE/angle_fourier_simple.cpp.o
	[ 49%] Building CXX object CMakeFiles/lammps.dir/opt/my_lammps/src/EXTRA-MOLECULE/angle_gaussian.cpp.o
	[ 49%] Building CXX object CMakeFiles/lammps.dir/opt/my_lammps/src/EXTRA-MOLECULE/angle_mwlc.cpp.o
	[ 49%] Building CXX object CMakeFiles/lammps.dir/opt/my_lammps/src/EXTRA-MOLECULE/angle_quartic.cpp.o
	[ 49%] Building CXX object CMakeFiles/lammps.dir/opt/my_lammps/src/EXTRA-MOLECULE/bond_fene_nm.cpp.o
	[ 49%] Building CXX object CMakeFiles/lammps.dir/opt/my_lammps/src/EXTRA-MOLECULE/bond_gaussian.cpp.o
	[ 49%] Building CXX object CMakeFiles/lammps.dir/opt/my_lammps/src/EXTRA-MOLECULE/bond_harmonic_restrain.cpp.o
	[ 49%] Building CXX object CMakeFiles/lammps.dir/opt/my_lammps/src/EXTRA-MOLECULE/bond_harmonic_shift.cpp.o
	[ 49%] Building CXX object CMakeFiles/lammps.dir/opt/my_lammps/src/EXTRA-MOLECULE/bond_harmonic_shift_cut.cpp.o
	[ 50%] Building CXX object CMakeFiles/lammps.dir/opt/my_lammps/src/EXTRA-MOLECULE/bond_nonlinear.cpp.o
	[ 50%] Building CXX object CMakeFiles/lammps.dir/opt/my_lammps/src/EXTRA-MOLECULE/dihedral_cosine_shift_exp.cpp.o
	[ 50%] Building CXX object CMakeFiles/lammps.dir/opt/my_lammps/src/EXTRA-MOLECULE/dihedral_cosine_squared_restricted.cpp.o
	[ 50%] Building CXX object CMakeFiles/lammps.dir/opt/my_lammps/src/EXTRA-MOLECULE/dihedral_fourier.cpp.o
	[ 50%] Building CXX object CMakeFiles/lammps.dir/opt/my_lammps/src/EXTRA-MOLECULE/dihedral_helix.cpp.o
	[ 50%] Building CXX object CMakeFiles/lammps.dir/opt/my_lammps/src/EXTRA-MOLECULE/dihedral_nharmonic.cpp.o
	[ 50%] Building CXX object CMakeFiles/lammps.dir/opt/my_lammps/src/EXTRA-MOLECULE/dihedral_quadratic.cpp.o
	[ 50%] Building CXX object CMakeFiles/lammps.dir/opt/my_lammps/src/EXTRA-MOLECULE/dihedral_spherical.cpp.o
	[ 50%] Building CXX object CMakeFiles/lammps.dir/opt/my_lammps/src/EXTRA-MOLECULE/dihedral_table_cut.cpp.o
	[ 50%] Building CXX object CMakeFiles/lammps.dir/opt/my_lammps/src/EXTRA-MOLECULE/improper_cossq.cpp.o
	[ 50%] Building CXX object CMakeFiles/lammps.dir/opt/my_lammps/src/EXTRA-MOLECULE/improper_distance.cpp.o
	[ 50%] Building CXX object CMakeFiles/lammps.dir/opt/my_lammps/src/EXTRA-MOLECULE/improper_fourier.cpp.o
	[ 50%] Building CXX object CMakeFiles/lammps.dir/opt/my_lammps/src/EXTRA-MOLECULE/improper_ring.cpp.o
	[ 50%] Building CXX object CMakeFiles/lammps.dir/opt/my_lammps/src/EXTRA-MOLECULE/pair_hbond_dreiding_lj_angleoffset.cpp.o
	[ 50%] Building CXX object CMakeFiles/lammps.dir/opt/my_lammps/src/EXTRA-MOLECULE/pair_hbond_dreiding_morse_angleoffset.cpp.o
	[ 50%] Building CXX object CMakeFiles/lammps.dir/opt/my_lammps/src/EXTRA-PAIR/pair_beck.cpp.o
	[ 50%] Building CXX object CMakeFiles/lammps.dir/opt/my_lammps/src/EXTRA-PAIR/pair_born_coul_dsf.cpp.o
	[ 51%] Building CXX object CMakeFiles/lammps.dir/opt/my_lammps/src/EXTRA-PAIR/pair_born_coul_wolf.cpp.o
	[ 51%] Building CXX object CMakeFiles/lammps.dir/opt/my_lammps/src/EXTRA-PAIR/pair_born_gauss.cpp.o
	[ 51%] Building CXX object CMakeFiles/lammps.dir/opt/my_lammps/src/EXTRA-PAIR/pair_buck_mdf.cpp.o
	[ 51%] Building CXX object CMakeFiles/lammps.dir/opt/my_lammps/src/EXTRA-PAIR/pair_cosine_squared.cpp.o
	[ 51%] Building CXX object CMakeFiles/lammps.dir/opt/my_lammps/src/EXTRA-PAIR/pair_coul_ctip.cpp.o
	[ 51%] Building CXX object CMakeFiles/lammps.dir/opt/my_lammps/src/EXTRA-PAIR/pair_coul_cut_global.cpp.o
	[ 51%] Building CXX object CMakeFiles/lammps.dir/opt/my_lammps/src/EXTRA-PAIR/pair_coul_diel.cpp.o
	[ 51%] Building CXX object CMakeFiles/lammps.dir/opt/my_lammps/src/EXTRA-PAIR/pair_coul_exclude.cpp.o
	[ 51%] Building CXX object CMakeFiles/lammps.dir/opt/my_lammps/src/EXTRA-PAIR/pair_coul_slater_cut.cpp.o
	[ 51%] Building CXX object CMakeFiles/lammps.dir/opt/my_lammps/src/EXTRA-PAIR/pair_coul_slater_long.cpp.o
	[ 51%] Building CXX object CMakeFiles/lammps.dir/opt/my_lammps/src/EXTRA-PAIR/pair_dispersion_d3.cpp.o
	[ 51%] Building CXX object CMakeFiles/lammps.dir/opt/my_lammps/src/EXTRA-PAIR/pair_e3b.cpp.o
	[ 51%] Building CXX object CMakeFiles/lammps.dir/opt/my_lammps/src/EXTRA-PAIR/pair_gauss.cpp.o
	[ 51%] Building CXX object CMakeFiles/lammps.dir/opt/my_lammps/src/EXTRA-PAIR/pair_gauss_cut.cpp.o
	[ 51%] Building CXX object CMakeFiles/lammps.dir/opt/my_lammps/src/EXTRA-PAIR/pair_harmonic_cut.cpp.o
	[ 51%] Building CXX object CMakeFiles/lammps.dir/opt/my_lammps/src/EXTRA-PAIR/pair_lennard_mdf.cpp.o
	[ 51%] Building CXX object CMakeFiles/lammps.dir/opt/my_lammps/src/EXTRA-PAIR/pair_lj96_cut.cpp.o
	[ 51%] Building CXX object CMakeFiles/lammps.dir/opt/my_lammps/src/EXTRA-PAIR/pair_lj_cubic.cpp.o
	[ 52%] Building CXX object CMakeFiles/lammps.dir/opt/my_lammps/src/EXTRA-PAIR/pair_lj_cut_coul_debye.cpp.o
	[ 52%] Building CXX object CMakeFiles/lammps.dir/opt/my_lammps/src/EXTRA-PAIR/pair_lj_cut_coul_dsf.cpp.o
	[ 52%] Building CXX object CMakeFiles/lammps.dir/opt/my_lammps/src/EXTRA-PAIR/pair_lj_cut_coul_wolf.cpp.o
	[ 52%] Building CXX object CMakeFiles/lammps.dir/opt/my_lammps/src/EXTRA-PAIR/pair_lj_cut_sphere.cpp.o
	[ 52%] Building CXX object CMakeFiles/lammps.dir/opt/my_lammps/src/EXTRA-PAIR/pair_lj_expand_coul_long.cpp.o
	[ 52%] Building CXX object CMakeFiles/lammps.dir/opt/my_lammps/src/EXTRA-PAIR/pair_lj_expand_sphere.cpp.o
	[ 52%] Building CXX object CMakeFiles/lammps.dir/opt/my_lammps/src/EXTRA-PAIR/pair_lj_gromacs.cpp.o
	[ 52%] Building CXX object CMakeFiles/lammps.dir/opt/my_lammps/src/EXTRA-PAIR/pair_lj_gromacs_coul_gromacs.cpp.o
	[ 52%] Building CXX object CMakeFiles/lammps.dir/opt/my_lammps/src/EXTRA-PAIR/pair_lj_mdf.cpp.o
	[ 52%] Building CXX object CMakeFiles/lammps.dir/opt/my_lammps/src/EXTRA-PAIR/pair_lj_pirani.cpp.o
	[ 52%] Building CXX object CMakeFiles/lammps.dir/opt/my_lammps/src/EXTRA-PAIR/pair_lj_relres.cpp.o
	[ 52%] Building CXX object CMakeFiles/lammps.dir/opt/my_lammps/src/EXTRA-PAIR/pair_lj_smooth.cpp.o
	[ 52%] Building CXX object CMakeFiles/lammps.dir/opt/my_lammps/src/EXTRA-PAIR/pair_lj_smooth_linear.cpp.o
	[ 52%] Building CXX object CMakeFiles/lammps.dir/opt/my_lammps/src/EXTRA-PAIR/pair_mie_cut.cpp.o
	[ 52%] Building CXX object CMakeFiles/lammps.dir/opt/my_lammps/src/EXTRA-PAIR/pair_momb.cpp.o
	[ 52%] Building CXX object CMakeFiles/lammps.dir/opt/my_lammps/src/EXTRA-PAIR/pair_morse_smooth_linear.cpp.o
	[ 52%] Building CXX object CMakeFiles/lammps.dir/opt/my_lammps/src/EXTRA-PAIR/pair_nm_cut.cpp.o
	[ 53%] Building CXX object CMakeFiles/lammps.dir/opt/my_lammps/src/EXTRA-PAIR/pair_nm_cut_coul_cut.cpp.o
	[ 53%] Building CXX object CMakeFiles/lammps.dir/opt/my_lammps/src/EXTRA-PAIR/pair_nm_cut_coul_long.cpp.o
	[ 53%] Building CXX object CMakeFiles/lammps.dir/opt/my_lammps/src/EXTRA-PAIR/pair_nm_cut_split.cpp.o
	[ 53%] Building CXX object CMakeFiles/lammps.dir/opt/my_lammps/src/EXTRA-PAIR/pair_pedone.cpp.o
	[ 53%] Building CXX object CMakeFiles/lammps.dir/opt/my_lammps/src/EXTRA-PAIR/pair_ufm.cpp.o
	[ 53%] Building CXX object CMakeFiles/lammps.dir/opt/my_lammps/src/EXTRA-PAIR/pair_wf_cut.cpp.o
	[ 53%] Building CXX object CMakeFiles/lammps.dir/opt/my_lammps/src/FEP/compute_fep.cpp.o
	[ 53%] Building CXX object CMakeFiles/lammps.dir/opt/my_lammps/src/FEP/compute_fep_ta.cpp.o
	[ 53%] Building CXX object CMakeFiles/lammps.dir/opt/my_lammps/src/FEP/fix_adapt_fep.cpp.o
	[ 53%] Building CXX object CMakeFiles/lammps.dir/opt/my_lammps/src/FEP/pair_coul_cut_soft.cpp.o
	[ 53%] Building CXX object CMakeFiles/lammps.dir/opt/my_lammps/src/FEP/pair_coul_long_soft.cpp.o
	[ 53%] Building CXX object CMakeFiles/lammps.dir/opt/my_lammps/src/FEP/pair_lj_charmm_coul_long_soft.cpp.o
	[ 53%] Building CXX object CMakeFiles/lammps.dir/opt/my_lammps/src/FEP/pair_lj_class2_coul_cut_soft.cpp.o
	[ 53%] Building CXX object CMakeFiles/lammps.dir/opt/my_lammps/src/FEP/pair_lj_class2_coul_long_soft.cpp.o
	[ 53%] Building CXX object CMakeFiles/lammps.dir/opt/my_lammps/src/FEP/pair_lj_class2_soft.cpp.o
	[ 53%] Building CXX object CMakeFiles/lammps.dir/opt/my_lammps/src/FEP/pair_lj_cut_coul_cut_soft.cpp.o
	[ 53%] Building CXX object CMakeFiles/lammps.dir/opt/my_lammps/src/FEP/pair_lj_cut_coul_long_soft.cpp.o
	[ 53%] Building CXX object CMakeFiles/lammps.dir/opt/my_lammps/src/FEP/pair_lj_cut_soft.cpp.o
	[ 54%] Building CXX object CMakeFiles/lammps.dir/opt/my_lammps/src/FEP/pair_lj_cut_tip4p_long_soft.cpp.o
	[ 54%] Building CXX object CMakeFiles/lammps.dir/opt/my_lammps/src/FEP/pair_morse_soft.cpp.o
	[ 54%] Building CXX object CMakeFiles/lammps.dir/opt/my_lammps/src/FEP/pair_tip4p_long_soft.cpp.o
	[ 54%] Building CXX object CMakeFiles/lammps.dir/opt/my_lammps/src/GRANULAR/compute_contact_atom.cpp.o
	[ 54%] Building CXX object CMakeFiles/lammps.dir/opt/my_lammps/src/GRANULAR/compute_fabric.cpp.o
	[ 54%] Building CXX object CMakeFiles/lammps.dir/opt/my_lammps/src/GRANULAR/fix_add_heat.cpp.o
	[ 54%] Building CXX object CMakeFiles/lammps.dir/opt/my_lammps/src/GRANULAR/fix_addtorque_atom.cpp.o
	[ 54%] Building CXX object CMakeFiles/lammps.dir/opt/my_lammps/src/GRANULAR/fix_damping_cundall.cpp.o
	[ 54%] Building CXX object CMakeFiles/lammps.dir/opt/my_lammps/src/GRANULAR/fix_freeze.cpp.o
	[ 54%] Building CXX object CMakeFiles/lammps.dir/opt/my_lammps/src/GRANULAR/fix_granular_mdr.cpp.o
	[ 54%] Building CXX object CMakeFiles/lammps.dir/opt/my_lammps/src/GRANULAR/fix_heat_flow.cpp.o
	[ 54%] Building CXX object CMakeFiles/lammps.dir/opt/my_lammps/src/GRANULAR/fix_pour.cpp.o
	[ 54%] Building CXX object CMakeFiles/lammps.dir/opt/my_lammps/src/GRANULAR/fix_settorque_atom.cpp.o
	[ 54%] Building CXX object CMakeFiles/lammps.dir/opt/my_lammps/src/GRANULAR/fix_wall_gran.cpp.o
	[ 54%] Building CXX object CMakeFiles/lammps.dir/opt/my_lammps/src/GRANULAR/fix_wall_gran_region.cpp.o
	[ 54%] Building CXX object CMakeFiles/lammps.dir/opt/my_lammps/src/GRANULAR/gran_sub_mod.cpp.o
	[ 54%] Building CXX object CMakeFiles/lammps.dir/opt/my_lammps/src/GRANULAR/gran_sub_mod_damping.cpp.o
	[ 55%] Building CXX object CMakeFiles/lammps.dir/opt/my_lammps/src/GRANULAR/gran_sub_mod_heat.cpp.o
	[ 55%] Building CXX object CMakeFiles/lammps.dir/opt/my_lammps/src/GRANULAR/gran_sub_mod_normal.cpp.o
	[ 55%] Building CXX object CMakeFiles/lammps.dir/opt/my_lammps/src/GRANULAR/gran_sub_mod_rolling.cpp.o
	[ 55%] Building CXX object CMakeFiles/lammps.dir/opt/my_lammps/src/GRANULAR/gran_sub_mod_tangential.cpp.o
	[ 55%] Building CXX object CMakeFiles/lammps.dir/opt/my_lammps/src/GRANULAR/gran_sub_mod_twisting.cpp.o
	[ 55%] Building CXX object CMakeFiles/lammps.dir/opt/my_lammps/src/GRANULAR/granular_model.cpp.o
	[ 55%] Building CXX object CMakeFiles/lammps.dir/opt/my_lammps/src/GRANULAR/pair_gran_hertz_history.cpp.o
	[ 55%] Building CXX object CMakeFiles/lammps.dir/opt/my_lammps/src/GRANULAR/pair_gran_hooke.cpp.o
	[ 55%] Building CXX object CMakeFiles/lammps.dir/opt/my_lammps/src/GRANULAR/pair_gran_hooke_history.cpp.o
	[ 55%] Building CXX object CMakeFiles/lammps.dir/opt/my_lammps/src/GRANULAR/pair_granular.cpp.o
	[ 55%] Building CXX object CMakeFiles/lammps.dir/opt/my_lammps/src/H5MD/dump_h5md.cpp.o
	[ 55%] Building CXX object CMakeFiles/lammps.dir/opt/my_lammps/src/INTERLAYER/pair_aip_water_2dm.cpp.o
	[ 55%] Building CXX object CMakeFiles/lammps.dir/opt/my_lammps/src/INTERLAYER/pair_coul_shield.cpp.o
	[ 55%] Building CXX object CMakeFiles/lammps.dir/opt/my_lammps/src/INTERLAYER/pair_drip.cpp.o
	[ 55%] Building CXX object CMakeFiles/lammps.dir/opt/my_lammps/src/INTERLAYER/pair_ilp_graphene_hbn.cpp.o
	[ 55%] Building CXX object CMakeFiles/lammps.dir/opt/my_lammps/src/INTERLAYER/pair_ilp_tmd.cpp.o
	[ 55%] Building CXX object CMakeFiles/lammps.dir/opt/my_lammps/src/INTERLAYER/pair_kolmogorov_crespi_full.cpp.o
	[ 55%] Building CXX object CMakeFiles/lammps.dir/opt/my_lammps/src/INTERLAYER/pair_kolmogorov_crespi_z.cpp.o
	[ 56%] Building CXX object CMakeFiles/lammps.dir/opt/my_lammps/src/INTERLAYER/pair_lebedeva_z.cpp.o
	[ 56%] Building CXX object CMakeFiles/lammps.dir/opt/my_lammps/src/INTERLAYER/pair_saip_metal.cpp.o
	[ 56%] Building CXX object CMakeFiles/lammps.dir/opt/my_lammps/src/INTERLAYER/pair_saip_metal_tmd.cpp.o
	[ 56%] Building CXX object CMakeFiles/lammps.dir/opt/my_lammps/src/KIM/fix_store_kim.cpp.o
	[ 56%] Building CXX object CMakeFiles/lammps.dir/opt/my_lammps/src/KIM/kim_command.cpp.o
	[ 56%] Building CXX object CMakeFiles/lammps.dir/opt/my_lammps/src/KIM/kim_init.cpp.o
	[ 56%] Building CXX object CMakeFiles/lammps.dir/opt/my_lammps/src/KIM/kim_interactions.cpp.o
	[ 56%] Building CXX object CMakeFiles/lammps.dir/opt/my_lammps/src/KIM/kim_param.cpp.o
	[ 56%] Building CXX object CMakeFiles/lammps.dir/opt/my_lammps/src/KIM/kim_property.cpp.o
	[ 56%] Building CXX object CMakeFiles/lammps.dir/opt/my_lammps/src/KIM/kim_query.cpp.o
	[ 56%] Building CXX object CMakeFiles/lammps.dir/opt/my_lammps/src/KIM/kim_units.cpp.o
	/opt/my_lammps/src/KIM/kim_units.cpp(79): warning #177-D: variable "boltz_si" was declared but never referenced
	static double constexpr boltz_si = 1.38064852e-23;
	^
	
	Remark: The warnings can be suppressed with "-diag-suppress <warning-number>"
	
	/opt/my_lammps/src/KIM/kim_units.cpp(84): warning #177-D: variable "me_si" was declared but never referenced
	static double constexpr me_si = 9.10938356e-31;
	^
	/opt/my_lammps/src/KIM/kim_units.cpp(117): warning #177-D: variable "atu_si" was declared but never referenced
	static double constexpr atu_si = 2.418884326509e-17;
	^
	[ 56%] Building CXX object CMakeFiles/lammps.dir/opt/my_lammps/src/KIM/pair_kim.cpp.o
	[ 56%] Building CXX object CMakeFiles/lammps.dir/opt/my_lammps/src/KSPACE/ewald.cpp.o
	[ 56%] Building CXX object CMakeFiles/lammps.dir/opt/my_lammps/src/KSPACE/ewald_dipole.cpp.o
	[ 56%] Building CXX object CMakeFiles/lammps.dir/opt/my_lammps/src/KSPACE/ewald_dipole_spin.cpp.o
	[ 56%] Building CXX object CMakeFiles/lammps.dir/opt/my_lammps/src/KSPACE/ewald_disp.cpp.o
	[ 56%] Building CXX object CMakeFiles/lammps.dir/opt/my_lammps/src/KSPACE/fft3d.cpp.o
	[ 57%] Building CXX object CMakeFiles/lammps.dir/opt/my_lammps/src/KSPACE/fft3d_wrap.cpp.o
	[ 57%] Building CXX object CMakeFiles/lammps.dir/opt/my_lammps/src/KSPACE/fix_tune_kspace.cpp.o
	[ 57%] Building CXX object CMakeFiles/lammps.dir/opt/my_lammps/src/KSPACE/msm.cpp.o
	[ 57%] Building CXX object CMakeFiles/lammps.dir/opt/my_lammps/src/KSPACE/msm_cg.cpp.o
	[ 57%] Building CXX object CMakeFiles/lammps.dir/opt/my_lammps/src/KSPACE/pair_born_coul_long.cpp.o
	[ 57%] Building CXX object CMakeFiles/lammps.dir/opt/my_lammps/src/KSPACE/pair_born_coul_msm.cpp.o
	[ 57%] Building CXX object CMakeFiles/lammps.dir/opt/my_lammps/src/KSPACE/pair_buck_coul_long.cpp.o
	[ 57%] Building CXX object CMakeFiles/lammps.dir/opt/my_lammps/src/KSPACE/pair_buck_coul_msm.cpp.o
	[ 57%] Building CXX object CMakeFiles/lammps.dir/opt/my_lammps/src/KSPACE/pair_buck_long_coul_long.cpp.o
	[ 57%] Building CXX object CMakeFiles/lammps.dir/opt/my_lammps/src/KSPACE/pair_coul_long.cpp.o
	[ 57%] Building CXX object CMakeFiles/lammps.dir/opt/my_lammps/src/KSPACE/pair_coul_msm.cpp.o
	[ 57%] Building CXX object CMakeFiles/lammps.dir/opt/my_lammps/src/KSPACE/pair_coul_streitz.cpp.o
	[ 57%] Building CXX object CMakeFiles/lammps.dir/opt/my_lammps/src/KSPACE/pair_lj_charmm_coul_long.cpp.o
	[ 57%] Building CXX object CMakeFiles/lammps.dir/opt/my_lammps/src/KSPACE/pair_lj_charmm_coul_msm.cpp.o
	[ 57%] Building CXX object CMakeFiles/lammps.dir/opt/my_lammps/src/KSPACE/pair_lj_charmmfsw_coul_long.cpp.o
	[ 57%] Building CXX object CMakeFiles/lammps.dir/opt/my_lammps/src/KSPACE/pair_lj_cut_coul_long.cpp.o
	[ 57%] Building CXX object CMakeFiles/lammps.dir/opt/my_lammps/src/KSPACE/pair_lj_cut_coul_msm.cpp.o
	[ 57%] Building CXX object CMakeFiles/lammps.dir/opt/my_lammps/src/KSPACE/pair_lj_cut_tip4p_long.cpp.o
	[ 58%] Building CXX object CMakeFiles/lammps.dir/opt/my_lammps/src/KSPACE/pair_lj_long_coul_long.cpp.o
	[ 58%] Building CXX object CMakeFiles/lammps.dir/opt/my_lammps/src/KSPACE/pair_lj_long_tip4p_long.cpp.o
	[ 58%] Building CXX object CMakeFiles/lammps.dir/opt/my_lammps/src/KSPACE/pair_tip4p_long.cpp.o
	[ 58%] Building CXX object CMakeFiles/lammps.dir/opt/my_lammps/src/KSPACE/pppm.cpp.o
	[ 58%] Building CXX object CMakeFiles/lammps.dir/opt/my_lammps/src/KSPACE/pppm_cg.cpp.o
	[ 58%] Building CXX object CMakeFiles/lammps.dir/opt/my_lammps/src/KSPACE/pppm_dipole.cpp.o
	[ 58%] Building CXX object CMakeFiles/lammps.dir/opt/my_lammps/src/KSPACE/pppm_dipole_spin.cpp.o
	[ 58%] Building CXX object CMakeFiles/lammps.dir/opt/my_lammps/src/KSPACE/pppm_disp.cpp.o
	[ 58%] Building CXX object CMakeFiles/lammps.dir/opt/my_lammps/src/KSPACE/pppm_disp_tip4p.cpp.o
	[ 58%] Building CXX object CMakeFiles/lammps.dir/opt/my_lammps/src/KSPACE/pppm_stagger.cpp.o
	[ 58%] Building CXX object CMakeFiles/lammps.dir/opt/my_lammps/src/KSPACE/pppm_tip4p.cpp.o
	[ 58%] Building CXX object CMakeFiles/lammps.dir/opt/my_lammps/src/KSPACE/remap.cpp.o
	[ 58%] Building CXX object CMakeFiles/lammps.dir/opt/my_lammps/src/KSPACE/remap_wrap.cpp.o
	[ 58%] Building CXX object CMakeFiles/lammps.dir/opt/my_lammps/src/LEPTON/angle_lepton.cpp.o
	[ 58%] Building CXX object CMakeFiles/lammps.dir/opt/my_lammps/src/LEPTON/bond_lepton.cpp.o
	[ 58%] Building CXX object CMakeFiles/lammps.dir/opt/my_lammps/src/LEPTON/dihedral_lepton.cpp.o
	[ 58%] Building CXX object CMakeFiles/lammps.dir/opt/my_lammps/src/LEPTON/fix_efield_lepton.cpp.o
	[ 59%] Building CXX object CMakeFiles/lammps.dir/opt/my_lammps/src/LEPTON/fix_wall_lepton.cpp.o
	[ 59%] Building CXX object CMakeFiles/lammps.dir/opt/my_lammps/src/LEPTON/lepton_utils.cpp.o
	[ 59%] Building CXX object CMakeFiles/lammps.dir/opt/my_lammps/src/LEPTON/pair_lepton.cpp.o
	[ 59%] Building CXX object CMakeFiles/lammps.dir/opt/my_lammps/src/LEPTON/pair_lepton_coul.cpp.o
	[ 59%] Building CXX object CMakeFiles/lammps.dir/opt/my_lammps/src/LEPTON/pair_lepton_sphere.cpp.o
	[ 59%] Building CXX object CMakeFiles/lammps.dir/opt/my_lammps/src/MANYBODY/fix_qeq_comb.cpp.o
	[ 59%] Building CXX object CMakeFiles/lammps.dir/opt/my_lammps/src/MANYBODY/pair_adp.cpp.o
	[ 59%] Building CXX object CMakeFiles/lammps.dir/opt/my_lammps/src/MANYBODY/pair_airebo.cpp.o
	[ 59%] Building CXX object CMakeFiles/lammps.dir/opt/my_lammps/src/MANYBODY/pair_airebo_morse.cpp.o
	[ 59%] Building CXX object CMakeFiles/lammps.dir/opt/my_lammps/src/MANYBODY/pair_atm.cpp.o
	[ 59%] Building CXX object CMakeFiles/lammps.dir/opt/my_lammps/src/MANYBODY/pair_bop.cpp.o
	[ 59%] Building CXX object CMakeFiles/lammps.dir/opt/my_lammps/src/MANYBODY/pair_comb.cpp.o
	[ 59%] Building CXX object CMakeFiles/lammps.dir/opt/my_lammps/src/MANYBODY/pair_comb3.cpp.o
	[ 59%] Building CXX object CMakeFiles/lammps.dir/opt/my_lammps/src/MANYBODY/pair_eam.cpp.o
	[ 59%] Building CXX object CMakeFiles/lammps.dir/opt/my_lammps/src/MANYBODY/pair_eam_alloy.cpp.o
	[ 59%] Building CXX object CMakeFiles/lammps.dir/opt/my_lammps/src/MANYBODY/pair_eam_cd.cpp.o
	[ 59%] Building CXX object CMakeFiles/lammps.dir/opt/my_lammps/src/MANYBODY/pair_eam_fs.cpp.o
	[ 59%] Building CXX object CMakeFiles/lammps.dir/opt/my_lammps/src/MANYBODY/pair_eam_he.cpp.o
	[ 60%] Building CXX object CMakeFiles/lammps.dir/opt/my_lammps/src/MANYBODY/pair_edip.cpp.o
	[ 60%] Building CXX object CMakeFiles/lammps.dir/opt/my_lammps/src/MANYBODY/pair_edip_multi.cpp.o
	[ 60%] Building CXX object CMakeFiles/lammps.dir/opt/my_lammps/src/MANYBODY/pair_eim.cpp.o
	[ 60%] Building CXX object CMakeFiles/lammps.dir/opt/my_lammps/src/MANYBODY/pair_extep.cpp.o
	[ 60%] Building CXX object CMakeFiles/lammps.dir/opt/my_lammps/src/MANYBODY/pair_gw.cpp.o
	[ 60%] Building CXX object CMakeFiles/lammps.dir/opt/my_lammps/src/MANYBODY/pair_gw_zbl.cpp.o
	[ 60%] Building CXX object CMakeFiles/lammps.dir/opt/my_lammps/src/MANYBODY/pair_lcbop.cpp.o
	[ 60%] Building CXX object CMakeFiles/lammps.dir/opt/my_lammps/src/MANYBODY/pair_local_density.cpp.o
	[ 60%] Building CXX object CMakeFiles/lammps.dir/opt/my_lammps/src/MANYBODY/pair_meam_spline.cpp.o
	[ 60%] Building CXX object CMakeFiles/lammps.dir/opt/my_lammps/src/MANYBODY/pair_meam_sw_spline.cpp.o
	[ 60%] Building CXX object CMakeFiles/lammps.dir/opt/my_lammps/src/MANYBODY/pair_nb3b_harmonic.cpp.o
	[ 60%] Building CXX object CMakeFiles/lammps.dir/opt/my_lammps/src/MANYBODY/pair_nb3b_screened.cpp.o
	[ 60%] Building CXX object CMakeFiles/lammps.dir/opt/my_lammps/src/MANYBODY/pair_polymorphic.cpp.o
	[ 60%] Building CXX object CMakeFiles/lammps.dir/opt/my_lammps/src/MANYBODY/pair_rebo.cpp.o
	[ 60%] Building CXX object CMakeFiles/lammps.dir/opt/my_lammps/src/MANYBODY/pair_rebomos.cpp.o
	[ 60%] Building CXX object CMakeFiles/lammps.dir/opt/my_lammps/src/MANYBODY/pair_sw.cpp.o
	[ 60%] Building CXX object CMakeFiles/lammps.dir/opt/my_lammps/src/MANYBODY/pair_sw_angle_table.cpp.o
	[ 60%] Building CXX object CMakeFiles/lammps.dir/opt/my_lammps/src/MANYBODY/pair_sw_mod.cpp.o
	[ 61%] Building CXX object CMakeFiles/lammps.dir/opt/my_lammps/src/MANYBODY/pair_tersoff.cpp.o
	[ 61%] Building CXX object CMakeFiles/lammps.dir/opt/my_lammps/src/MANYBODY/pair_tersoff_mod.cpp.o
	[ 61%] Building CXX object CMakeFiles/lammps.dir/opt/my_lammps/src/MANYBODY/pair_tersoff_mod_c.cpp.o
	[ 61%] Building CXX object CMakeFiles/lammps.dir/opt/my_lammps/src/MANYBODY/pair_tersoff_table.cpp.o
	[ 61%] Building CXX object CMakeFiles/lammps.dir/opt/my_lammps/src/MANYBODY/pair_tersoff_zbl.cpp.o
	[ 61%] Building CXX object CMakeFiles/lammps.dir/opt/my_lammps/src/MANYBODY/pair_threebody_table.cpp.o
	[ 61%] Building CXX object CMakeFiles/lammps.dir/opt/my_lammps/src/MANYBODY/pair_vashishta.cpp.o
	[ 61%] Building CXX object CMakeFiles/lammps.dir/opt/my_lammps/src/MANYBODY/pair_vashishta_table.cpp.o
	[ 61%] Building CXX object CMakeFiles/lammps.dir/opt/my_lammps/src/MC/fix_atom_swap.cpp.o
	[ 61%] Building CXX object CMakeFiles/lammps.dir/opt/my_lammps/src/MC/fix_bond_break.cpp.o
	[ 61%] Building CXX object CMakeFiles/lammps.dir/opt/my_lammps/src/MC/fix_bond_create.cpp.o
	[ 61%] Building CXX object CMakeFiles/lammps.dir/opt/my_lammps/src/MC/fix_bond_create_angle.cpp.o
	[ 61%] Building CXX object CMakeFiles/lammps.dir/opt/my_lammps/src/MC/fix_bond_swap.cpp.o
	[ 61%] Building CXX object CMakeFiles/lammps.dir/opt/my_lammps/src/MC/fix_charge_regulation.cpp.o
	[ 61%] Building CXX object CMakeFiles/lammps.dir/opt/my_lammps/src/MC/fix_gcmc.cpp.o
	[ 61%] Building CXX object CMakeFiles/lammps.dir/opt/my_lammps/src/MC/fix_hmc.cpp.o
	[ 61%] Building CXX object CMakeFiles/lammps.dir/opt/my_lammps/src/MC/fix_mol_swap.cpp.o
	[ 62%] Building CXX object CMakeFiles/lammps.dir/opt/my_lammps/src/MC/fix_neighbor_swap.cpp.o
	[ 62%] Building CXX object CMakeFiles/lammps.dir/opt/my_lammps/src/MC/fix_sgcmc.cpp.o
	[ 62%] Building CXX object CMakeFiles/lammps.dir/opt/my_lammps/src/MC/fix_tfmc.cpp.o
	[ 62%] Building CXX object CMakeFiles/lammps.dir/opt/my_lammps/src/MC/fix_widom.cpp.o
	[ 62%] Building CXX object CMakeFiles/lammps.dir/opt/my_lammps/src/MC/pair_dsmc.cpp.o
	[ 62%] Building CXX object CMakeFiles/lammps.dir/opt/my_lammps/src/MDI/fix_mdi_engine.cpp.o
	[ 62%] Building CXX object CMakeFiles/lammps.dir/opt/my_lammps/src/MDI/fix_mdi_qm.cpp.o
	[ 62%] Building CXX object CMakeFiles/lammps.dir/opt/my_lammps/src/MDI/fix_mdi_qmmm.cpp.o
	[ 62%] Building CXX object CMakeFiles/lammps.dir/opt/my_lammps/src/MDI/library_mdi.cpp.o
	[ 62%] Building CXX object CMakeFiles/lammps.dir/opt/my_lammps/src/MDI/mdi_command.cpp.o
	[ 62%] Building CXX object CMakeFiles/lammps.dir/opt/my_lammps/src/MDI/mdi_engine.cpp.o
	[ 62%] Building CXX object CMakeFiles/lammps.dir/opt/my_lammps/src/MDI/mdi_plugin.cpp.o
	[ 62%] Building CXX object CMakeFiles/lammps.dir/opt/my_lammps/src/MEAM/meam_dens_final.cpp.o
	[ 62%] Building CXX object CMakeFiles/lammps.dir/opt/my_lammps/src/MEAM/meam_dens_init.cpp.o
	[ 62%] Building CXX object CMakeFiles/lammps.dir/opt/my_lammps/src/MEAM/meam_force.cpp.o
	[ 62%] Building CXX object CMakeFiles/lammps.dir/opt/my_lammps/src/MEAM/meam_funcs.cpp.o
	[ 62%] Building CXX object CMakeFiles/lammps.dir/opt/my_lammps/src/MEAM/meam_impl.cpp.o
	[ 62%] Building CXX object CMakeFiles/lammps.dir/opt/my_lammps/src/MEAM/meam_setup_done.cpp.o
	[ 63%] Building CXX object CMakeFiles/lammps.dir/opt/my_lammps/src/MEAM/meam_setup_global.cpp.o
	[ 63%] Building CXX object CMakeFiles/lammps.dir/opt/my_lammps/src/MEAM/meam_setup_param.cpp.o
	[ 63%] Building CXX object CMakeFiles/lammps.dir/opt/my_lammps/src/MEAM/pair_meam.cpp.o
	[ 63%] Building CXX object CMakeFiles/lammps.dir/opt/my_lammps/src/MEAM/pair_meam_ms.cpp.o
	[ 63%] Building CXX object CMakeFiles/lammps.dir/opt/my_lammps/src/MISC/bond_special.cpp.o
	[ 63%] Building CXX object CMakeFiles/lammps.dir/opt/my_lammps/src/MISC/compute_viscosity_cos.cpp.o
	[ 63%] Building CXX object CMakeFiles/lammps.dir/opt/my_lammps/src/MISC/fix_accelerate_cos.cpp.o
	[ 63%] Building CXX object CMakeFiles/lammps.dir/opt/my_lammps/src/MISC/fix_imd.cpp.o
	/opt/my_lammps/src/MISC/fix_imd.cpp(2146): warning #177-D: function "imd_recv_energies" was declared but never referenced
	int imd_recv_energies(void *s, IMDEnergies *energies) {
	^
	
	Remark: The warnings can be suppressed with "-diag-suppress <warning-number>"
	
	/opt/my_lammps/src/MISC/fix_imd.cpp(2153): warning #177-D: function "imd_recv_fcoords" was declared but never referenced
	int imd_recv_fcoords(void *s, int32 n, float *coords) {
	^
	/opt/my_lammps/src/MISC/fix_imd.cpp(1981): warning #177-D: function "imdsock_selwrite" was declared but never referenced
	int imdsock_selwrite(void *v, int sec) {
	^
	[ 63%] Building CXX object CMakeFiles/lammps.dir/opt/my_lammps/src/MISC/fix_ipi.cpp.o
	[ 63%] Building CXX object CMakeFiles/lammps.dir/opt/my_lammps/src/MISC/fix_srp.cpp.o
	[ 63%] Building CXX object CMakeFiles/lammps.dir/opt/my_lammps/src/MISC/fix_srp_react.cpp.o
	[ 63%] Building CXX object CMakeFiles/lammps.dir/opt/my_lammps/src/MISC/pair_agni.cpp.o
	[ 63%] Building CXX object CMakeFiles/lammps.dir/opt/my_lammps/src/MISC/pair_list.cpp.o
	[ 63%] Building CXX object CMakeFiles/lammps.dir/opt/my_lammps/src/MISC/pair_srp.cpp.o
	[ 63%] Building CXX object CMakeFiles/lammps.dir/opt/my_lammps/src/MISC/pair_srp_react.cpp.o
	[ 63%] Building CXX object CMakeFiles/lammps.dir/opt/my_lammps/src/MISC/pair_tracker.cpp.o
	[ 63%] Building CXX object CMakeFiles/lammps.dir/opt/my_lammps/src/ML-HDNNP/pair_hdnnp.cpp.o
	[ 64%] Building CXX object CMakeFiles/lammps.dir/opt/my_lammps/src/ML-IAP/compute_mliap.cpp.o
	[ 64%] Building CXX object CMakeFiles/lammps.dir/opt/my_lammps/src/ML-IAP/mliap_data.cpp.o
	[ 64%] Building CXX object CMakeFiles/lammps.dir/opt/my_lammps/src/ML-IAP/mliap_descriptor.cpp.o
	[ 64%] Building CXX object CMakeFiles/lammps.dir/opt/my_lammps/src/ML-IAP/mliap_descriptor_ace.cpp.o
	[ 64%] Building CXX object CMakeFiles/lammps.dir/opt/my_lammps/src/ML-IAP/mliap_descriptor_snap.cpp.o
	[ 64%] Building CXX object CMakeFiles/lammps.dir/opt/my_lammps/src/ML-IAP/mliap_descriptor_so3.cpp.o
	[ 64%] Building CXX object CMakeFiles/lammps.dir/opt/my_lammps/src/ML-IAP/mliap_model.cpp.o
	[ 64%] Building CXX object CMakeFiles/lammps.dir/opt/my_lammps/src/ML-IAP/mliap_model_linear.cpp.o
	[ 64%] Building CXX object CMakeFiles/lammps.dir/opt/my_lammps/src/ML-IAP/mliap_model_nn.cpp.o
	[ 64%] Building CXX object CMakeFiles/lammps.dir/opt/my_lammps/src/ML-IAP/mliap_model_python.cpp.o
	[ 64%] Building CXX object CMakeFiles/lammps.dir/opt/my_lammps/src/ML-IAP/mliap_model_quadratic.cpp.o
	[ 64%] Building CXX object CMakeFiles/lammps.dir/opt/my_lammps/src/ML-IAP/mliap_so3.cpp.o
	[ 64%] Building CXX object CMakeFiles/lammps.dir/opt/my_lammps/src/ML-IAP/mliap_unified.cpp.o
	[ 64%] Building CXX object CMakeFiles/lammps.dir/opt/my_lammps/src/ML-IAP/pair_mliap.cpp.o
	[ 64%] Building CXX object CMakeFiles/lammps.dir/opt/my_lammps/src/ML-PACE/compute_pace.cpp.o
	[ 64%] Building CXX object CMakeFiles/lammps.dir/opt/my_lammps/src/ML-PACE/pair_pace.cpp.o
	[ 64%] Building CXX object CMakeFiles/lammps.dir/opt/my_lammps/src/ML-PACE/pair_pace_extrapolation.cpp.o
	[ 64%] Building CXX object CMakeFiles/lammps.dir/opt/my_lammps/src/ML-POD/compute_pod_atom.cpp.o
	[ 65%] Building CXX object CMakeFiles/lammps.dir/opt/my_lammps/src/ML-POD/compute_pod_global.cpp.o
	[ 65%] Building CXX object CMakeFiles/lammps.dir/opt/my_lammps/src/ML-POD/compute_pod_local.cpp.o
	[ 65%] Building CXX object CMakeFiles/lammps.dir/opt/my_lammps/src/ML-POD/compute_podd_atom.cpp.o
	[ 65%] Building CXX object CMakeFiles/lammps.dir/opt/my_lammps/src/ML-POD/eapod.cpp.o
	[ 65%] Building CXX object CMakeFiles/lammps.dir/opt/my_lammps/src/ML-POD/fitpod_command.cpp.o
	[ 65%] Building CXX object CMakeFiles/lammps.dir/opt/my_lammps/src/ML-POD/pair_pod.cpp.o
	[ 65%] Building CXX object CMakeFiles/lammps.dir/opt/my_lammps/src/ML-RANN/pair_rann.cpp.o
	/opt/my_lammps/src/ML-RANN/rann_fingerprint_bond.h(39): warning #611-D: overloaded virtual function "LAMMPS_NS::RANN::Fingerprint::compute_fingerprint" is only partially overridden in class "LAMMPS_NS::RANN::Fingerprint_bond"
	class Fingerprint_bond : public Fingerprint {
	^
	
	Remark: The warnings can be suppressed with "-diag-suppress <warning-number>"
	
	/opt/my_lammps/src/ML-RANN/rann_fingerprint_bondscreened.h(39): warning #611-D: overloaded virtual function "LAMMPS_NS::RANN::Fingerprint::compute_fingerprint" is only partially overridden in class "LAMMPS_NS::RANN::Fingerprint_bondscreened"
	class Fingerprint_bondscreened : public Fingerprint {
	^
	
	/opt/my_lammps/src/ML-RANN/rann_fingerprint_bondscreenedspin.h(39): warning #611-D: overloaded virtual function "LAMMPS_NS::RANN::Fingerprint::compute_fingerprint" is only partially overridden in class "LAMMPS_NS::RANN::Fingerprint_bondscreenedspin"
	class Fingerprint_bondscreenedspin : public Fingerprint {
	^
	/opt/my_lammps/src/ML-RANN/rann_fingerprint_bondspin.h(38): warning #611-D: overloaded virtual function "LAMMPS_NS::RANN::Fingerprint::compute_fingerprint" is only partially overridden in class "LAMMPS_NS::RANN::Fingerprint_bondspin"
	class Fingerprint_bondspin : public Fingerprint {
	^
	/opt/my_lammps/src/ML-RANN/rann_fingerprint_radial.h(39): warning #611-D: overloaded virtual function "LAMMPS_NS::RANN::Fingerprint::compute_fingerprint" is only partially overridden in class "LAMMPS_NS::RANN::Fingerprint_radial"
	class Fingerprint_radial : public Fingerprint {
	^
	
	/opt/my_lammps/src/ML-RANN/rann_fingerprint_radialscreened.h(38): warning #611-D: overloaded virtual function "LAMMPS_NS::RANN::Fingerprint::compute_fingerprint" is only partially overridden in class "LAMMPS_NS::RANN::Fingerprint_radialscreened"
	class Fingerprint_radialscreened : public Fingerprint {
	^
	/opt/my_lammps/src/ML-RANN/rann_fingerprint_radialscreenedspin.h(38): warning #611-D: overloaded virtual function "LAMMPS_NS::RANN::Fingerprint::compute_fingerprint" is only partially overridden in class "LAMMPS_NS::RANN::Fingerprint_radialscreenedspin"
	class Fingerprint_radialscreenedspin : public Fingerprint {
	^
	/opt/my_lammps/src/ML-RANN/rann_fingerprint_radialspin.h(38): warning #611-D: overloaded virtual function "LAMMPS_NS::RANN::Fingerprint::compute_fingerprint" is only partially overridden in class "LAMMPS_NS::RANN::Fingerprint_radialspin"
	class Fingerprint_radialspin : public Fingerprint {
	^
	/opt/my_lammps/src/ML-RANN/rann_fingerprint_bond.h(39): warning #611-D: overloaded virtual function "LAMMPS_NS::RANN::Fingerprint::compute_fingerprint" is only partially overridden in class "LAMMPS_NS::RANN::Fingerprint_bond"
	class Fingerprint_bond : public Fingerprint {
	^
	
	Remark: The warnings can be suppressed with "-diag-suppress <warning-number>"
	/opt/my_lammps/src/ML-RANN/rann_fingerprint_bondscreened.h(39): warning #611-D: overloaded virtual function "LAMMPS_NS::RANN::Fingerprint::compute_fingerprint" is only partially overridden in class "LAMMPS_NS::RANN::Fingerprint_bondscreened"
	class Fingerprint_bondscreened : public Fingerprint {
	^
	
	/opt/my_lammps/src/ML-RANN/rann_fingerprint_bondscreenedspin.h(39): warning #611-D: overloaded virtual function "LAMMPS_NS::RANN::Fingerprint::compute_fingerprint" is only partially overridden in class "LAMMPS_NS::RANN::Fingerprint_bondscreenedspin"
	class Fingerprint_bondscreenedspin : public Fingerprint {
	^
	
	/opt/my_lammps/src/ML-RANN/rann_fingerprint_bondspin.h(38): warning #611-D: overloaded virtual function "LAMMPS_NS::RANN::Fingerprint::compute_fingerprint" is only partially overridden in class "LAMMPS_NS::RANN::Fingerprint_bondspin"
	class Fingerprint_bondspin : public Fingerprint {
	^
	
	/opt/my_lammps/src/ML-RANN/rann_fingerprint_radial.h(39): warning #611-D: overloaded virtual function "LAMMPS_NS::RANN::Fingerprint::compute_fingerprint" is only partially overridden in class "LAMMPS_NS::RANN::Fingerprint_radial"
	class Fingerprint_radial : public Fingerprint {
	^
	/opt/my_lammps/src/ML-RANN/rann_fingerprint_radialscreened.h(38): warning #611-D: overloaded virtual function "LAMMPS_NS::RANN::Fingerprint::compute_fingerprint" is only partially overridden in class "LAMMPS_NS::RANN::Fingerprint_radialscreened"
	class Fingerprint_radialscreened : public Fingerprint {
	^
	/opt/my_lammps/src/ML-RANN/rann_fingerprint_radialscreenedspin.h(38): warning #611-D: overloaded virtual function "LAMMPS_NS::RANN::Fingerprint::compute_fingerprint" is only partially overridden in class "LAMMPS_NS::RANN::Fingerprint_radialscreenedspin"
	class Fingerprint_radialscreenedspin : public Fingerprint {
	^
	/opt/my_lammps/src/ML-RANN/rann_fingerprint_radialspin.h(38): warning #611-D: overloaded virtual function "LAMMPS_NS::RANN::Fingerprint::compute_fingerprint" is only partially overridden in class "LAMMPS_NS::RANN::Fingerprint_radialspin"
	class Fingerprint_radialspin : public Fingerprint {
	^
	[ 65%] Building CXX object CMakeFiles/lammps.dir/opt/my_lammps/src/ML-RANN/rann_fingerprint.cpp.o
	[ 65%] Building CXX object CMakeFiles/lammps.dir/opt/my_lammps/src/ML-RANN/rann_fingerprint_bond.cpp.o
	/opt/my_lammps/src/ML-RANN/rann_fingerprint_bond.h(39): warning #611-D: overloaded virtual function "LAMMPS_NS::RANN::Fingerprint::compute_fingerprint" is only partially overridden in class "LAMMPS_NS::RANN::Fingerprint_bond"
	class Fingerprint_bond : public Fingerprint {
	^
	
	Remark: The warnings can be suppressed with "-diag-suppress <warning-number>"
	/opt/my_lammps/src/ML-RANN/rann_fingerprint_bond.h(39): warning #611-D: overloaded virtual function "LAMMPS_NS::RANN::Fingerprint::compute_fingerprint" is only partially overridden in class "LAMMPS_NS::RANN::Fingerprint_bond"
	class Fingerprint_bond : public Fingerprint {
	^
	
	Remark: The warnings can be suppressed with "-diag-suppress <warning-number>"
	[ 65%] Building CXX object CMakeFiles/lammps.dir/opt/my_lammps/src/ML-RANN/rann_fingerprint_bondscreened.cpp.o
	/opt/my_lammps/src/ML-RANN/rann_fingerprint_bondscreened.h(39): warning #611-D: overloaded virtual function "LAMMPS_NS::RANN::Fingerprint::compute_fingerprint" is only partially overridden in class "LAMMPS_NS::RANN::Fingerprint_bondscreened"
	class Fingerprint_bondscreened : public Fingerprint {
	^
	
	Remark: The warnings can be suppressed with "-diag-suppress <warning-number>"
	/opt/my_lammps/src/ML-RANN/rann_fingerprint_bondscreened.h(39): warning #611-D: overloaded virtual function "LAMMPS_NS::RANN::Fingerprint::compute_fingerprint" is only partially overridden in class "LAMMPS_NS::RANN::Fingerprint_bondscreened"
	class Fingerprint_bondscreened : public Fingerprint {
	^
	
	Remark: The warnings can be suppressed with "-diag-suppress <warning-number>"
	[ 65%] Building CXX object CMakeFiles/lammps.dir/opt/my_lammps/src/ML-RANN/rann_fingerprint_bondscreenedspin.cpp.o
	/opt/my_lammps/src/ML-RANN/rann_fingerprint_bondscreenedspin.h(39): warning #611-D: overloaded virtual function "LAMMPS_NS::RANN::Fingerprint::compute_fingerprint" is only partially overridden in class "LAMMPS_NS::RANN::Fingerprint_bondscreenedspin"
	class Fingerprint_bondscreenedspin : public Fingerprint {
	^
	
	Remark: The warnings can be suppressed with "-diag-suppress <warning-number>"
	/opt/my_lammps/src/ML-RANN/rann_fingerprint_bondscreenedspin.h(39): warning #611-D: overloaded virtual function "LAMMPS_NS::RANN::Fingerprint::compute_fingerprint" is only partially overridden in class "LAMMPS_NS::RANN::Fingerprint_bondscreenedspin"
	class Fingerprint_bondscreenedspin : public Fingerprint {
	^
	
	Remark: The warnings can be suppressed with "-diag-suppress <warning-number>"
	[ 65%] Building CXX object CMakeFiles/lammps.dir/opt/my_lammps/src/ML-RANN/rann_fingerprint_bondspin.cpp.o
	/opt/my_lammps/src/ML-RANN/rann_fingerprint_bondspin.h(38): warning #611-D: overloaded virtual function "LAMMPS_NS::RANN::Fingerprint::compute_fingerprint" is only partially overridden in class "LAMMPS_NS::RANN::Fingerprint_bondspin"
	class Fingerprint_bondspin : public Fingerprint {
	^
	
	Remark: The warnings can be suppressed with "-diag-suppress <warning-number>"
	/opt/my_lammps/src/ML-RANN/rann_fingerprint_bondspin.h(38): warning #611-D: overloaded virtual function "LAMMPS_NS::RANN::Fingerprint::compute_fingerprint" is only partially overridden in class "LAMMPS_NS::RANN::Fingerprint_bondspin"
	class Fingerprint_bondspin : public Fingerprint {
	^
	
	Remark: The warnings can be suppressed with "-diag-suppress <warning-number>"
	[ 65%] Building CXX object CMakeFiles/lammps.dir/opt/my_lammps/src/ML-RANN/rann_fingerprint_radial.cpp.o
	/opt/my_lammps/src/ML-RANN/rann_fingerprint_radial.h(39): warning #611-D: overloaded virtual function "LAMMPS_NS::RANN::Fingerprint::compute_fingerprint" is only partially overridden in class "LAMMPS_NS::RANN::Fingerprint_radial"
	class Fingerprint_radial : public Fingerprint {
	^
	
	Remark: The warnings can be suppressed with "-diag-suppress <warning-number>"
	/opt/my_lammps/src/ML-RANN/rann_fingerprint_radial.h(39): warning #611-D: overloaded virtual function "LAMMPS_NS::RANN::Fingerprint::compute_fingerprint" is only partially overridden in class "LAMMPS_NS::RANN::Fingerprint_radial"
	class Fingerprint_radial : public Fingerprint {
	^
	
	Remark: The warnings can be suppressed with "-diag-suppress <warning-number>"
	[ 65%] Building CXX object CMakeFiles/lammps.dir/opt/my_lammps/src/ML-RANN/rann_fingerprint_radialscreened.cpp.o
	/opt/my_lammps/src/ML-RANN/rann_fingerprint_radialscreened.h(38): warning #611-D: overloaded virtual function "LAMMPS_NS::RANN::Fingerprint::compute_fingerprint" is only partially overridden in class "LAMMPS_NS::RANN::Fingerprint_radialscreened"
	class Fingerprint_radialscreened : public Fingerprint {
	^
	
	Remark: The warnings can be suppressed with "-diag-suppress <warning-number>"
	/opt/my_lammps/src/ML-RANN/rann_fingerprint_radialscreened.h(38): warning #611-D: overloaded virtual function "LAMMPS_NS::RANN::Fingerprint::compute_fingerprint" is only partially overridden in class "LAMMPS_NS::RANN::Fingerprint_radialscreened"
	class Fingerprint_radialscreened : public Fingerprint {
	^
	
	Remark: The warnings can be suppressed with "-diag-suppress <warning-number>"
	[ 65%] Building CXX object CMakeFiles/lammps.dir/opt/my_lammps/src/ML-RANN/rann_fingerprint_radialscreenedspin.cpp.o
	/opt/my_lammps/src/ML-RANN/rann_fingerprint_radialscreenedspin.h(38): warning #611-D: overloaded virtual function "LAMMPS_NS::RANN::Fingerprint::compute_fingerprint" is only partially overridden in class "LAMMPS_NS::RANN::Fingerprint_radialscreenedspin"
	class Fingerprint_radialscreenedspin : public Fingerprint {
	^
	
	Remark: The warnings can be suppressed with "-diag-suppress <warning-number>"
	/opt/my_lammps/src/ML-RANN/rann_fingerprint_radialscreenedspin.h(38): warning #611-D: overloaded virtual function "LAMMPS_NS::RANN::Fingerprint::compute_fingerprint" is only partially overridden in class "LAMMPS_NS::RANN::Fingerprint_radialscreenedspin"
	class Fingerprint_radialscreenedspin : public Fingerprint {
	^
	
	Remark: The warnings can be suppressed with "-diag-suppress <warning-number>"
	[ 65%] Building CXX object CMakeFiles/lammps.dir/opt/my_lammps/src/ML-RANN/rann_fingerprint_radialspin.cpp.o
	/opt/my_lammps/src/ML-RANN/rann_fingerprint_radialspin.h(38): warning #611-D: overloaded virtual function "LAMMPS_NS::RANN::Fingerprint::compute_fingerprint" is only partially overridden in class "LAMMPS_NS::RANN::Fingerprint_radialspin"
	class Fingerprint_radialspin : public Fingerprint {
	^
	
	Remark: The warnings can be suppressed with "-diag-suppress <warning-number>"
	/opt/my_lammps/src/ML-RANN/rann_fingerprint_radialspin.h(38): warning #611-D: overloaded virtual function "LAMMPS_NS::RANN::Fingerprint::compute_fingerprint" is only partially overridden in class "LAMMPS_NS::RANN::Fingerprint_radialspin"
	class Fingerprint_radialspin : public Fingerprint {
	^
	
	Remark: The warnings can be suppressed with "-diag-suppress <warning-number>"
	[ 65%] Building CXX object CMakeFiles/lammps.dir/opt/my_lammps/src/ML-SNAP/compute_gaussian_grid_local.cpp.o
	[ 66%] Building CXX object CMakeFiles/lammps.dir/opt/my_lammps/src/ML-SNAP/compute_grid.cpp.o
	[ 66%] Building CXX object CMakeFiles/lammps.dir/opt/my_lammps/src/ML-SNAP/compute_grid_local.cpp.o
	[ 66%] Building CXX object CMakeFiles/lammps.dir/opt/my_lammps/src/ML-SNAP/compute_sna_atom.cpp.o
	[ 66%] Building CXX object CMakeFiles/lammps.dir/opt/my_lammps/src/ML-SNAP/compute_sna_grid.cpp.o
	[ 66%] Building CXX object CMakeFiles/lammps.dir/opt/my_lammps/src/ML-SNAP/compute_sna_grid_local.cpp.o
	[ 66%] Building CXX object CMakeFiles/lammps.dir/opt/my_lammps/src/ML-SNAP/compute_snad_atom.cpp.o
	[ 66%] Building CXX object CMakeFiles/lammps.dir/opt/my_lammps/src/ML-SNAP/compute_snap.cpp.o
	[ 66%] Building CXX object CMakeFiles/lammps.dir/opt/my_lammps/src/ML-SNAP/compute_snav_atom.cpp.o
	[ 66%] Building CXX object CMakeFiles/lammps.dir/opt/my_lammps/src/ML-SNAP/pair_snap.cpp.o
	[ 66%] Building CXX object CMakeFiles/lammps.dir/opt/my_lammps/src/ML-SNAP/sna.cpp.o
	[ 66%] Building CXX object CMakeFiles/lammps.dir/opt/my_lammps/src/ML-UF3/pair_uf3.cpp.o
	[ 66%] Building CXX object CMakeFiles/lammps.dir/opt/my_lammps/src/ML-UF3/uf3_bspline_basis2.cpp.o
	[ 66%] Building CXX object CMakeFiles/lammps.dir/opt/my_lammps/src/ML-UF3/uf3_bspline_basis3.cpp.o
	[ 66%] Building CXX object CMakeFiles/lammps.dir/opt/my_lammps/src/MOFFF/angle_class2_p6.cpp.o
	[ 66%] Building CXX object CMakeFiles/lammps.dir/opt/my_lammps/src/MOFFF/angle_cosine_buck6d.cpp.o
	[ 66%] Building CXX object CMakeFiles/lammps.dir/opt/my_lammps/src/MOFFF/improper_inversion_harmonic.cpp.o
	[ 66%] Building CXX object CMakeFiles/lammps.dir/opt/my_lammps/src/MOFFF/pair_buck6d_coul_gauss_dsf.cpp.o
	[ 66%] Building CXX object CMakeFiles/lammps.dir/opt/my_lammps/src/MOFFF/pair_buck6d_coul_gauss_long.cpp.o
	[ 67%] Building CXX object CMakeFiles/lammps.dir/opt/my_lammps/src/MOLECULE/angle_charmm.cpp.o
	[ 67%] Building CXX object CMakeFiles/lammps.dir/opt/my_lammps/src/MOLECULE/angle_cosine.cpp.o
	[ 67%] Building CXX object CMakeFiles/lammps.dir/opt/my_lammps/src/MOLECULE/angle_cosine_squared.cpp.o
	[ 67%] Building CXX object CMakeFiles/lammps.dir/opt/my_lammps/src/MOLECULE/angle_harmonic.cpp.o
	[ 67%] Building CXX object CMakeFiles/lammps.dir/opt/my_lammps/src/MOLECULE/angle_table.cpp.o
	[ 67%] Building CXX object CMakeFiles/lammps.dir/opt/my_lammps/src/MOLECULE/atom_vec_angle.cpp.o
	[ 67%] Building CXX object CMakeFiles/lammps.dir/opt/my_lammps/src/MOLECULE/atom_vec_bond.cpp.o
	[ 67%] Building CXX object CMakeFiles/lammps.dir/opt/my_lammps/src/MOLECULE/atom_vec_full.cpp.o
	[ 67%] Building CXX object CMakeFiles/lammps.dir/opt/my_lammps/src/MOLECULE/atom_vec_molecular.cpp.o
	[ 67%] Building CXX object CMakeFiles/lammps.dir/opt/my_lammps/src/MOLECULE/atom_vec_template.cpp.o
	[ 67%] Building CXX object CMakeFiles/lammps.dir/opt/my_lammps/src/MOLECULE/bond_fene.cpp.o
	[ 67%] Building CXX object CMakeFiles/lammps.dir/opt/my_lammps/src/MOLECULE/bond_fene_expand.cpp.o
	[ 67%] Building CXX object CMakeFiles/lammps.dir/opt/my_lammps/src/MOLECULE/bond_gromos.cpp.o
	[ 67%] Building CXX object CMakeFiles/lammps.dir/opt/my_lammps/src/MOLECULE/bond_harmonic.cpp.o
	[ 67%] Building CXX object CMakeFiles/lammps.dir/opt/my_lammps/src/MOLECULE/bond_morse.cpp.o
	[ 67%] Building CXX object CMakeFiles/lammps.dir/opt/my_lammps/src/MOLECULE/bond_quartic.cpp.o
	[ 67%] Building CXX object CMakeFiles/lammps.dir/opt/my_lammps/src/MOLECULE/bond_table.cpp.o
	[ 68%] Building CXX object CMakeFiles/lammps.dir/opt/my_lammps/src/MOLECULE/dihedral_charmm.cpp.o
	[ 68%] Building CXX object CMakeFiles/lammps.dir/opt/my_lammps/src/MOLECULE/dihedral_charmmfsw.cpp.o
	[ 68%] Building CXX object CMakeFiles/lammps.dir/opt/my_lammps/src/MOLECULE/dihedral_harmonic.cpp.o
	[ 68%] Building CXX object CMakeFiles/lammps.dir/opt/my_lammps/src/MOLECULE/dihedral_multi_harmonic.cpp.o
	[ 68%] Building CXX object CMakeFiles/lammps.dir/opt/my_lammps/src/MOLECULE/dihedral_opls.cpp.o
	[ 68%] Building CXX object CMakeFiles/lammps.dir/opt/my_lammps/src/MOLECULE/dihedral_table.cpp.o
	[ 68%] Building CXX object CMakeFiles/lammps.dir/opt/my_lammps/src/MOLECULE/fix_cmap.cpp.o
	[ 68%] Building CXX object CMakeFiles/lammps.dir/opt/my_lammps/src/MOLECULE/improper_cvff.cpp.o
	[ 68%] Building CXX object CMakeFiles/lammps.dir/opt/my_lammps/src/MOLECULE/improper_harmonic.cpp.o
	[ 68%] Building CXX object CMakeFiles/lammps.dir/opt/my_lammps/src/MOLECULE/improper_umbrella.cpp.o
	[ 68%] Building CXX object CMakeFiles/lammps.dir/opt/my_lammps/src/MOLECULE/pair_hbond_dreiding_lj.cpp.o
	[ 68%] Building CXX object CMakeFiles/lammps.dir/opt/my_lammps/src/MOLECULE/pair_hbond_dreiding_morse.cpp.o
	[ 68%] Building CXX object CMakeFiles/lammps.dir/opt/my_lammps/src/MOLECULE/pair_lj_charmm_coul_charmm.cpp.o
	[ 68%] Building CXX object CMakeFiles/lammps.dir/opt/my_lammps/src/MOLECULE/pair_lj_charmm_coul_charmm_implicit.cpp.o
	[ 68%] Building CXX object CMakeFiles/lammps.dir/opt/my_lammps/src/MOLECULE/pair_lj_charmmfsw_coul_charmmfsh.cpp.o
	[ 68%] Building CXX object CMakeFiles/lammps.dir/opt/my_lammps/src/MOLECULE/pair_lj_cut_tip4p_cut.cpp.o
	[ 68%] Building CXX object CMakeFiles/lammps.dir/opt/my_lammps/src/MOLECULE/pair_tip4p_cut.cpp.o
	[ 68%] Building CXX object CMakeFiles/lammps.dir/opt/my_lammps/src/MOLFILE/dump_molfile.cpp.o
	[ 69%] Building CXX object CMakeFiles/lammps.dir/opt/my_lammps/src/MOLFILE/molfile_interface.cpp.o
	[ 69%] Building CXX object CMakeFiles/lammps.dir/opt/my_lammps/src/MOLFILE/reader_molfile.cpp.o
	[ 69%] Building CXX object CMakeFiles/lammps.dir/opt/my_lammps/src/NETCDF/dump_netcdf.cpp.o
	[ 69%] Building CXX object CMakeFiles/lammps.dir/opt/my_lammps/src/NETCDF/dump_netcdf_mpiio.cpp.o
	[ 69%] Building CXX object CMakeFiles/lammps.dir/opt/my_lammps/src/NETCDF/netcdf_units.cpp.o
	[ 69%] Building CXX object CMakeFiles/lammps.dir/opt/my_lammps/src/PHONON/dynamical_matrix.cpp.o
	[ 69%] Building CXX object CMakeFiles/lammps.dir/opt/my_lammps/src/PHONON/fix_phonon.cpp.o
	[ 69%] Building CXX object CMakeFiles/lammps.dir/opt/my_lammps/src/PHONON/third_order.cpp.o
	[ 69%] Building CXX object CMakeFiles/lammps.dir/opt/my_lammps/src/PLUMED/fix_plumed.cpp.o
	[ 69%] Building CXX object CMakeFiles/lammps.dir/opt/my_lammps/src/PYTHON/fix_python_invoke.cpp.o
	[ 69%] Building CXX object CMakeFiles/lammps.dir/opt/my_lammps/src/PYTHON/fix_python_move.cpp.o
	[ 69%] Building CXX object CMakeFiles/lammps.dir/opt/my_lammps/src/PYTHON/pair_python.cpp.o
	[ 69%] Building CXX object CMakeFiles/lammps.dir/opt/my_lammps/src/PYTHON/python_impl.cpp.o
	[ 69%] Building CXX object CMakeFiles/lammps.dir/opt/my_lammps/src/QEQ/fix_qeq.cpp.o
	[ 69%] Building CXX object CMakeFiles/lammps.dir/opt/my_lammps/src/QEQ/fix_qeq_ctip.cpp.o
	[ 69%] Building CXX object CMakeFiles/lammps.dir/opt/my_lammps/src/QEQ/fix_qeq_dynamic.cpp.o
	[ 69%] Building CXX object CMakeFiles/lammps.dir/opt/my_lammps/src/QEQ/fix_qeq_fire.cpp.o
	[ 70%] Building CXX object CMakeFiles/lammps.dir/opt/my_lammps/src/QEQ/fix_qeq_point.cpp.o
	[ 70%] Building CXX object CMakeFiles/lammps.dir/opt/my_lammps/src/QEQ/fix_qeq_shielded.cpp.o
	[ 70%] Building CXX object CMakeFiles/lammps.dir/opt/my_lammps/src/QEQ/fix_qeq_slater.cpp.o
	[ 70%] Building CXX object CMakeFiles/lammps.dir/opt/my_lammps/src/REACTION/fix_bond_react.cpp.o
	[ 70%] Building CXX object CMakeFiles/lammps.dir/opt/my_lammps/src/REAXFF/compute_reaxff_atom.cpp.o
	[ 70%] Building CXX object CMakeFiles/lammps.dir/opt/my_lammps/src/REAXFF/compute_spec_atom.cpp.o
	[ 70%] Building CXX object CMakeFiles/lammps.dir/opt/my_lammps/src/REAXFF/fix_acks2_reaxff.cpp.o
	[ 70%] Building CXX object CMakeFiles/lammps.dir/opt/my_lammps/src/REAXFF/fix_qeq_reaxff.cpp.o
	[ 70%] Building CXX object CMakeFiles/lammps.dir/opt/my_lammps/src/REAXFF/fix_qeq_rel_reaxff.cpp.o
	[ 70%] Building CXX object CMakeFiles/lammps.dir/opt/my_lammps/src/REAXFF/fix_qtpie_reaxff.cpp.o
	[ 70%] Building CXX object CMakeFiles/lammps.dir/opt/my_lammps/src/REAXFF/fix_reaxff.cpp.o
	[ 70%] Building CXX object CMakeFiles/lammps.dir/opt/my_lammps/src/REAXFF/fix_reaxff_bonds.cpp.o
	[ 70%] Building CXX object CMakeFiles/lammps.dir/opt/my_lammps/src/REAXFF/fix_reaxff_species.cpp.o
	[ 70%] Building CXX object CMakeFiles/lammps.dir/opt/my_lammps/src/REAXFF/pair_reaxff.cpp.o
	[ 70%] Building CXX object CMakeFiles/lammps.dir/opt/my_lammps/src/REAXFF/reaxff_allocate.cpp.o
	[ 70%] Building CXX object CMakeFiles/lammps.dir/opt/my_lammps/src/REAXFF/reaxff_bond_orders.cpp.o
	[ 70%] Building CXX object CMakeFiles/lammps.dir/opt/my_lammps/src/REAXFF/reaxff_bonds.cpp.o
	[ 70%] Building CXX object CMakeFiles/lammps.dir/opt/my_lammps/src/REAXFF/reaxff_control.cpp.o
	[ 71%] Building CXX object CMakeFiles/lammps.dir/opt/my_lammps/src/REAXFF/reaxff_ffield.cpp.o
	[ 71%] Building CXX object CMakeFiles/lammps.dir/opt/my_lammps/src/REAXFF/reaxff_forces.cpp.o
	[ 71%] Building CXX object CMakeFiles/lammps.dir/opt/my_lammps/src/REAXFF/reaxff_hydrogen_bonds.cpp.o
	[ 71%] Building CXX object CMakeFiles/lammps.dir/opt/my_lammps/src/REAXFF/reaxff_init_md.cpp.o
	[ 71%] Building CXX object CMakeFiles/lammps.dir/opt/my_lammps/src/REAXFF/reaxff_list.cpp.o
	[ 71%] Building CXX object CMakeFiles/lammps.dir/opt/my_lammps/src/REAXFF/reaxff_lookup.cpp.o
	[ 71%] Building CXX object CMakeFiles/lammps.dir/opt/my_lammps/src/REAXFF/reaxff_multi_body.cpp.o
	[ 71%] Building CXX object CMakeFiles/lammps.dir/opt/my_lammps/src/REAXFF/reaxff_nonbonded.cpp.o
	[ 71%] Building CXX object CMakeFiles/lammps.dir/opt/my_lammps/src/REAXFF/reaxff_reset_tools.cpp.o
	[ 71%] Building CXX object CMakeFiles/lammps.dir/opt/my_lammps/src/REAXFF/reaxff_tool_box.cpp.o
	[ 71%] Building CXX object CMakeFiles/lammps.dir/opt/my_lammps/src/REAXFF/reaxff_torsion_angles.cpp.o
	[ 71%] Building CXX object CMakeFiles/lammps.dir/opt/my_lammps/src/REAXFF/reaxff_valence_angles.cpp.o
	[ 71%] Building CXX object CMakeFiles/lammps.dir/opt/my_lammps/src/REPLICA/bosonic_exchange.cpp.o
	[ 71%] Building CXX object CMakeFiles/lammps.dir/opt/my_lammps/src/REPLICA/compute_event_displace.cpp.o
	[ 71%] Building CXX object CMakeFiles/lammps.dir/opt/my_lammps/src/REPLICA/compute_pressure_alchemy.cpp.o
	[ 71%] Building CXX object CMakeFiles/lammps.dir/opt/my_lammps/src/REPLICA/compute_pressure_grem.cpp.o
	[ 71%] Building CXX object CMakeFiles/lammps.dir/opt/my_lammps/src/REPLICA/fix_alchemy.cpp.o
	[ 72%] Building CXX object CMakeFiles/lammps.dir/opt/my_lammps/src/REPLICA/fix_event.cpp.o
	[ 72%] Building CXX object CMakeFiles/lammps.dir/opt/my_lammps/src/REPLICA/fix_event_hyper.cpp.o
	[ 72%] Building CXX object CMakeFiles/lammps.dir/opt/my_lammps/src/REPLICA/fix_event_prd.cpp.o
	[ 72%] Building CXX object CMakeFiles/lammps.dir/opt/my_lammps/src/REPLICA/fix_event_tad.cpp.o
	[ 72%] Building CXX object CMakeFiles/lammps.dir/opt/my_lammps/src/REPLICA/fix_grem.cpp.o
	[ 72%] Building CXX object CMakeFiles/lammps.dir/opt/my_lammps/src/REPLICA/fix_hyper.cpp.o
	[ 72%] Building CXX object CMakeFiles/lammps.dir/opt/my_lammps/src/REPLICA/fix_hyper_global.cpp.o
	[ 72%] Building CXX object CMakeFiles/lammps.dir/opt/my_lammps/src/REPLICA/fix_hyper_local.cpp.o
	[ 72%] Building CXX object CMakeFiles/lammps.dir/opt/my_lammps/src/REPLICA/fix_neb.cpp.o
	[ 72%] Building CXX object CMakeFiles/lammps.dir/opt/my_lammps/src/REPLICA/fix_pimd_langevin.cpp.o
	[ 72%] Building CXX object CMakeFiles/lammps.dir/opt/my_lammps/src/REPLICA/fix_pimd_langevin_bosonic.cpp.o
	[ 72%] Building CXX object CMakeFiles/lammps.dir/opt/my_lammps/src/REPLICA/fix_pimd_nvt.cpp.o
	[ 72%] Building CXX object CMakeFiles/lammps.dir/opt/my_lammps/src/REPLICA/fix_pimd_nvt_bosonic.cpp.o
	[ 72%] Building CXX object CMakeFiles/lammps.dir/opt/my_lammps/src/REPLICA/hyper.cpp.o
	[ 72%] Building CXX object CMakeFiles/lammps.dir/opt/my_lammps/src/REPLICA/neb.cpp.o
	[ 72%] Building CXX object CMakeFiles/lammps.dir/opt/my_lammps/src/REPLICA/prd.cpp.o
	[ 72%] Building CXX object CMakeFiles/lammps.dir/opt/my_lammps/src/REPLICA/tad.cpp.o
	[ 72%] Building CXX object CMakeFiles/lammps.dir/opt/my_lammps/src/REPLICA/temper.cpp.o
	[ 73%] Building CXX object CMakeFiles/lammps.dir/opt/my_lammps/src/REPLICA/temper_grem.cpp.o
	[ 73%] Building CXX object CMakeFiles/lammps.dir/opt/my_lammps/src/REPLICA/temper_npt.cpp.o
	[ 73%] Building CXX object CMakeFiles/lammps.dir/opt/my_lammps/src/REPLICA/verlet_split.cpp.o
	[ 73%] Building CXX object CMakeFiles/lammps.dir/opt/my_lammps/src/RIGID/compute_erotate_rigid.cpp.o
	[ 73%] Building CXX object CMakeFiles/lammps.dir/opt/my_lammps/src/RIGID/compute_ke_rigid.cpp.o
	[ 73%] Building CXX object CMakeFiles/lammps.dir/opt/my_lammps/src/RIGID/compute_rigid_local.cpp.o
	[ 73%] Building CXX object CMakeFiles/lammps.dir/opt/my_lammps/src/RIGID/fix_ehex.cpp.o
	[ 73%] Building CXX object CMakeFiles/lammps.dir/opt/my_lammps/src/RIGID/fix_rattle.cpp.o
	[ 73%] Building CXX object CMakeFiles/lammps.dir/opt/my_lammps/src/RIGID/fix_rigid.cpp.o
	[ 73%] Building CXX object CMakeFiles/lammps.dir/opt/my_lammps/src/RIGID/fix_rigid_nh.cpp.o
	[ 73%] Building CXX object CMakeFiles/lammps.dir/opt/my_lammps/src/RIGID/fix_rigid_nh_small.cpp.o
	[ 73%] Building CXX object CMakeFiles/lammps.dir/opt/my_lammps/src/RIGID/fix_rigid_nph.cpp.o
	[ 73%] Building CXX object CMakeFiles/lammps.dir/opt/my_lammps/src/RIGID/fix_rigid_nph_small.cpp.o
	[ 73%] Building CXX object CMakeFiles/lammps.dir/opt/my_lammps/src/RIGID/fix_rigid_npt.cpp.o
	[ 73%] Building CXX object CMakeFiles/lammps.dir/opt/my_lammps/src/RIGID/fix_rigid_npt_small.cpp.o
	[ 73%] Building CXX object CMakeFiles/lammps.dir/opt/my_lammps/src/RIGID/fix_rigid_nve.cpp.o
	[ 73%] Building CXX object CMakeFiles/lammps.dir/opt/my_lammps/src/RIGID/fix_rigid_nve_small.cpp.o
	[ 74%] Building CXX object CMakeFiles/lammps.dir/opt/my_lammps/src/RIGID/fix_rigid_nvt.cpp.o
	[ 74%] Building CXX object CMakeFiles/lammps.dir/opt/my_lammps/src/RIGID/fix_rigid_nvt_small.cpp.o
	[ 74%] Building CXX object CMakeFiles/lammps.dir/opt/my_lammps/src/RIGID/fix_rigid_small.cpp.o
	[ 74%] Building CXX object CMakeFiles/lammps.dir/opt/my_lammps/src/RIGID/fix_shake.cpp.o
	[ 74%] Building CXX object CMakeFiles/lammps.dir/opt/my_lammps/src/SPIN/atom_vec_spin.cpp.o
	[ 74%] Building CXX object CMakeFiles/lammps.dir/opt/my_lammps/src/SPIN/compute_spin.cpp.o
	[ 74%] Building CXX object CMakeFiles/lammps.dir/opt/my_lammps/src/SPIN/fix_langevin_spin.cpp.o
	[ 74%] Building CXX object CMakeFiles/lammps.dir/opt/my_lammps/src/SPIN/fix_neb_spin.cpp.o
	[ 74%] Building CXX object CMakeFiles/lammps.dir/opt/my_lammps/src/SPIN/fix_nve_spin.cpp.o
	[ 74%] Building CXX object CMakeFiles/lammps.dir/opt/my_lammps/src/SPIN/fix_precession_spin.cpp.o
	[ 74%] Building CXX object CMakeFiles/lammps.dir/opt/my_lammps/src/SPIN/fix_setforce_spin.cpp.o
	[ 74%] Building CXX object CMakeFiles/lammps.dir/opt/my_lammps/src/SPIN/min_spin.cpp.o
	[ 74%] Building CXX object CMakeFiles/lammps.dir/opt/my_lammps/src/SPIN/min_spin_cg.cpp.o
	[ 74%] Building CXX object CMakeFiles/lammps.dir/opt/my_lammps/src/SPIN/min_spin_lbfgs.cpp.o
	[ 74%] Building CXX object CMakeFiles/lammps.dir/opt/my_lammps/src/SPIN/neb_spin.cpp.o
	[ 74%] Building CXX object CMakeFiles/lammps.dir/opt/my_lammps/src/SPIN/pair_spin.cpp.o
	[ 74%] Building CXX object CMakeFiles/lammps.dir/opt/my_lammps/src/SPIN/pair_spin_dipole_cut.cpp.o
	[ 74%] Building CXX object CMakeFiles/lammps.dir/opt/my_lammps/src/SPIN/pair_spin_dipole_long.cpp.o
	[ 75%] Building CXX object CMakeFiles/lammps.dir/opt/my_lammps/src/SPIN/pair_spin_dmi.cpp.o
	[ 75%] Building CXX object CMakeFiles/lammps.dir/opt/my_lammps/src/SPIN/pair_spin_exchange.cpp.o
	[ 75%] Building CXX object CMakeFiles/lammps.dir/opt/my_lammps/src/SPIN/pair_spin_exchange_biquadratic.cpp.o
	[ 75%] Building CXX object CMakeFiles/lammps.dir/opt/my_lammps/src/SPIN/pair_spin_magelec.cpp.o
	[ 75%] Building CXX object CMakeFiles/lammps.dir/opt/my_lammps/src/SPIN/pair_spin_neel.cpp.o
	[ 75%] Building CXX object CMakeFiles/lammps.dir/opt/my_lammps/src/TALLY/compute_force_tally.cpp.o
	[ 75%] Building CXX object CMakeFiles/lammps.dir/opt/my_lammps/src/TALLY/compute_heat_flux_tally.cpp.o
	[ 75%] Building CXX object CMakeFiles/lammps.dir/opt/my_lammps/src/TALLY/compute_heat_flux_virial_tally.cpp.o
	[ 75%] Building CXX object CMakeFiles/lammps.dir/opt/my_lammps/src/TALLY/compute_pe_mol_tally.cpp.o
	[ 75%] Building CXX object CMakeFiles/lammps.dir/opt/my_lammps/src/TALLY/compute_pe_tally.cpp.o
	[ 75%] Building CXX object CMakeFiles/lammps.dir/opt/my_lammps/src/TALLY/compute_stress_tally.cpp.o
	[ 75%] Building CXX object CMakeFiles/lammps.dir/opt/my_lammps/src/VORONOI/compute_voronoi_atom.cpp.o
	[ 75%] Building CXX object CMakeFiles/lammps.dir/opt/my_lammps/src/CORESHELL/compute_temp_cs.cpp.o
	[ 75%] Building CXX object CMakeFiles/lammps.dir/opt/my_lammps/src/CORESHELL/pair_coul_wolf_cs.cpp.o
	[ 75%] Building CXX object CMakeFiles/lammps.dir/opt/my_lammps/src/CORESHELL/pair_born_coul_dsf_cs.cpp.o
	[ 75%] Building CXX object CMakeFiles/lammps.dir/opt/my_lammps/src/CORESHELL/pair_born_coul_wolf_cs.cpp.o
	[ 75%] Building CXX object CMakeFiles/lammps.dir/opt/my_lammps/src/CORESHELL/pair_born_coul_long_cs.cpp.o
	[ 76%] Building CXX object CMakeFiles/lammps.dir/opt/my_lammps/src/CORESHELL/pair_buck_coul_long_cs.cpp.o
	[ 76%] Building CXX object CMakeFiles/lammps.dir/opt/my_lammps/src/CORESHELL/pair_coul_long_cs.cpp.o
	[ 76%] Building CXX object CMakeFiles/lammps.dir/opt/my_lammps/src/CORESHELL/pair_lj_cut_coul_long_cs.cpp.o
	[ 76%] Building CXX object CMakeFiles/lammps.dir/opt/my_lammps/src/OPENMP/thr_data.cpp.o
	[ 76%] Building CXX object CMakeFiles/lammps.dir/opt/my_lammps/src/OPENMP/thr_omp.cpp.o
	[ 76%] Building CXX object CMakeFiles/lammps.dir/opt/my_lammps/src/OPENMP/fix_omp.cpp.o
	[ 76%] Building CXX object CMakeFiles/lammps.dir/opt/my_lammps/src/OPENMP/fix_nh_omp.cpp.o
	[ 76%] Building CXX object CMakeFiles/lammps.dir/opt/my_lammps/src/OPENMP/fix_nh_sphere_omp.cpp.o
	[ 76%] Building CXX object CMakeFiles/lammps.dir/opt/my_lammps/src/OPENMP/domain_omp.cpp.o
	[ 76%] Building CXX object CMakeFiles/lammps.dir/opt/my_lammps/src/OPENMP/angle_spica_omp.cpp.o
	[ 76%] Building CXX object CMakeFiles/lammps.dir/opt/my_lammps/src/OPENMP/angle_dipole_omp.cpp.o
	[ 76%] Building CXX object CMakeFiles/lammps.dir/opt/my_lammps/src/OPENMP/angle_cosine_delta_omp.cpp.o
	[ 76%] Building CXX object CMakeFiles/lammps.dir/opt/my_lammps/src/OPENMP/angle_cosine_periodic_omp.cpp.o
	[ 76%] Building CXX object CMakeFiles/lammps.dir/opt/my_lammps/src/OPENMP/angle_cosine_shift_omp.cpp.o
	[ 76%] Building CXX object CMakeFiles/lammps.dir/opt/my_lammps/src/OPENMP/angle_cosine_shift_exp_omp.cpp.o
	[ 76%] Building CXX object CMakeFiles/lammps.dir/opt/my_lammps/src/OPENMP/angle_cosine_squared_restricted_omp.cpp.o
	[ 76%] Building CXX object CMakeFiles/lammps.dir/opt/my_lammps/src/OPENMP/angle_fourier_omp.cpp.o
	[ 76%] Building CXX object CMakeFiles/lammps.dir/opt/my_lammps/src/OPENMP/angle_fourier_simple_omp.cpp.o
	[ 77%] Building CXX object CMakeFiles/lammps.dir/opt/my_lammps/src/OPENMP/angle_quartic_omp.cpp.o
	[ 77%] Building CXX object CMakeFiles/lammps.dir/opt/my_lammps/src/OPENMP/angle_lepton_omp.cpp.o
	[ 77%] Building CXX object CMakeFiles/lammps.dir/opt/my_lammps/src/OPENMP/angle_charmm_omp.cpp.o
	[ 77%] Building CXX object CMakeFiles/lammps.dir/opt/my_lammps/src/OPENMP/angle_cosine_omp.cpp.o
	[ 77%] Building CXX object CMakeFiles/lammps.dir/opt/my_lammps/src/OPENMP/angle_cosine_squared_omp.cpp.o
	[ 77%] Building CXX object CMakeFiles/lammps.dir/opt/my_lammps/src/OPENMP/angle_harmonic_omp.cpp.o
	[ 77%] Building CXX object CMakeFiles/lammps.dir/opt/my_lammps/src/OPENMP/angle_table_omp.cpp.o
	[ 77%] Building CXX object CMakeFiles/lammps.dir/opt/my_lammps/src/OPENMP/bond_harmonic_shift_omp.cpp.o
	[ 77%] Building CXX object CMakeFiles/lammps.dir/opt/my_lammps/src/OPENMP/bond_harmonic_shift_cut_omp.cpp.o
	[ 77%] Building CXX object CMakeFiles/lammps.dir/opt/my_lammps/src/OPENMP/bond_nonlinear_omp.cpp.o
	[ 77%] Building CXX object CMakeFiles/lammps.dir/opt/my_lammps/src/OPENMP/bond_lepton_omp.cpp.o
	[ 77%] Building CXX object CMakeFiles/lammps.dir/opt/my_lammps/src/OPENMP/bond_fene_omp.cpp.o
	[ 77%] Building CXX object CMakeFiles/lammps.dir/opt/my_lammps/src/OPENMP/bond_fene_expand_omp.cpp.o
	[ 77%] Building CXX object CMakeFiles/lammps.dir/opt/my_lammps/src/OPENMP/bond_gromos_omp.cpp.o
	[ 77%] Building CXX object CMakeFiles/lammps.dir/opt/my_lammps/src/OPENMP/bond_harmonic_omp.cpp.o
	[ 77%] Building CXX object CMakeFiles/lammps.dir/opt/my_lammps/src/OPENMP/bond_morse_omp.cpp.o
	[ 77%] Building CXX object CMakeFiles/lammps.dir/opt/my_lammps/src/OPENMP/bond_quartic_omp.cpp.o
	[ 78%] Building CXX object CMakeFiles/lammps.dir/opt/my_lammps/src/OPENMP/bond_table_omp.cpp.o
	[ 78%] Building CXX object CMakeFiles/lammps.dir/opt/my_lammps/src/OPENMP/dihedral_cosine_shift_exp_omp.cpp.o
	[ 78%] Building CXX object CMakeFiles/lammps.dir/opt/my_lammps/src/OPENMP/dihedral_fourier_omp.cpp.o
	[ 78%] Building CXX object CMakeFiles/lammps.dir/opt/my_lammps/src/OPENMP/dihedral_helix_omp.cpp.o
	[ 78%] Building CXX object CMakeFiles/lammps.dir/opt/my_lammps/src/OPENMP/dihedral_nharmonic_omp.cpp.o
	[ 78%] Building CXX object CMakeFiles/lammps.dir/opt/my_lammps/src/OPENMP/dihedral_quadratic_omp.cpp.o
	[ 78%] Building CXX object CMakeFiles/lammps.dir/opt/my_lammps/src/OPENMP/dihedral_lepton_omp.cpp.o
	[ 78%] Building CXX object CMakeFiles/lammps.dir/opt/my_lammps/src/OPENMP/dihedral_charmm_omp.cpp.o
	[ 78%] Building CXX object CMakeFiles/lammps.dir/opt/my_lammps/src/OPENMP/dihedral_harmonic_omp.cpp.o
	[ 78%] Building CXX object CMakeFiles/lammps.dir/opt/my_lammps/src/OPENMP/dihedral_multi_harmonic_omp.cpp.o
	[ 78%] Building CXX object CMakeFiles/lammps.dir/opt/my_lammps/src/OPENMP/dihedral_opls_omp.cpp.o
	[ 78%] Building CXX object CMakeFiles/lammps.dir/opt/my_lammps/src/OPENMP/dihedral_table_omp.cpp.o
	[ 78%] Building CXX object CMakeFiles/lammps.dir/opt/my_lammps/src/OPENMP/fix_gravity_omp.cpp.o
	[ 78%] Building CXX object CMakeFiles/lammps.dir/opt/my_lammps/src/OPENMP/fix_neigh_history_omp.cpp.o
	[ 78%] Building CXX object CMakeFiles/lammps.dir/opt/my_lammps/src/OPENMP/fix_nph_omp.cpp.o
	[ 78%] Building CXX object CMakeFiles/lammps.dir/opt/my_lammps/src/OPENMP/fix_nph_sphere_omp.cpp.o
	[ 78%] Building CXX object CMakeFiles/lammps.dir/opt/my_lammps/src/OPENMP/fix_npt_omp.cpp.o
	[ 78%] Building CXX object CMakeFiles/lammps.dir/opt/my_lammps/src/OPENMP/fix_npt_sphere_omp.cpp.o
	[ 79%] Building CXX object CMakeFiles/lammps.dir/opt/my_lammps/src/OPENMP/fix_nve_omp.cpp.o
	[ 79%] Building CXX object CMakeFiles/lammps.dir/opt/my_lammps/src/OPENMP/fix_nve_sphere_omp.cpp.o
	[ 79%] Building CXX object CMakeFiles/lammps.dir/opt/my_lammps/src/OPENMP/fix_nvt_omp.cpp.o
	[ 79%] Building CXX object CMakeFiles/lammps.dir/opt/my_lammps/src/OPENMP/fix_nvt_sllod_omp.cpp.o
	[ 79%] Building CXX object CMakeFiles/lammps.dir/opt/my_lammps/src/OPENMP/fix_nvt_sphere_omp.cpp.o
	[ 79%] Building CXX object CMakeFiles/lammps.dir/opt/my_lammps/src/OPENMP/fix_nph_asphere_omp.cpp.o
	[ 79%] Building CXX object CMakeFiles/lammps.dir/opt/my_lammps/src/OPENMP/fix_npt_asphere_omp.cpp.o
	[ 79%] Building CXX object CMakeFiles/lammps.dir/opt/my_lammps/src/OPENMP/fix_nvt_asphere_omp.cpp.o
	[ 79%] Building CXX object CMakeFiles/lammps.dir/opt/my_lammps/src/OPENMP/fix_qeq_comb_omp.cpp.o
	[ 79%] Building CXX object CMakeFiles/lammps.dir/opt/my_lammps/src/OPENMP/fix_qeq_reaxff_omp.cpp.o
	[ 79%] Building CXX object CMakeFiles/lammps.dir/opt/my_lammps/src/OPENMP/fix_rigid_omp.cpp.o
	[ 79%] Building CXX object CMakeFiles/lammps.dir/opt/my_lammps/src/OPENMP/fix_rigid_nph_omp.cpp.o
	[ 79%] Building CXX object CMakeFiles/lammps.dir/opt/my_lammps/src/OPENMP/fix_rigid_npt_omp.cpp.o
	[ 79%] Building CXX object CMakeFiles/lammps.dir/opt/my_lammps/src/OPENMP/fix_rigid_nve_omp.cpp.o
	[ 79%] Building CXX object CMakeFiles/lammps.dir/opt/my_lammps/src/OPENMP/fix_rigid_nvt_omp.cpp.o
	[ 79%] Building CXX object CMakeFiles/lammps.dir/opt/my_lammps/src/OPENMP/fix_rigid_small_omp.cpp.o
	[ 79%] Building CXX object CMakeFiles/lammps.dir/opt/my_lammps/src/OPENMP/improper_cossq_omp.cpp.o
	[ 80%] Building CXX object CMakeFiles/lammps.dir/opt/my_lammps/src/OPENMP/improper_fourier_omp.cpp.o
	[ 80%] Building CXX object CMakeFiles/lammps.dir/opt/my_lammps/src/OPENMP/improper_ring_omp.cpp.o
	[ 80%] Building CXX object CMakeFiles/lammps.dir/opt/my_lammps/src/OPENMP/improper_cvff_omp.cpp.o
	[ 80%] Building CXX object CMakeFiles/lammps.dir/opt/my_lammps/src/OPENMP/improper_harmonic_omp.cpp.o
	[ 80%] Building CXX object CMakeFiles/lammps.dir/opt/my_lammps/src/OPENMP/improper_umbrella_omp.cpp.o
	[ 80%] Building CXX object CMakeFiles/lammps.dir/opt/my_lammps/src/OPENMP/respa_omp.cpp.o
	[ 80%] Building CXX object CMakeFiles/lammps.dir/opt/my_lammps/src/OPENMP/ewald_omp.cpp.o
	[ 80%] Building CXX object CMakeFiles/lammps.dir/opt/my_lammps/src/OPENMP/msm_omp.cpp.o
	[ 80%] Building CXX object CMakeFiles/lammps.dir/opt/my_lammps/src/OPENMP/msm_cg_omp.cpp.o
	[ 80%] Building CXX object CMakeFiles/lammps.dir/opt/my_lammps/src/OPENMP/pppm_omp.cpp.o
	[ 80%] Building CXX object CMakeFiles/lammps.dir/opt/my_lammps/src/OPENMP/pppm_cg_omp.cpp.o
	[ 80%] Building CXX object CMakeFiles/lammps.dir/opt/my_lammps/src/OPENMP/pppm_disp_omp.cpp.o
	[ 80%] Building CXX object CMakeFiles/lammps.dir/opt/my_lammps/src/OPENMP/pppm_disp_tip4p_omp.cpp.o
	[ 80%] Building CXX object CMakeFiles/lammps.dir/opt/my_lammps/src/OPENMP/pppm_tip4p_omp.cpp.o
	[ 80%] Building CXX object CMakeFiles/lammps.dir/opt/my_lammps/src/OPENMP/npair_bin_omp.cpp.o
	[ 80%] Building CXX object CMakeFiles/lammps.dir/opt/my_lammps/src/OPENMP/npair_bin_ghost_omp.cpp.o
	[ 80%] Building CXX object CMakeFiles/lammps.dir/opt/my_lammps/src/OPENMP/npair_halffull_omp.cpp.o
	[ 80%] Building CXX object CMakeFiles/lammps.dir/opt/my_lammps/src/OPENMP/npair_multi_omp.cpp.o
	[ 81%] Building CXX object CMakeFiles/lammps.dir/opt/my_lammps/src/OPENMP/npair_nsq_omp.cpp.o
	[ 81%] Building CXX object CMakeFiles/lammps.dir/opt/my_lammps/src/OPENMP/npair_nsq_ghost_omp.cpp.o
	[ 81%] Building CXX object CMakeFiles/lammps.dir/opt/my_lammps/src/OPENMP/npair_respa_bin_omp.cpp.o
	[ 81%] Building CXX object CMakeFiles/lammps.dir/opt/my_lammps/src/OPENMP/npair_respa_nsq_omp.cpp.o
	[ 81%] Building CXX object CMakeFiles/lammps.dir/opt/my_lammps/src/OPENMP/npair_trim_omp.cpp.o
	[ 81%] Building CXX object CMakeFiles/lammps.dir/opt/my_lammps/src/OPENMP/pair_born_omp.cpp.o
	[ 81%] Building CXX object CMakeFiles/lammps.dir/opt/my_lammps/src/OPENMP/pair_buck_omp.cpp.o
	[ 81%] Building CXX object CMakeFiles/lammps.dir/opt/my_lammps/src/OPENMP/pair_buck_coul_cut_omp.cpp.o
	[ 81%] Building CXX object CMakeFiles/lammps.dir/opt/my_lammps/src/OPENMP/pair_coul_cut_omp.cpp.o
	[ 81%] Building CXX object CMakeFiles/lammps.dir/opt/my_lammps/src/OPENMP/pair_coul_debye_omp.cpp.o
	[ 81%] Building CXX object CMakeFiles/lammps.dir/opt/my_lammps/src/OPENMP/pair_coul_dsf_omp.cpp.o
	[ 81%] Building CXX object CMakeFiles/lammps.dir/opt/my_lammps/src/OPENMP/pair_coul_wolf_omp.cpp.o
	[ 81%] Building CXX object CMakeFiles/lammps.dir/opt/my_lammps/src/OPENMP/pair_lj_cut_omp.cpp.o
	[ 81%] Building CXX object CMakeFiles/lammps.dir/opt/my_lammps/src/OPENMP/pair_lj_cut_coul_cut_omp.cpp.o
	[ 81%] Building CXX object CMakeFiles/lammps.dir/opt/my_lammps/src/OPENMP/pair_lj_expand_omp.cpp.o
	[ 81%] Building CXX object CMakeFiles/lammps.dir/opt/my_lammps/src/OPENMP/pair_morse_omp.cpp.o
	[ 81%] Building CXX object CMakeFiles/lammps.dir/opt/my_lammps/src/OPENMP/pair_soft_omp.cpp.o
	[ 82%] Building CXX object CMakeFiles/lammps.dir/opt/my_lammps/src/OPENMP/pair_table_omp.cpp.o
	[ 82%] Building CXX object CMakeFiles/lammps.dir/opt/my_lammps/src/OPENMP/pair_yukawa_omp.cpp.o
	[ 82%] Building CXX object CMakeFiles/lammps.dir/opt/my_lammps/src/OPENMP/pair_zbl_omp.cpp.o
	[ 82%] Building CXX object CMakeFiles/lammps.dir/opt/my_lammps/src/OPENMP/pair_gayberne_omp.cpp.o
	[ 82%] Building CXX object CMakeFiles/lammps.dir/opt/my_lammps/src/OPENMP/pair_resquared_omp.cpp.o
	[ 82%] Building CXX object CMakeFiles/lammps.dir/opt/my_lammps/src/OPENMP/pair_lj_spica_omp.cpp.o
	[ 82%] Building CXX object CMakeFiles/lammps.dir/opt/my_lammps/src/OPENMP/pair_lj_spica_coul_long_omp.cpp.o
	[ 82%] Building CXX object CMakeFiles/lammps.dir/opt/my_lammps/src/OPENMP/pair_lj_spica_coul_msm_omp.cpp.o
	[ 82%] Building CXX object CMakeFiles/lammps.dir/opt/my_lammps/src/OPENMP/pair_brownian_omp.cpp.o
	[ 82%] Building CXX object CMakeFiles/lammps.dir/opt/my_lammps/src/OPENMP/pair_brownian_poly_omp.cpp.o
	[ 82%] Building CXX object CMakeFiles/lammps.dir/opt/my_lammps/src/OPENMP/pair_colloid_omp.cpp.o
	[ 82%] Building CXX object CMakeFiles/lammps.dir/opt/my_lammps/src/OPENMP/pair_lubricate_omp.cpp.o
	[ 82%] Building CXX object CMakeFiles/lammps.dir/opt/my_lammps/src/OPENMP/pair_lubricate_poly_omp.cpp.o
	[ 82%] Building CXX object CMakeFiles/lammps.dir/opt/my_lammps/src/OPENMP/pair_yukawa_colloid_omp.cpp.o
	[ 82%] Building CXX object CMakeFiles/lammps.dir/opt/my_lammps/src/OPENMP/pair_lj_cut_coul_cut_dielectric_omp.cpp.o
	[ 82%] Building CXX object CMakeFiles/lammps.dir/opt/my_lammps/src/OPENMP/pair_lj_cut_coul_debye_dielectric_omp.cpp.o
	[ 82%] Building CXX object CMakeFiles/lammps.dir/opt/my_lammps/src/OPENMP/pair_lj_cut_coul_long_dielectric_omp.cpp.o
	[ 82%] Building CXX object CMakeFiles/lammps.dir/opt/my_lammps/src/OPENMP/pair_lj_cut_dipole_cut_omp.cpp.o
	[ 83%] Building CXX object CMakeFiles/lammps.dir/opt/my_lammps/src/OPENMP/pair_lj_sf_dipole_sf_omp.cpp.o
	[ 83%] Building CXX object CMakeFiles/lammps.dir/opt/my_lammps/src/OPENMP/pair_dpd_omp.cpp.o
	[ 83%] Building CXX object CMakeFiles/lammps.dir/opt/my_lammps/src/OPENMP/pair_dpd_ext_omp.cpp.o
	[ 83%] Building CXX object CMakeFiles/lammps.dir/opt/my_lammps/src/OPENMP/pair_dpd_ext_tstat_omp.cpp.o
	[ 83%] Building CXX object CMakeFiles/lammps.dir/opt/my_lammps/src/OPENMP/pair_dpd_tstat_omp.cpp.o
	[ 83%] Building CXX object CMakeFiles/lammps.dir/opt/my_lammps/src/OPENMP/pair_lj_cut_thole_long_omp.cpp.o
	[ 83%] Building CXX object CMakeFiles/lammps.dir/opt/my_lammps/src/OPENMP/pair_hbond_dreiding_lj_angleoffset_omp.cpp.o
	[ 83%] Building CXX object CMakeFiles/lammps.dir/opt/my_lammps/src/OPENMP/pair_hbond_dreiding_morse_angleoffset_omp.cpp.o
	[ 83%] Building CXX object CMakeFiles/lammps.dir/opt/my_lammps/src/OPENMP/pair_beck_omp.cpp.o
	[ 83%] Building CXX object CMakeFiles/lammps.dir/opt/my_lammps/src/OPENMP/pair_born_coul_wolf_omp.cpp.o
	[ 83%] Building CXX object CMakeFiles/lammps.dir/opt/my_lammps/src/OPENMP/pair_coul_cut_global_omp.cpp.o
	[ 83%] Building CXX object CMakeFiles/lammps.dir/opt/my_lammps/src/OPENMP/pair_coul_diel_omp.cpp.o
	[ 83%] Building CXX object CMakeFiles/lammps.dir/opt/my_lammps/src/OPENMP/pair_gauss_omp.cpp.o
	[ 83%] Building CXX object CMakeFiles/lammps.dir/opt/my_lammps/src/OPENMP/pair_gauss_cut_omp.cpp.o
	[ 83%] Building CXX object CMakeFiles/lammps.dir/opt/my_lammps/src/OPENMP/pair_harmonic_cut_omp.cpp.o
	[ 83%] Building CXX object CMakeFiles/lammps.dir/opt/my_lammps/src/OPENMP/pair_lj96_cut_omp.cpp.o
	[ 83%] Building CXX object CMakeFiles/lammps.dir/opt/my_lammps/src/OPENMP/pair_lj_cubic_omp.cpp.o
	[ 84%] Building CXX object CMakeFiles/lammps.dir/opt/my_lammps/src/OPENMP/pair_lj_cut_coul_debye_omp.cpp.o
	[ 84%] Building CXX object CMakeFiles/lammps.dir/opt/my_lammps/src/OPENMP/pair_lj_cut_coul_dsf_omp.cpp.o
	[ 84%] Building CXX object CMakeFiles/lammps.dir/opt/my_lammps/src/OPENMP/pair_lj_cut_coul_wolf_omp.cpp.o
	[ 84%] Building CXX object CMakeFiles/lammps.dir/opt/my_lammps/src/OPENMP/pair_lj_cut_sphere_omp.cpp.o
	[ 84%] Building CXX object CMakeFiles/lammps.dir/opt/my_lammps/src/OPENMP/pair_lj_expand_sphere_omp.cpp.o
	[ 84%] Building CXX object CMakeFiles/lammps.dir/opt/my_lammps/src/OPENMP/pair_lj_gromacs_omp.cpp.o
	[ 84%] Building CXX object CMakeFiles/lammps.dir/opt/my_lammps/src/OPENMP/pair_lj_gromacs_coul_gromacs_omp.cpp.o
	[ 84%] Building CXX object CMakeFiles/lammps.dir/opt/my_lammps/src/OPENMP/pair_lj_pirani_omp.cpp.o
	[ 84%] Building CXX object CMakeFiles/lammps.dir/opt/my_lammps/src/OPENMP/pair_lj_relres_omp.cpp.o
	[ 84%] Building CXX object CMakeFiles/lammps.dir/opt/my_lammps/src/OPENMP/pair_lj_smooth_omp.cpp.o
	[ 84%] Building CXX object CMakeFiles/lammps.dir/opt/my_lammps/src/OPENMP/pair_lj_smooth_linear_omp.cpp.o
	[ 84%] Building CXX object CMakeFiles/lammps.dir/opt/my_lammps/src/OPENMP/pair_morse_smooth_linear_omp.cpp.o
	[ 84%] Building CXX object CMakeFiles/lammps.dir/opt/my_lammps/src/OPENMP/pair_nm_cut_omp.cpp.o
	[ 84%] Building CXX object CMakeFiles/lammps.dir/opt/my_lammps/src/OPENMP/pair_nm_cut_coul_cut_omp.cpp.o
	[ 84%] Building CXX object CMakeFiles/lammps.dir/opt/my_lammps/src/OPENMP/pair_nm_cut_coul_long_omp.cpp.o
	[ 84%] Building CXX object CMakeFiles/lammps.dir/opt/my_lammps/src/OPENMP/pair_pedone_omp.cpp.o
	[ 84%] Building CXX object CMakeFiles/lammps.dir/opt/my_lammps/src/OPENMP/pair_ufm_omp.cpp.o
	[ 84%] Building CXX object CMakeFiles/lammps.dir/opt/my_lammps/src/OPENMP/pair_coul_cut_soft_omp.cpp.o
	[ 85%] Building CXX object CMakeFiles/lammps.dir/opt/my_lammps/src/OPENMP/pair_coul_long_soft_omp.cpp.o
	[ 85%] Building CXX object CMakeFiles/lammps.dir/opt/my_lammps/src/OPENMP/pair_lj_charmm_coul_long_soft_omp.cpp.o
	[ 85%] Building CXX object CMakeFiles/lammps.dir/opt/my_lammps/src/OPENMP/pair_lj_cut_coul_cut_soft_omp.cpp.o
	[ 85%] Building CXX object CMakeFiles/lammps.dir/opt/my_lammps/src/OPENMP/pair_lj_cut_coul_long_soft_omp.cpp.o
	[ 85%] Building CXX object CMakeFiles/lammps.dir/opt/my_lammps/src/OPENMP/pair_lj_cut_soft_omp.cpp.o
	[ 85%] Building CXX object CMakeFiles/lammps.dir/opt/my_lammps/src/OPENMP/pair_lj_cut_tip4p_long_soft_omp.cpp.o
	[ 85%] Building CXX object CMakeFiles/lammps.dir/opt/my_lammps/src/OPENMP/pair_tip4p_long_soft_omp.cpp.o
	[ 85%] Building CXX object CMakeFiles/lammps.dir/opt/my_lammps/src/OPENMP/pair_gran_hertz_history_omp.cpp.o
	[ 85%] Building CXX object CMakeFiles/lammps.dir/opt/my_lammps/src/OPENMP/pair_gran_hooke_omp.cpp.o
	[ 85%] Building CXX object CMakeFiles/lammps.dir/opt/my_lammps/src/OPENMP/pair_gran_hooke_history_omp.cpp.o
	[ 85%] Building CXX object CMakeFiles/lammps.dir/opt/my_lammps/src/OPENMP/pair_born_coul_long_omp.cpp.o
	[ 85%] Building CXX object CMakeFiles/lammps.dir/opt/my_lammps/src/OPENMP/pair_born_coul_msm_omp.cpp.o
	[ 85%] Building CXX object CMakeFiles/lammps.dir/opt/my_lammps/src/OPENMP/pair_buck_coul_long_omp.cpp.o
	[ 85%] Building CXX object CMakeFiles/lammps.dir/opt/my_lammps/src/OPENMP/pair_buck_coul_msm_omp.cpp.o
	[ 85%] Building CXX object CMakeFiles/lammps.dir/opt/my_lammps/src/OPENMP/pair_buck_long_coul_long_omp.cpp.o
	[ 85%] Building CXX object CMakeFiles/lammps.dir/opt/my_lammps/src/OPENMP/pair_coul_long_omp.cpp.o
	[ 85%] Building CXX object CMakeFiles/lammps.dir/opt/my_lammps/src/OPENMP/pair_coul_msm_omp.cpp.o
	[ 85%] Building CXX object CMakeFiles/lammps.dir/opt/my_lammps/src/OPENMP/pair_lj_charmm_coul_long_omp.cpp.o
	[ 86%] Building CXX object CMakeFiles/lammps.dir/opt/my_lammps/src/OPENMP/pair_lj_charmm_coul_msm_omp.cpp.o
	[ 86%] Building CXX object CMakeFiles/lammps.dir/opt/my_lammps/src/OPENMP/pair_lj_cut_coul_long_omp.cpp.o
	[ 86%] Building CXX object CMakeFiles/lammps.dir/opt/my_lammps/src/OPENMP/pair_lj_cut_coul_msm_omp.cpp.o
	[ 86%] Building CXX object CMakeFiles/lammps.dir/opt/my_lammps/src/OPENMP/pair_lj_cut_tip4p_long_omp.cpp.o
	[ 86%] Building CXX object CMakeFiles/lammps.dir/opt/my_lammps/src/OPENMP/pair_lj_long_coul_long_omp.cpp.o
	[ 86%] Building CXX object CMakeFiles/lammps.dir/opt/my_lammps/src/OPENMP/pair_lj_long_tip4p_long_omp.cpp.o
	[ 86%] Building CXX object CMakeFiles/lammps.dir/opt/my_lammps/src/OPENMP/pair_tip4p_long_omp.cpp.o
	[ 86%] Building CXX object CMakeFiles/lammps.dir/opt/my_lammps/src/OPENMP/pair_lepton_omp.cpp.o
	[ 86%] Building CXX object CMakeFiles/lammps.dir/opt/my_lammps/src/OPENMP/pair_lepton_coul_omp.cpp.o
	[ 86%] Building CXX object CMakeFiles/lammps.dir/opt/my_lammps/src/OPENMP/pair_lepton_sphere_omp.cpp.o
	[ 86%] Building CXX object CMakeFiles/lammps.dir/opt/my_lammps/src/OPENMP/pair_adp_omp.cpp.o
	[ 86%] Building CXX object CMakeFiles/lammps.dir/opt/my_lammps/src/OPENMP/pair_airebo_omp.cpp.o
	[ 86%] Building CXX object CMakeFiles/lammps.dir/opt/my_lammps/src/OPENMP/pair_airebo_morse_omp.cpp.o
	[ 86%] Building CXX object CMakeFiles/lammps.dir/opt/my_lammps/src/OPENMP/pair_comb_omp.cpp.o
	[ 86%] Building CXX object CMakeFiles/lammps.dir/opt/my_lammps/src/OPENMP/pair_eam_omp.cpp.o
	[ 86%] Building CXX object CMakeFiles/lammps.dir/opt/my_lammps/src/OPENMP/pair_eam_alloy_omp.cpp.o
	[ 86%] Building CXX object CMakeFiles/lammps.dir/opt/my_lammps/src/OPENMP/pair_eam_fs_omp.cpp.o
	[ 87%] Building CXX object CMakeFiles/lammps.dir/opt/my_lammps/src/OPENMP/pair_edip_omp.cpp.o
	[ 87%] Building CXX object CMakeFiles/lammps.dir/opt/my_lammps/src/OPENMP/pair_eim_omp.cpp.o
	[ 87%] Building CXX object CMakeFiles/lammps.dir/opt/my_lammps/src/OPENMP/pair_meam_spline_omp.cpp.o
	[ 87%] Building CXX object CMakeFiles/lammps.dir/opt/my_lammps/src/OPENMP/pair_rebo_omp.cpp.o
	[ 87%] Building CXX object CMakeFiles/lammps.dir/opt/my_lammps/src/OPENMP/pair_rebomos_omp.cpp.o
	[ 87%] Building CXX object CMakeFiles/lammps.dir/opt/my_lammps/src/OPENMP/pair_sw_omp.cpp.o
	[ 87%] Building CXX object CMakeFiles/lammps.dir/opt/my_lammps/src/OPENMP/pair_sw_mod_omp.cpp.o
	[ 87%] Building CXX object CMakeFiles/lammps.dir/opt/my_lammps/src/OPENMP/pair_tersoff_omp.cpp.o
	[ 87%] Building CXX object CMakeFiles/lammps.dir/opt/my_lammps/src/OPENMP/pair_tersoff_mod_omp.cpp.o
	[ 87%] Building CXX object CMakeFiles/lammps.dir/opt/my_lammps/src/OPENMP/pair_tersoff_mod_c_omp.cpp.o
	[ 87%] Building CXX object CMakeFiles/lammps.dir/opt/my_lammps/src/OPENMP/pair_tersoff_table_omp.cpp.o
	[ 87%] Building CXX object CMakeFiles/lammps.dir/opt/my_lammps/src/OPENMP/pair_tersoff_zbl_omp.cpp.o
	[ 87%] Building CXX object CMakeFiles/lammps.dir/opt/my_lammps/src/OPENMP/pair_vashishta_omp.cpp.o
	[ 87%] Building CXX object CMakeFiles/lammps.dir/opt/my_lammps/src/OPENMP/pair_vashishta_table_omp.cpp.o
	[ 87%] Building CXX object CMakeFiles/lammps.dir/opt/my_lammps/src/OPENMP/pair_agni_omp.cpp.o
	[ 87%] Building CXX object CMakeFiles/lammps.dir/opt/my_lammps/src/OPENMP/pair_hbond_dreiding_lj_omp.cpp.o
	[ 87%] Building CXX object CMakeFiles/lammps.dir/opt/my_lammps/src/OPENMP/pair_hbond_dreiding_morse_omp.cpp.o
	[ 87%] Building CXX object CMakeFiles/lammps.dir/opt/my_lammps/src/OPENMP/pair_lj_charmm_coul_charmm_omp.cpp.o
	[ 88%] Building CXX object CMakeFiles/lammps.dir/opt/my_lammps/src/OPENMP/pair_lj_charmm_coul_charmm_implicit_omp.cpp.o
	[ 88%] Building CXX object CMakeFiles/lammps.dir/opt/my_lammps/src/OPENMP/pair_lj_cut_tip4p_cut_omp.cpp.o
	[ 88%] Building CXX object CMakeFiles/lammps.dir/opt/my_lammps/src/OPENMP/pair_tip4p_cut_omp.cpp.o
	[ 88%] Building CXX object CMakeFiles/lammps.dir/opt/my_lammps/src/OPENMP/pair_reaxff_omp.cpp.o
	[ 88%] Building CXX object CMakeFiles/lammps.dir/opt/my_lammps/src/OPENMP/fix_nh_asphere_omp.cpp.o
	[ 88%] Building CXX object CMakeFiles/lammps.dir/opt/my_lammps/src/OPENMP/fix_rigid_nh_omp.cpp.o
	[ 88%] Building CXX object CMakeFiles/lammps.dir/opt/my_lammps/src/OPENMP/reaxff_bond_orders_omp.cpp.o
	[ 88%] Building CXX object CMakeFiles/lammps.dir/opt/my_lammps/src/OPENMP/reaxff_hydrogen_bonds_omp.cpp.o
	[ 88%] Building CXX object CMakeFiles/lammps.dir/opt/my_lammps/src/OPENMP/reaxff_nonbonded_omp.cpp.o
	[ 88%] Building CXX object CMakeFiles/lammps.dir/opt/my_lammps/src/OPENMP/reaxff_bonds_omp.cpp.o
	[ 88%] Building CXX object CMakeFiles/lammps.dir/opt/my_lammps/src/OPENMP/reaxff_init_md_omp.cpp.o
	[ 88%] Building CXX object CMakeFiles/lammps.dir/opt/my_lammps/src/OPENMP/reaxff_torsion_angles_omp.cpp.o
	[ 88%] Building CXX object CMakeFiles/lammps.dir/opt/my_lammps/src/OPENMP/reaxff_forces_omp.cpp.o
	[ 88%] Building CXX object CMakeFiles/lammps.dir/opt/my_lammps/src/OPENMP/reaxff_multi_body_omp.cpp.o
	[ 88%] Building CXX object CMakeFiles/lammps.dir/opt/my_lammps/src/OPENMP/reaxff_valence_angles_omp.cpp.o
	[ 88%] Building CXX object CMakeFiles/lammps.dir/opt/my_lammps/src/KOKKOS/kokkos.cpp.o
	[ 88%] Building CXX object CMakeFiles/lammps.dir/opt/my_lammps/src/KOKKOS/atom_kokkos.cpp.o
	[ 89%] Building CXX object CMakeFiles/lammps.dir/opt/my_lammps/src/KOKKOS/atom_map_kokkos.cpp.o
	[ 89%] Building CXX object CMakeFiles/lammps.dir/opt/my_lammps/src/KOKKOS/atom_vec_kokkos.cpp.o
	[ 89%] Building CXX object CMakeFiles/lammps.dir/opt/my_lammps/src/KOKKOS/comm_kokkos.cpp.o
	[ 89%] Building CXX object CMakeFiles/lammps.dir/opt/my_lammps/src/KOKKOS/comm_tiled_kokkos.cpp.o
	[ 89%] Building CXX object CMakeFiles/lammps.dir/opt/my_lammps/src/KOKKOS/min_kokkos.cpp.o
	[ 89%] Building CXX object CMakeFiles/lammps.dir/opt/my_lammps/src/KOKKOS/min_linesearch_kokkos.cpp.o
	[ 89%] Building CXX object CMakeFiles/lammps.dir/opt/my_lammps/src/KOKKOS/neighbor_kokkos.cpp.o
	[ 89%] Building CXX object CMakeFiles/lammps.dir/opt/my_lammps/src/KOKKOS/neigh_list_kokkos.cpp.o
	[ 89%] Building CXX object CMakeFiles/lammps.dir/opt/my_lammps/src/KOKKOS/neigh_bond_kokkos.cpp.o
	[ 89%] Building CXX object CMakeFiles/lammps.dir/opt/my_lammps/src/KOKKOS/fix_nh_kokkos.cpp.o
	[ 89%] Building CXX object CMakeFiles/lammps.dir/opt/my_lammps/src/KOKKOS/nbin_kokkos.cpp.o
	[ 89%] Building CXX object CMakeFiles/lammps.dir/opt/my_lammps/src/KOKKOS/npair_kokkos.cpp.o
	[ 89%] Building CXX object CMakeFiles/lammps.dir/opt/my_lammps/src/KOKKOS/npair_halffull_kokkos.cpp.o
	[ 89%] Building CXX object CMakeFiles/lammps.dir/opt/my_lammps/src/KOKKOS/domain_kokkos.cpp.o
	[ 89%] Building CXX object CMakeFiles/lammps.dir/opt/my_lammps/src/KOKKOS/modify_kokkos.cpp.o
	[ 89%] Building CXX object CMakeFiles/lammps.dir/opt/my_lammps/src/KOKKOS/fix_wall_gran_old.cpp.o
	[ 89%] Building CXX object CMakeFiles/lammps.dir/opt/my_lammps/src/KOKKOS/fft3d_kokkos.cpp.o
	[ 89%] Building CXX object CMakeFiles/lammps.dir/opt/my_lammps/src/KOKKOS/grid3d_kokkos.cpp.o
	[ 90%] Building CXX object CMakeFiles/lammps.dir/opt/my_lammps/src/KOKKOS/remap_kokkos.cpp.o
	[ 90%] Building CXX object CMakeFiles/lammps.dir/opt/my_lammps/src/KOKKOS/mliap_data_kokkos.cpp.o
	[ 90%] Building CXX object CMakeFiles/lammps.dir/opt/my_lammps/src/KOKKOS/mliap_descriptor_so3_kokkos.cpp.o
	[ 90%] Building CXX object CMakeFiles/lammps.dir/opt/my_lammps/src/KOKKOS/mliap_model_linear_kokkos.cpp.o
	[ 90%] Building CXX object CMakeFiles/lammps.dir/opt/my_lammps/src/KOKKOS/mliap_model_python_kokkos.cpp.o
	[ 90%] Building CXX object CMakeFiles/lammps.dir/opt/my_lammps/src/KOKKOS/mliap_unified_kokkos.cpp.o
	[ 90%] Building CXX object CMakeFiles/lammps.dir/opt/my_lammps/src/KOKKOS/mliap_so3_kokkos.cpp.o
	[ 90%] Building CXX object CMakeFiles/lammps.dir/cython/mliap_model_python_couple_kokkos.cpp.o
	/opt/my_lammps/build/cython/mliap_model_python_couple_kokkos.cpp(20353): warning #550-D: variable "__pyx_lineno" was set but never used
	int __pyx_lineno = 0;
	^
	
	Remark: The warnings can be suppressed with "-diag-suppress <warning-number>"
	
	/opt/my_lammps/build/cython/mliap_model_python_couple_kokkos.cpp(20354): warning #550-D: variable "__pyx_filename" was set but never used
	const char *__pyx_filename =
	^
	
	/opt/my_lammps/build/cython/mliap_model_python_couple_kokkos.cpp(20355): warning #550-D: variable "__pyx_clineno" was set but never used
	int __pyx_clineno = 0;
	^
	/opt/my_lammps/build/cython/mliap_model_python_couple_kokkos.cpp(705): warning #177-D: function "__Pyx__IsSameCFunction" was declared but never referenced
	static inline int __Pyx__IsSameCFunction(PyObject *func, void (*cfunc)(void)) {
	^
	/opt/my_lammps/build/cython/mliap_model_python_couple_kokkos.cpp(789): warning #177-D: function "__Pyx_PyDict_GetItemStr" was declared but never referenced
	static inline PyObject * __Pyx_PyDict_GetItemStr(PyObject *dict, PyObject *name) {
	^
	/opt/my_lammps/build/cython/mliap_model_python_couple_kokkos.cpp(29591): warning #177-D: function "__Pyx_PyObject_AsString" was declared but never referenced
	static inline const char* __Pyx_PyObject_AsString(PyObject* o) {
	^
	/opt/my_lammps/build/cython/mliap_model_python_couple_kokkos.cpp(29586): warning #177-D: function "__Pyx_PyByteArray_FromString" was declared but never referenced
	static inline PyObject* __Pyx_PyByteArray_FromString(const char* c_str) {
	^
	/opt/my_lammps/build/cython/mliap_model_python_couple_kokkos.cpp(29581): warning #177-D: function "__Pyx_PyUnicode_FromString" was declared but never referenced
	static inline PyObject* __Pyx_PyUnicode_FromString(const char* c_str) {
	^
	/opt/my_lammps/build/cython/mliap_model_python_couple_kokkos.cpp(1255): warning #177-D: function "__Pyx_XNewRef" was declared but never referenced
	static inline PyObject *__Pyx_XNewRef(PyObject *obj) {
	^
	/opt/my_lammps/build/cython/mliap_model_python_couple_kokkos.cpp(29786): warning #177-D: function "__Pyx_Owned_Py_None" was declared but never referenced
	static inline PyObject *__Pyx_Owned_Py_None(int b) {
	^
	/opt/my_lammps/build/cython/mliap_model_python_couple_kokkos.cpp(29773): warning #177-D: function "__Pyx_PyIndex_AsHash_t" was declared but never referenced
	static inline Py_hash_t __Pyx_PyIndex_AsHash_t(PyObject* o) {
	^
	/opt/my_lammps/build/cython/mliap_model_python_couple_kokkos.cpp(1366): warning #550-D: variable "__pyx_lineno" was set but never used
	static int __pyx_lineno;
	^
	/opt/my_lammps/build/cython/mliap_model_python_couple_kokkos.cpp(1367): warning #550-D: variable "__pyx_clineno" was set but never used
	static int __pyx_clineno = 0;
	^
	/opt/my_lammps/build/cython/mliap_model_python_couple_kokkos.cpp(1369): warning #550-D: variable "__pyx_filename" was set but never used
	static const char *__pyx_filename;
	^
	/opt/my_lammps/build/cython/mliap_model_python_couple_kokkos.cpp(21995): warning #177-D: function "__Pyx_PyTuple_FromArray" was declared but never referenced
	__Pyx_PyTuple_FromArray(PyObject *const *src, Py_ssize_t n)
	^
	/opt/my_lammps/build/cython/mliap_model_python_couple_kokkos.cpp(22021): warning #177-D: function "__Pyx_PyBytes_Equals" was declared but never referenced
	static inline int __Pyx_PyBytes_Equals(PyObject* s1, PyObject* s2, int equals) {
	^
	/opt/my_lammps/build/cython/mliap_model_python_couple_kokkos.cpp(22144): warning #177-D: function "__Pyx_GetKwValue_FASTCALL" was declared but never referenced
	static inline PyObject * __Pyx_GetKwValue_FASTCALL(PyObject *kwnames, PyObject *const *kwvalues, PyObject *s)
	^
	/opt/my_lammps/build/cython/mliap_model_python_couple_kokkos.cpp(22453): warning #177-D: function "__Pyx_PyDict_Items" was declared but never referenced
	static inline PyObject* __Pyx_PyDict_Items(PyObject* d) {
	^
	/opt/my_lammps/build/cython/mliap_model_python_couple_kokkos.cpp(22458): warning #177-D: function "__Pyx_PyDict_Values" was declared but never referenced
	static inline PyObject* __Pyx_PyDict_Values(PyObject* d) {
	^
	/opt/my_lammps/build/cython/mliap_model_python_couple_kokkos.cpp(22528): warning #177-D: function "__Pyx_CallUnboundCMethod2" was declared but never referenced
	static inline PyObject *__Pyx_CallUnboundCMethod2(__Pyx_CachedCFunction *cfunc, PyObject *self, PyObject *arg1, PyObject *arg2) {
	^
	/opt/my_lammps/build/cython/mliap_model_python_couple_kokkos.cpp(23822): warning #177-D: function "__Pyx_get_tp_dict_version" was declared but never referenced
	__Pyx_get_tp_dict_version(PyObject *obj) {
	^
	/opt/my_lammps/build/cython/mliap_model_python_couple_kokkos.cpp(23838): warning #177-D: function "__Pyx_object_dict_version_matches" was declared but never referenced
	static inline int __Pyx_object_dict_version_matches(PyObject* obj,
	^
	/opt/my_lammps/build/cython/mliap_model_python_couple_kokkos.cpp(24161): warning #177-D: function "__Pyx_HasAttr" was declared but never referenced
	static inline int __Pyx_HasAttr(PyObject *o, PyObject *n) {
	^
	/opt/my_lammps/build/cython/mliap_model_python_couple_kokkos.cpp(24373): warning #177-D: function "__Pyx_PyErr_GivenExceptionMatches2" was declared but never referenced
	static inline int __Pyx_PyErr_GivenExceptionMatches2(PyObject *err, PyObject *exc_type1, PyObject *exc_type2) {
	^
	/opt/my_lammps/build/cython/mliap_model_python_couple_kokkos.cpp(2494): warning #177-D: function "__Pyx_PyUnicode_DecodeUTF16" was declared but never referenced
	static inline PyObject *__Pyx_PyUnicode_DecodeUTF16(const char *s, Py_ssize_t size, const char *errors) {
	^
	/opt/my_lammps/build/cython/mliap_model_python_couple_kokkos.cpp(2498): warning #177-D: function "__Pyx_PyUnicode_DecodeUTF16LE" was declared but never referenced
	static inline PyObject *__Pyx_PyUnicode_DecodeUTF16LE(const char *s, Py_ssize_t size, const char *errors) {
	^
	/opt/my_lammps/build/cython/mliap_model_python_couple_kokkos.cpp(2502): warning #177-D: function "__Pyx_PyUnicode_DecodeUTF16BE" was declared but never referenced
	static inline PyObject *__Pyx_PyUnicode_DecodeUTF16BE(const char *s, Py_ssize_t size, const char *errors) {
	^
	/opt/my_lammps/build/cython/mliap_model_python_couple_kokkos.cpp(26403): warning #177-D: function "__Pyx__IsSameCyOrCFunction" was declared but never referenced
	static inline int __Pyx__IsSameCyOrCFunction(PyObject *func, void (*cfunc)(void)) {
	^
	/opt/my_lammps/build/cython/mliap_model_python_couple_kokkos.cpp(26410): warning #177-D: function "__Pyx__CyFunction_SetClassObj" was declared but never referenced
	static inline void __Pyx__CyFunction_SetClassObj(__pyx_CyFunctionObject* f, PyObject* classobj) {
	^
	/opt/my_lammps/build/cython/mliap_model_python_couple_kokkos.cpp(27364): warning #177-D: function "__Pyx_CyFunction_InitDefaults" was declared but never referenced
	static inline PyObject *__Pyx_CyFunction_InitDefaults(PyObject *func, PyTypeObject *defaults_type) {
	^
	/opt/my_lammps/build/cython/mliap_model_python_couple_kokkos.cpp(27371): warning #177-D: function "__Pyx_CyFunction_SetDefaultsTuple" was declared but never referenced
	static inline void __Pyx_CyFunction_SetDefaultsTuple(PyObject *func, PyObject *tuple) {
	^
	
	/opt/my_lammps/build/cython/mliap_model_python_couple_kokkos.cpp(27376): warning #177-D: function "__Pyx_CyFunction_SetDefaultsKwDict" was declared but never referenced
	static inline void __Pyx_CyFunction_SetDefaultsKwDict(PyObject *func, PyObject *dict) {
	^
	/opt/my_lammps/build/cython/mliap_model_python_couple_kokkos.cpp(27381): warning #177-D: function "__Pyx_CyFunction_SetAnnotationsDict" was declared but never referenced
	static inline void __Pyx_CyFunction_SetAnnotationsDict(PyObject *func, PyObject *dict) {
	^
	/opt/my_lammps/build/cython/mliap_model_python_couple_kokkos.cpp(27717): warning #177-D: function "__pyx_memview_get_int" was declared but never referenced
	static inline PyObject *__pyx_memview_get_int(const char *itemp) {
	^
	/opt/my_lammps/build/cython/mliap_model_python_couple_kokkos.cpp(27720): warning #177-D: function "__pyx_memview_set_int" was declared but never referenced
	static inline int __pyx_memview_set_int(char *itemp, PyObject *obj) {
	^
	/opt/my_lammps/build/cython/mliap_model_python_couple_kokkos.cpp(27729): warning #177-D: function "__pyx_memview_get_double" was declared but never referenced
	static inline PyObject *__pyx_memview_get_double(const char *itemp) {
	^
	/opt/my_lammps/build/cython/mliap_model_python_couple_kokkos.cpp(27732): warning #177-D: function "__pyx_memview_set_double" was declared but never referenced
	static inline int __pyx_memview_set_double(char *itemp, PyObject *obj) {
	^
	/opt/my_lammps/build/cython/mliap_model_python_couple_kokkos.cpp(27759): warning #177-D: function "__pyx_add_acquisition_count_locked" was declared but never referenced
	__pyx_add_acquisition_count_locked(std::atomic_int *acquisition_count,
	^
	/opt/my_lammps/build/cython/mliap_model_python_couple_kokkos.cpp(27769): warning #177-D: function "__pyx_sub_acquisition_count_locked" was declared but never referenced
	__pyx_sub_acquisition_count_locked(std::atomic_int *acquisition_count,
	^
	/opt/my_lammps/build/cython/mliap_model_python_couple_kokkos.cpp(10616): warning #177-D: function "__pyx_memoryview_check" was declared but never referenced
	static inline int __pyx_memoryview_check(PyObject *__pyx_v_o) {
	^
	[ 90%] Building CXX object CMakeFiles/lammps.dir/cython/mliap_unified_couple_kokkos.cpp.o
	/opt/my_lammps/build/cython/mliap_unified_couple_kokkos.cpp(28501): warning #550-D: variable "__pyx_lineno" was set but never used
	int __pyx_lineno = 0;
	^
	
	Remark: The warnings can be suppressed with "-diag-suppress <warning-number>"
	/opt/my_lammps/build/cython/mliap_unified_couple_kokkos.cpp(28502): warning #550-D: variable "__pyx_filename" was set but never used
	const char *__pyx_filename =
	^
	
	/opt/my_lammps/build/cython/mliap_unified_couple_kokkos.cpp(28503): warning #550-D: variable "__pyx_clineno" was set but never used
	int __pyx_clineno = 0;
	^
	/opt/my_lammps/build/cython/mliap_unified_couple_kokkos.cpp(28686): warning #550-D: variable "__pyx_lineno" was set but never used
	int __pyx_lineno = 0;
	^
	/opt/my_lammps/build/cython/mliap_unified_couple_kokkos.cpp(28687): warning #550-D: variable "__pyx_filename" was set but never used
	const char *__pyx_filename =
	^
	/opt/my_lammps/build/cython/mliap_unified_couple_kokkos.cpp(28688): warning #550-D: variable "__pyx_clineno" was set but never used
	int __pyx_clineno = 0;
	^
	/opt/my_lammps/build/cython/mliap_unified_couple_kokkos.cpp(705): warning #177-D: function "__Pyx__IsSameCFunction" was declared but never referenced
	static inline int __Pyx__IsSameCFunction(PyObject *func, void (*cfunc)(void)) {
	^
	/opt/my_lammps/build/cython/mliap_unified_couple_kokkos.cpp(789): warning #177-D: function "__Pyx_PyDict_GetItemStr" was declared but never referenced
	static inline PyObject * __Pyx_PyDict_GetItemStr(PyObject *dict, PyObject *name) {
	^
	/opt/my_lammps/build/cython/mliap_unified_couple_kokkos.cpp(38921): warning #177-D: function "__Pyx_PyByteArray_FromString" was declared but never referenced
	static inline PyObject* __Pyx_PyByteArray_FromString(const char* c_str) {
	^
	/opt/my_lammps/build/cython/mliap_unified_couple_kokkos.cpp(38916): warning #177-D: function "__Pyx_PyUnicode_FromString" was declared but never referenced
	static inline PyObject* __Pyx_PyUnicode_FromString(const char* c_str) {
	^
	/opt/my_lammps/build/cython/mliap_unified_couple_kokkos.cpp(1255): warning #177-D: function "__Pyx_XNewRef" was declared but never referenced
	static inline PyObject *__Pyx_XNewRef(PyObject *obj) {
	^
	/opt/my_lammps/build/cython/mliap_unified_couple_kokkos.cpp(39121): warning #177-D: function "__Pyx_Owned_Py_None" was declared but never referenced
	static inline PyObject *__Pyx_Owned_Py_None(int b) {
	^
	/opt/my_lammps/build/cython/mliap_unified_couple_kokkos.cpp(39108): warning #177-D: function "__Pyx_PyIndex_AsHash_t" was declared but never referenced
	static inline Py_hash_t __Pyx_PyIndex_AsHash_t(PyObject* o) {
	^
	/opt/my_lammps/build/cython/mliap_unified_couple_kokkos.cpp(1366): warning #550-D: variable "__pyx_lineno" was set but never used
	static int __pyx_lineno;
	^
	/opt/my_lammps/build/cython/mliap_unified_couple_kokkos.cpp(1367): warning #550-D: variable "__pyx_clineno" was set but never used
	static int __pyx_clineno = 0;
	^
	/opt/my_lammps/build/cython/mliap_unified_couple_kokkos.cpp(1369): warning #550-D: variable "__pyx_filename" was set but never used
	static const char *__pyx_filename;
	^
	/opt/my_lammps/build/cython/mliap_unified_couple_kokkos.cpp(30753): warning #177-D: function "__Pyx_PyTuple_FromArray" was declared but never referenced
	__Pyx_PyTuple_FromArray(PyObject *const *src, Py_ssize_t n)
	^
	/opt/my_lammps/build/cython/mliap_unified_couple_kokkos.cpp(30779): warning #177-D: function "__Pyx_PyBytes_Equals" was declared but never referenced
	static inline int __Pyx_PyBytes_Equals(PyObject* s1, PyObject* s2, int equals) {
	^
	/opt/my_lammps/build/cython/mliap_unified_couple_kokkos.cpp(30902): warning #177-D: function "__Pyx_GetKwValue_FASTCALL" was declared but never referenced
	static inline PyObject * __Pyx_GetKwValue_FASTCALL(PyObject *kwnames, PyObject *const *kwvalues, PyObject *s)
	^
	/opt/my_lammps/build/cython/mliap_unified_couple_kokkos.cpp(31211): warning #177-D: function "__Pyx_PyDict_Items" was declared but never referenced
	static inline PyObject* __Pyx_PyDict_Items(PyObject* d) {
	^
	/opt/my_lammps/build/cython/mliap_unified_couple_kokkos.cpp(31216): warning #177-D: function "__Pyx_PyDict_Values" was declared but never referenced
	static inline PyObject* __Pyx_PyDict_Values(PyObject* d) {
	^
	/opt/my_lammps/build/cython/mliap_unified_couple_kokkos.cpp(31286): warning #177-D: function "__Pyx_CallUnboundCMethod2" was declared but never referenced
	static inline PyObject *__Pyx_CallUnboundCMethod2(__Pyx_CachedCFunction *cfunc, PyObject *self, PyObject *arg1, PyObject *arg2) {
	^
	/opt/my_lammps/build/cython/mliap_unified_couple_kokkos.cpp(32363): warning #177-D: function "__Pyx_GetItemInt_List_Fast" was declared but never referenced
	static inline PyObject *__Pyx_GetItemInt_List_Fast(PyObject *o, Py_ssize_t i,
	^
	/opt/my_lammps/build/cython/mliap_unified_couple_kokkos.cpp(32580): warning #177-D: function "__Pyx_get_tp_dict_version" was declared but never referenced
	__Pyx_get_tp_dict_version(PyObject *obj) {
	^
	/opt/my_lammps/build/cython/mliap_unified_couple_kokkos.cpp(32596): warning #177-D: function "__Pyx_object_dict_version_matches" was declared but never referenced
	static inline int __Pyx_object_dict_version_matches(PyObject* obj,
	^
	/opt/my_lammps/build/cython/mliap_unified_couple_kokkos.cpp(32919): warning #177-D: function "__Pyx_HasAttr" was declared but never referenced
	static inline int __Pyx_HasAttr(PyObject *o, PyObject *n) {
	^
	/opt/my_lammps/build/cython/mliap_unified_couple_kokkos.cpp(33131): warning #177-D: function "__Pyx_PyErr_GivenExceptionMatches2" was declared but never referenced
	static inline int __Pyx_PyErr_GivenExceptionMatches2(PyObject *err, PyObject *exc_type1, PyObject *exc_type2) {
	^
	/opt/my_lammps/build/cython/mliap_unified_couple_kokkos.cpp(2553): warning #177-D: function "__Pyx_PyUnicode_DecodeUTF16" was declared but never referenced
	static inline PyObject *__Pyx_PyUnicode_DecodeUTF16(const char *s, Py_ssize_t size, const char *errors) {
	^
	/opt/my_lammps/build/cython/mliap_unified_couple_kokkos.cpp(2557): warning #177-D: function "__Pyx_PyUnicode_DecodeUTF16LE" was declared but never referenced
	static inline PyObject *__Pyx_PyUnicode_DecodeUTF16LE(const char *s, Py_ssize_t size, const char *errors) {
	^
	/opt/my_lammps/build/cython/mliap_unified_couple_kokkos.cpp(2561): warning #177-D: function "__Pyx_PyUnicode_DecodeUTF16BE" was declared but never referenced
	static inline PyObject *__Pyx_PyUnicode_DecodeUTF16BE(const char *s, Py_ssize_t size, const char *errors) {
	^
	/opt/my_lammps/build/cython/mliap_unified_couple_kokkos.cpp(34889): warning #177-D: function "__Pyx__IsSameCyOrCFunction" was declared but never referenced
	static inline int __Pyx__IsSameCyOrCFunction(PyObject *func, void (*cfunc)(void)) {
	^
	/opt/my_lammps/build/cython/mliap_unified_couple_kokkos.cpp(34896): warning #177-D: function "__Pyx__CyFunction_SetClassObj" was declared but never referenced
	static inline void __Pyx__CyFunction_SetClassObj(__pyx_CyFunctionObject* f, PyObject* classobj) {
	^
	/opt/my_lammps/build/cython/mliap_unified_couple_kokkos.cpp(35850): warning #177-D: function "__Pyx_CyFunction_InitDefaults" was declared but never referenced
	static inline PyObject *__Pyx_CyFunction_InitDefaults(PyObject *func, PyTypeObject *defaults_type) {
	^
	/opt/my_lammps/build/cython/mliap_unified_couple_kokkos.cpp(35857): warning #177-D: function "__Pyx_CyFunction_SetDefaultsTuple" was declared but never referenced
	static inline void __Pyx_CyFunction_SetDefaultsTuple(PyObject *func, PyObject *tuple) {
	^
	/opt/my_lammps/build/cython/mliap_unified_couple_kokkos.cpp(35862): warning #177-D: function "__Pyx_CyFunction_SetDefaultsKwDict" was declared but never referenced
	static inline void __Pyx_CyFunction_SetDefaultsKwDict(PyObject *func, PyObject *dict) {
	^
	/opt/my_lammps/build/cython/mliap_unified_couple_kokkos.cpp(35867): warning #177-D: function "__Pyx_CyFunction_SetAnnotationsDict" was declared but never referenced
	static inline void __Pyx_CyFunction_SetAnnotationsDict(PyObject *func, PyObject *dict) {
	^
	/opt/my_lammps/build/cython/mliap_unified_couple_kokkos.cpp(36222): warning #177-D: function "__pyx_add_acquisition_count_locked" was declared but never referenced
	__pyx_add_acquisition_count_locked(std::atomic_int *acquisition_count,
	^
	/opt/my_lammps/build/cython/mliap_unified_couple_kokkos.cpp(36232): warning #177-D: function "__pyx_sub_acquisition_count_locked" was declared but never referenced
	__pyx_sub_acquisition_count_locked(std::atomic_int *acquisition_count,
	^
	/opt/my_lammps/build/cython/mliap_unified_couple_kokkos.cpp(36423): warning #177-D: function "__pyx_memview_get_int" was declared but never referenced
	static inline PyObject *__pyx_memview_get_int(const char *itemp) {
	^
	/opt/my_lammps/build/cython/mliap_unified_couple_kokkos.cpp(36426): warning #177-D: function "__pyx_memview_set_int" was declared but never referenced
	static inline int __pyx_memview_set_int(char *itemp, PyObject *obj) {
	^
	/opt/my_lammps/build/cython/mliap_unified_couple_kokkos.cpp(36435): warning #177-D: function "__pyx_memview_get_double" was declared but never referenced
	static inline PyObject *__pyx_memview_get_double(const char *itemp) {
	^
	/opt/my_lammps/build/cython/mliap_unified_couple_kokkos.cpp(36438): warning #177-D: function "__pyx_memview_set_double" was declared but never referenced
	static inline int __pyx_memview_set_double(char *itemp, PyObject *obj) {
	^
	[ 90%] Building CXX object CMakeFiles/lammps.dir/opt/my_lammps/src/KOKKOS/dynamical_matrix_kokkos.cpp.o
	[ 90%] Building CXX object CMakeFiles/lammps.dir/opt/my_lammps/src/KOKKOS/third_order_kokkos.cpp.o
	[ 90%] Building CXX object CMakeFiles/lammps.dir/opt/my_lammps/src/KOKKOS/angle_hybrid_kokkos.cpp.o
	[ 90%] Building CXX object CMakeFiles/lammps.dir/opt/my_lammps/src/KOKKOS/angle_spica_kokkos.cpp.o
	[ 90%] Building CXX object CMakeFiles/lammps.dir/opt/my_lammps/src/KOKKOS/angle_charmm_kokkos.cpp.o
	[ 90%] Building CXX object CMakeFiles/lammps.dir/opt/my_lammps/src/KOKKOS/angle_cosine_kokkos.cpp.o
	[ 90%] Building CXX object CMakeFiles/lammps.dir/opt/my_lammps/src/KOKKOS/angle_harmonic_kokkos.cpp.o
	[ 90%] Building CXX object CMakeFiles/lammps.dir/opt/my_lammps/src/KOKKOS/atom_vec_atomic_kokkos.cpp.o
	[ 91%] Building CXX object CMakeFiles/lammps.dir/opt/my_lammps/src/KOKKOS/atom_vec_charge_kokkos.cpp.o
	[ 91%] Building CXX object CMakeFiles/lammps.dir/opt/my_lammps/src/KOKKOS/atom_vec_hybrid_kokkos.cpp.o
	[ 91%] Building CXX object CMakeFiles/lammps.dir/opt/my_lammps/src/KOKKOS/atom_vec_sphere_kokkos.cpp.o
	[ 91%] Building CXX object CMakeFiles/lammps.dir/opt/my_lammps/src/KOKKOS/atom_vec_dipole_kokkos.cpp.o
	[ 91%] Building CXX object CMakeFiles/lammps.dir/opt/my_lammps/src/KOKKOS/atom_vec_dpd_kokkos.cpp.o
	[ 91%] Building CXX object CMakeFiles/lammps.dir/opt/my_lammps/src/KOKKOS/atom_vec_angle_kokkos.cpp.o
	[ 91%] Building CXX object CMakeFiles/lammps.dir/opt/my_lammps/src/KOKKOS/atom_vec_bond_kokkos.cpp.o
	[ 91%] Building CXX object CMakeFiles/lammps.dir/opt/my_lammps/src/KOKKOS/atom_vec_full_kokkos.cpp.o
	[ 91%] Building CXX object CMakeFiles/lammps.dir/opt/my_lammps/src/KOKKOS/atom_vec_molecular_kokkos.cpp.o
	[ 91%] Building CXX object CMakeFiles/lammps.dir/opt/my_lammps/src/KOKKOS/atom_vec_spin_kokkos.cpp.o
	[ 91%] Building CXX object CMakeFiles/lammps.dir/opt/my_lammps/src/KOKKOS/bond_hybrid_kokkos.cpp.o
	[ 91%] Building CXX object CMakeFiles/lammps.dir/opt/my_lammps/src/KOKKOS/bond_fene_kokkos.cpp.o
	[ 91%] Building CXX object CMakeFiles/lammps.dir/opt/my_lammps/src/KOKKOS/bond_harmonic_kokkos.cpp.o
	[ 91%] Building CXX object CMakeFiles/lammps.dir/opt/my_lammps/src/KOKKOS/compute_coord_atom_kokkos.cpp.o
	[ 91%] Building CXX object CMakeFiles/lammps.dir/opt/my_lammps/src/KOKKOS/compute_erotate_sphere_kokkos.cpp.o
	[ 91%] Building CXX object CMakeFiles/lammps.dir/opt/my_lammps/src/KOKKOS/compute_orientorder_atom_kokkos.cpp.o
	[ 91%] Building CXX object CMakeFiles/lammps.dir/opt/my_lammps/src/KOKKOS/compute_temp_kokkos.cpp.o
	[ 91%] Building CXX object CMakeFiles/lammps.dir/opt/my_lammps/src/KOKKOS/compute_temp_com_kokkos.cpp.o
	[ 92%] Building CXX object CMakeFiles/lammps.dir/opt/my_lammps/src/KOKKOS/compute_temp_deform_kokkos.cpp.o
	[ 92%] Building CXX object CMakeFiles/lammps.dir/opt/my_lammps/src/KOKKOS/compute_ave_sphere_atom_kokkos.cpp.o
	[ 92%] Building CXX object CMakeFiles/lammps.dir/opt/my_lammps/src/KOKKOS/compute_composition_atom_kokkos.cpp.o
	[ 92%] Building CXX object CMakeFiles/lammps.dir/opt/my_lammps/src/KOKKOS/compute_gaussian_grid_local_kokkos.cpp.o
	[ 92%] Building CXX object CMakeFiles/lammps.dir/opt/my_lammps/src/KOKKOS/compute_sna_grid_kokkos.cpp.o
	[ 92%] Building CXX object CMakeFiles/lammps.dir/opt/my_lammps/src/KOKKOS/compute_sna_grid_local_kokkos.cpp.o
	[ 92%] Building CXX object CMakeFiles/lammps.dir/opt/my_lammps/src/KOKKOS/compute_reaxff_atom_kokkos.cpp.o
	[ 92%] Building CXX object CMakeFiles/lammps.dir/opt/my_lammps/src/KOKKOS/dihedral_hybrid_kokkos.cpp.o
	[ 92%] Building CXX object CMakeFiles/lammps.dir/opt/my_lammps/src/KOKKOS/dihedral_fourier_kokkos.cpp.o
	[ 92%] Building CXX object CMakeFiles/lammps.dir/opt/my_lammps/src/KOKKOS/dihedral_charmm_kokkos.cpp.o
	[ 92%] Building CXX object CMakeFiles/lammps.dir/opt/my_lammps/src/KOKKOS/dihedral_charmmfsw_kokkos.cpp.o
	[ 92%] Building CXX object CMakeFiles/lammps.dir/opt/my_lammps/src/KOKKOS/dihedral_harmonic_kokkos.cpp.o
	[ 92%] Building CXX object CMakeFiles/lammps.dir/opt/my_lammps/src/KOKKOS/dihedral_multi_harmonic_kokkos.cpp.o
	[ 92%] Building CXX object CMakeFiles/lammps.dir/opt/my_lammps/src/KOKKOS/dihedral_opls_kokkos.cpp.o
	[ 92%] Building CXX object CMakeFiles/lammps.dir/opt/my_lammps/src/KOKKOS/fix_addforce_kokkos.cpp.o
	[ 92%] Building CXX object CMakeFiles/lammps.dir/opt/my_lammps/src/KOKKOS/fix_deform_kokkos.cpp.o
	[ 92%] Building CXX object CMakeFiles/lammps.dir/opt/my_lammps/src/KOKKOS/fix_dt_reset_kokkos.cpp.o
	[ 93%] Building CXX object CMakeFiles/lammps.dir/opt/my_lammps/src/KOKKOS/fix_efield_kokkos.cpp.o
	[ 93%] Building CXX object CMakeFiles/lammps.dir/opt/my_lammps/src/KOKKOS/fix_enforce2d_kokkos.cpp.o
	[ 93%] Building CXX object CMakeFiles/lammps.dir/opt/my_lammps/src/KOKKOS/fix_external_kokkos.cpp.o
	[ 93%] Building CXX object CMakeFiles/lammps.dir/opt/my_lammps/src/KOKKOS/fix_gravity_kokkos.cpp.o
	[ 93%] Building CXX object CMakeFiles/lammps.dir/opt/my_lammps/src/KOKKOS/fix_langevin_kokkos.cpp.o
	[ 93%] Building CXX object CMakeFiles/lammps.dir/opt/my_lammps/src/KOKKOS/fix_minimize_kokkos.cpp.o
	[ 93%] Building CXX object CMakeFiles/lammps.dir/opt/my_lammps/src/KOKKOS/fix_momentum_kokkos.cpp.o
	[ 93%] Building CXX object CMakeFiles/lammps.dir/opt/my_lammps/src/KOKKOS/fix_neigh_history_kokkos.cpp.o
	[ 93%] Building CXX object CMakeFiles/lammps.dir/opt/my_lammps/src/KOKKOS/fix_nph_kokkos.cpp.o
	[ 93%] Building CXX object CMakeFiles/lammps.dir/opt/my_lammps/src/KOKKOS/fix_npt_kokkos.cpp.o
	[ 93%] Building CXX object CMakeFiles/lammps.dir/opt/my_lammps/src/KOKKOS/fix_nve_kokkos.cpp.o
	[ 93%] Building CXX object CMakeFiles/lammps.dir/opt/my_lammps/src/KOKKOS/fix_nve_limit_kokkos.cpp.o
	[ 93%] Building CXX object CMakeFiles/lammps.dir/opt/my_lammps/src/KOKKOS/fix_nve_sphere_kokkos.cpp.o
	[ 93%] Building CXX object CMakeFiles/lammps.dir/opt/my_lammps/src/KOKKOS/fix_nvt_kokkos.cpp.o
	[ 93%] Building CXX object CMakeFiles/lammps.dir/opt/my_lammps/src/KOKKOS/fix_nvt_sllod_kokkos.cpp.o
	[ 93%] Building CXX object CMakeFiles/lammps.dir/opt/my_lammps/src/KOKKOS/fix_property_atom_kokkos.cpp.o
	[ 93%] Building CXX object CMakeFiles/lammps.dir/opt/my_lammps/src/KOKKOS/fix_recenter_kokkos.cpp.o
	[ 93%] Building CXX object CMakeFiles/lammps.dir/opt/my_lammps/src/KOKKOS/fix_setforce_kokkos.cpp.o
	[ 94%] Building CXX object CMakeFiles/lammps.dir/opt/my_lammps/src/KOKKOS/fix_spring_self_kokkos.cpp.o
	[ 94%] Building CXX object CMakeFiles/lammps.dir/opt/my_lammps/src/KOKKOS/fix_temp_berendsen_kokkos.cpp.o
	[ 94%] Building CXX object CMakeFiles/lammps.dir/opt/my_lammps/src/KOKKOS/fix_temp_rescale_kokkos.cpp.o
	[ 94%] Building CXX object CMakeFiles/lammps.dir/opt/my_lammps/src/KOKKOS/fix_viscous_kokkos.cpp.o
	[ 94%] Building CXX object CMakeFiles/lammps.dir/opt/my_lammps/src/KOKKOS/fix_wall_lj93_kokkos.cpp.o
	[ 94%] Building CXX object CMakeFiles/lammps.dir/opt/my_lammps/src/KOKKOS/fix_wall_reflect_kokkos.cpp.o
	[ 94%] Building CXX object CMakeFiles/lammps.dir/opt/my_lammps/src/KOKKOS/fix_wall_region_kokkos.cpp.o
	[ 94%] Building CXX object CMakeFiles/lammps.dir/opt/my_lammps/src/KOKKOS/fix_colvars_kokkos.cpp.o
	[ 94%] Building CXX object CMakeFiles/lammps.dir/opt/my_lammps/src/KOKKOS/fix_dpd_energy_kokkos.cpp.o
	[ 94%] Building CXX object CMakeFiles/lammps.dir/opt/my_lammps/src/KOKKOS/fix_eos_table_rx_kokkos.cpp.o
	[ 94%] Building CXX object CMakeFiles/lammps.dir/opt/my_lammps/src/KOKKOS/fix_rx_kokkos.cpp.o
	[ 94%] Building CXX object CMakeFiles/lammps.dir/opt/my_lammps/src/KOKKOS/fix_shardlow_kokkos.cpp.o
	[ 94%] Building CXX object CMakeFiles/lammps.dir/opt/my_lammps/src/KOKKOS/fix_electron_stopping_kokkos.cpp.o
	/opt/my_lammps/src/KOKKOS/fix_electron_stopping_kokkos.cpp(182): warning #20011-D: calling a __host__ function("LAMMPS_NS::FixElectronStopping::~FixElectronStopping() [subobject]") from a __host__ __device__ function("LAMMPS_NS::FixElectronStoppingKokkos< ::Kokkos::OpenMP> ::~FixElectronStoppingKokkos") is not allowed
	
	Remark: The warnings can be suppressed with "-diag-suppress <warning-number>"
	[ 94%] Building CXX object CMakeFiles/lammps.dir/opt/my_lammps/src/KOKKOS/fix_wall_flow_kokkos.cpp.o
	[ 94%] Building CXX object CMakeFiles/lammps.dir/opt/my_lammps/src/KOKKOS/fix_freeze_kokkos.cpp.o
	[ 94%] Building CXX object CMakeFiles/lammps.dir/opt/my_lammps/src/KOKKOS/fix_wall_gran_kokkos.cpp.o
	[ 94%] Building CXX object CMakeFiles/lammps.dir/opt/my_lammps/src/KOKKOS/fix_cmap_kokkos.cpp.o
	[ 95%] Building CXX object CMakeFiles/lammps.dir/opt/my_lammps/src/KOKKOS/fix_acks2_reaxff_kokkos.cpp.o
	[ 95%] Building CXX object CMakeFiles/lammps.dir/opt/my_lammps/src/KOKKOS/fix_qeq_reaxff_kokkos.cpp.o
	[ 95%] Building CXX object CMakeFiles/lammps.dir/opt/my_lammps/src/KOKKOS/fix_reaxff_bonds_kokkos.cpp.o
	[ 95%] Building CXX object CMakeFiles/lammps.dir/opt/my_lammps/src/KOKKOS/fix_reaxff_species_kokkos.cpp.o
	[ 95%] Building CXX object CMakeFiles/lammps.dir/opt/my_lammps/src/KOKKOS/fix_shake_kokkos.cpp.o
	[ 95%] Building CXX object CMakeFiles/lammps.dir/opt/my_lammps/src/KOKKOS/improper_hybrid_kokkos.cpp.o
	[ 95%] Building CXX object CMakeFiles/lammps.dir/opt/my_lammps/src/KOKKOS/improper_cvff_kokkos.cpp.o
	[ 95%] Building CXX object CMakeFiles/lammps.dir/opt/my_lammps/src/KOKKOS/improper_harmonic_kokkos.cpp.o
	[ 95%] Building CXX object CMakeFiles/lammps.dir/opt/my_lammps/src/KOKKOS/verlet_kokkos.cpp.o
	[ 95%] Building CXX object CMakeFiles/lammps.dir/opt/my_lammps/src/KOKKOS/pppm_kokkos.cpp.o
	[ 95%] Building CXX object CMakeFiles/lammps.dir/opt/my_lammps/src/KOKKOS/min_cg_kokkos.cpp.o
	[ 95%] Building CXX object CMakeFiles/lammps.dir/opt/my_lammps/src/KOKKOS/nbin_ssa_kokkos.cpp.o
	[ 95%] Building CXX object CMakeFiles/lammps.dir/opt/my_lammps/src/KOKKOS/npair_copy_kokkos.cpp.o
	[ 95%] Building CXX object CMakeFiles/lammps.dir/opt/my_lammps/src/KOKKOS/npair_skip_kokkos.cpp.o
	[ 95%] Building CXX object CMakeFiles/lammps.dir/opt/my_lammps/src/KOKKOS/npair_trim_kokkos.cpp.o
	[ 95%] Building CXX object CMakeFiles/lammps.dir/opt/my_lammps/src/KOKKOS/pair_buck_kokkos.cpp.o
	[ 95%] Building CXX object CMakeFiles/lammps.dir/opt/my_lammps/src/KOKKOS/pair_buck_coul_cut_kokkos.cpp.o
	[ 95%] Building CXX object CMakeFiles/lammps.dir/opt/my_lammps/src/KOKKOS/pair_coul_cut_kokkos.cpp.o
	[ 96%] Building CXX object CMakeFiles/lammps.dir/opt/my_lammps/src/KOKKOS/pair_coul_debye_kokkos.cpp.o
	[ 96%] Building CXX object CMakeFiles/lammps.dir/opt/my_lammps/src/KOKKOS/pair_coul_dsf_kokkos.cpp.o
	[ 96%] Building CXX object CMakeFiles/lammps.dir/opt/my_lammps/src/KOKKOS/pair_coul_wolf_kokkos.cpp.o
	[ 96%] Building CXX object CMakeFiles/lammps.dir/opt/my_lammps/src/KOKKOS/pair_hybrid_kokkos.cpp.o
	[ 96%] Building CXX object CMakeFiles/lammps.dir/opt/my_lammps/src/KOKKOS/pair_hybrid_overlay_kokkos.cpp.o
	[ 96%] Building CXX object CMakeFiles/lammps.dir/opt/my_lammps/src/KOKKOS/pair_hybrid_scaled_kokkos.cpp.o
	[ 96%] Building CXX object CMakeFiles/lammps.dir/opt/my_lammps/src/KOKKOS/pair_lj_cut_kokkos.cpp.o
	[ 96%] Building CXX object CMakeFiles/lammps.dir/opt/my_lammps/src/KOKKOS/pair_lj_cut_coul_cut_kokkos.cpp.o
	[ 96%] Building CXX object CMakeFiles/lammps.dir/opt/my_lammps/src/KOKKOS/pair_lj_expand_kokkos.cpp.o
	[ 96%] Building CXX object CMakeFiles/lammps.dir/opt/my_lammps/src/KOKKOS/pair_morse_kokkos.cpp.o
	[ 96%] Building CXX object CMakeFiles/lammps.dir/opt/my_lammps/src/KOKKOS/pair_nequip_allegro_kokkos.cpp.o
	[ 96%] Building CXX object CMakeFiles/lammps.dir/opt/my_lammps/src/KOKKOS/pair_soft_kokkos.cpp.o
	[ 96%] Building CXX object CMakeFiles/lammps.dir/opt/my_lammps/src/KOKKOS/pair_table_kokkos.cpp.o
	[ 96%] Building CXX object CMakeFiles/lammps.dir/opt/my_lammps/src/KOKKOS/pair_yukawa_kokkos.cpp.o
	[ 96%] Building CXX object CMakeFiles/lammps.dir/opt/my_lammps/src/KOKKOS/pair_zbl_kokkos.cpp.o
	[ 96%] Building CXX object CMakeFiles/lammps.dir/opt/my_lammps/src/KOKKOS/pair_lj_spica_kokkos.cpp.o
	[ 96%] Building CXX object CMakeFiles/lammps.dir/opt/my_lammps/src/KOKKOS/pair_lj_spica_coul_long_kokkos.cpp.o
	[ 97%] Building CXX object CMakeFiles/lammps.dir/opt/my_lammps/src/KOKKOS/pair_brownian_kokkos.cpp.o
	[ 97%] Building CXX object CMakeFiles/lammps.dir/opt/my_lammps/src/KOKKOS/pair_yukawa_colloid_kokkos.cpp.o
	[ 97%] Building CXX object CMakeFiles/lammps.dir/opt/my_lammps/src/KOKKOS/pair_lj_cut_dipole_cut_kokkos.cpp.o
	[ 97%] Building CXX object CMakeFiles/lammps.dir/opt/my_lammps/src/KOKKOS/pair_dpd_kokkos.cpp.o
	[ 97%] Building CXX object CMakeFiles/lammps.dir/opt/my_lammps/src/KOKKOS/pair_dpd_ext_kokkos.cpp.o
	[ 97%] Building CXX object CMakeFiles/lammps.dir/opt/my_lammps/src/KOKKOS/pair_dpd_ext_tstat_kokkos.cpp.o
	[ 97%] Building CXX object CMakeFiles/lammps.dir/opt/my_lammps/src/KOKKOS/pair_dpd_tstat_kokkos.cpp.o
	[ 97%] Building CXX object CMakeFiles/lammps.dir/opt/my_lammps/src/KOKKOS/pair_dpd_fdt_energy_kokkos.cpp.o
	[ 97%] Building CXX object CMakeFiles/lammps.dir/opt/my_lammps/src/KOKKOS/pair_exp6_rx_kokkos.cpp.o
	[ 97%] Building CXX object CMakeFiles/lammps.dir/opt/my_lammps/src/KOKKOS/pair_multi_lucy_rx_kokkos.cpp.o
	[ 97%] Building CXX object CMakeFiles/lammps.dir/opt/my_lammps/src/KOKKOS/pair_table_rx_kokkos.cpp.o
	[ 97%] Building CXX object CMakeFiles/lammps.dir/opt/my_lammps/src/KOKKOS/pair_lj96_cut_kokkos.cpp.o
	[ 97%] Building CXX object CMakeFiles/lammps.dir/opt/my_lammps/src/KOKKOS/pair_lj_cut_coul_debye_kokkos.cpp.o
	[ 97%] Building CXX object CMakeFiles/lammps.dir/opt/my_lammps/src/KOKKOS/pair_lj_cut_coul_dsf_kokkos.cpp.o
	[ 97%] Building CXX object CMakeFiles/lammps.dir/opt/my_lammps/src/KOKKOS/pair_lj_expand_coul_long_kokkos.cpp.o
	[ 97%] Building CXX object CMakeFiles/lammps.dir/opt/my_lammps/src/KOKKOS/pair_lj_gromacs_kokkos.cpp.o
	[ 97%] Building CXX object CMakeFiles/lammps.dir/opt/my_lammps/src/KOKKOS/pair_lj_gromacs_coul_gromacs_kokkos.cpp.o
	[ 97%] Building CXX object CMakeFiles/lammps.dir/opt/my_lammps/src/KOKKOS/pair_gran_hooke_history_kokkos.cpp.o
	[ 98%] Building CXX object CMakeFiles/lammps.dir/opt/my_lammps/src/KOKKOS/pair_buck_coul_long_kokkos.cpp.o
	[ 98%] Building CXX object CMakeFiles/lammps.dir/opt/my_lammps/src/KOKKOS/pair_coul_long_kokkos.cpp.o
	[ 98%] Building CXX object CMakeFiles/lammps.dir/opt/my_lammps/src/KOKKOS/pair_lj_charmm_coul_long_kokkos.cpp.o
	[ 98%] Building CXX object CMakeFiles/lammps.dir/opt/my_lammps/src/KOKKOS/pair_lj_charmmfsw_coul_long_kokkos.cpp.o
	[ 98%] Building CXX object CMakeFiles/lammps.dir/opt/my_lammps/src/KOKKOS/pair_lj_cut_coul_long_kokkos.cpp.o
	[ 98%] Building CXX object CMakeFiles/lammps.dir/opt/my_lammps/src/KOKKOS/pair_adp_kokkos.cpp.o
	[ 98%] Building CXX object CMakeFiles/lammps.dir/opt/my_lammps/src/KOKKOS/pair_eam_kokkos.cpp.o
	[ 98%] Building CXX object CMakeFiles/lammps.dir/opt/my_lammps/src/KOKKOS/pair_eam_alloy_kokkos.cpp.o
	[ 98%] Building CXX object CMakeFiles/lammps.dir/opt/my_lammps/src/KOKKOS/pair_eam_fs_kokkos.cpp.o
	[ 98%] Building CXX object CMakeFiles/lammps.dir/opt/my_lammps/src/KOKKOS/pair_sw_kokkos.cpp.o
	[ 98%] Building CXX object CMakeFiles/lammps.dir/opt/my_lammps/src/KOKKOS/pair_tersoff_kokkos.cpp.o
	[ 98%] Building CXX object CMakeFiles/lammps.dir/opt/my_lammps/src/KOKKOS/pair_tersoff_mod_kokkos.cpp.o
	[ 98%] Building CXX object CMakeFiles/lammps.dir/opt/my_lammps/src/KOKKOS/pair_tersoff_zbl_kokkos.cpp.o
	[ 98%] Building CXX object CMakeFiles/lammps.dir/opt/my_lammps/src/KOKKOS/pair_vashishta_kokkos.cpp.o
	[ 98%] Building CXX object CMakeFiles/lammps.dir/opt/my_lammps/src/KOKKOS/pair_meam_kokkos.cpp.o
	[ 98%] Building CXX object CMakeFiles/lammps.dir/opt/my_lammps/src/KOKKOS/pair_meam_ms_kokkos.cpp.o
	[ 98%] Building CXX object CMakeFiles/lammps.dir/opt/my_lammps/src/KOKKOS/pair_mliap_kokkos.cpp.o
	[ 99%] Building CXX object CMakeFiles/lammps.dir/opt/my_lammps/src/KOKKOS/pair_pace_kokkos.cpp.o
	[ 99%] Building CXX object CMakeFiles/lammps.dir/opt/my_lammps/src/KOKKOS/pair_pace_extrapolation_kokkos.cpp.o
	[ 99%] Building CXX object CMakeFiles/lammps.dir/opt/my_lammps/src/KOKKOS/pair_pod_kokkos.cpp.o
	[ 99%] Building CXX object CMakeFiles/lammps.dir/opt/my_lammps/src/KOKKOS/pair_snap_kokkos.cpp.o
	[ 99%] Building CXX object CMakeFiles/lammps.dir/opt/my_lammps/src/KOKKOS/pair_uf3_kokkos.cpp.o
	[ 99%] Building CXX object CMakeFiles/lammps.dir/opt/my_lammps/src/KOKKOS/pair_lj_charmm_coul_charmm_kokkos.cpp.o
	[ 99%] Building CXX object CMakeFiles/lammps.dir/opt/my_lammps/src/KOKKOS/pair_lj_charmm_coul_charmm_implicit_kokkos.cpp.o
	[ 99%] Building CXX object CMakeFiles/lammps.dir/opt/my_lammps/src/KOKKOS/pair_reaxff_kokkos.cpp.o
	[ 99%] Building CXX object CMakeFiles/lammps.dir/opt/my_lammps/src/KOKKOS/region_block_kokkos.cpp.o
	[ 99%] Building CXX object CMakeFiles/lammps.dir/opt/my_lammps/src/KOKKOS/region_sphere_kokkos.cpp.o
	[ 99%] Building CXX object CMakeFiles/lammps.dir/opt/my_lammps/src/KOKKOS/npair_ssa_kokkos.cpp.o
	/opt/my_lammps/src/KOKKOS/npair_ssa_kokkos.cpp(461): warning #20011-D: calling a __host__ function("LAMMPS_NS::NPairSSAKokkosExecute< ::Kokkos::Cuda> ::~NPairSSAKokkosExecute()") from a __host__ __device__ function("LAMMPS_NS::NPairSSAKokkos< ::Kokkos::Cuda> ::build( ::LAMMPS_NS::NeighList *)::[lambda(int) (instance 1)]::~[lambda(int) (instance 1)]") is not allowed
	
	Remark: The warnings can be suppressed with "-diag-suppress <warning-number>"
	
	/opt/my_lammps/src/KOKKOS/npair_ssa_kokkos.cpp(475): warning #20011-D: calling a __host__ function("LAMMPS_NS::NPairSSAKokkosExecute< ::Kokkos::Cuda> ::~NPairSSAKokkosExecute()") from a __host__ __device__ function("LAMMPS_NS::NPairSSAKokkos< ::Kokkos::Cuda> ::build( ::LAMMPS_NS::NeighList *)::[lambda(int) (instance 2)]::~[lambda(int) (instance 2)]") is not allowed
	
	/opt/my_lammps/src/KOKKOS/npair_ssa_kokkos.cpp(461): warning #20011-D: calling a __host__ function("LAMMPS_NS::NPairSSAKokkosExecute< ::Kokkos::OpenMP> ::~NPairSSAKokkosExecute()") from a __host__ __device__ function("LAMMPS_NS::NPairSSAKokkos< ::Kokkos::OpenMP> ::build( ::LAMMPS_NS::NeighList *)::[lambda(int) (instance 1)]::~[lambda(int) (instance 1)]") is not allowed
	
	/opt/my_lammps/src/KOKKOS/npair_ssa_kokkos.cpp(475): warning #20011-D: calling a __host__ function("LAMMPS_NS::NPairSSAKokkosExecute< ::Kokkos::OpenMP> ::~NPairSSAKokkosExecute()") from a __host__ __device__ function("LAMMPS_NS::NPairSSAKokkos< ::Kokkos::OpenMP> ::build( ::LAMMPS_NS::NeighList *)::[lambda(int) (instance 2)]::~[lambda(int) (instance 2)]") is not allowed
	[ 99%] Building CXX object CMakeFiles/lammps.dir/opt/my_lammps/src/OPT/pair_lj_cut_opt.cpp.o
	[ 99%] Building CXX object CMakeFiles/lammps.dir/opt/my_lammps/src/OPT/pair_morse_opt.cpp.o
	[ 99%] Building CXX object CMakeFiles/lammps.dir/opt/my_lammps/src/OPT/pair_ufm_opt.cpp.o
	[ 99%] Building CXX object CMakeFiles/lammps.dir/opt/my_lammps/src/OPT/pair_aip_water_2dm_opt.cpp.o
	[ 99%] Building CXX object CMakeFiles/lammps.dir/opt/my_lammps/src/OPT/pair_ilp_graphene_hbn_opt.cpp.o
	[ 99%] Building CXX object CMakeFiles/lammps.dir/opt/my_lammps/src/OPT/pair_ilp_tmd_opt.cpp.o
	[ 99%] Building CXX object CMakeFiles/lammps.dir/opt/my_lammps/src/OPT/pair_saip_metal_opt.cpp.o
	[100%] Building CXX object CMakeFiles/lammps.dir/opt/my_lammps/src/OPT/pair_saip_metal_tmd_opt.cpp.o
	[100%] Building CXX object CMakeFiles/lammps.dir/opt/my_lammps/src/OPT/pair_lj_charmm_coul_long_opt.cpp.o
	[100%] Building CXX object CMakeFiles/lammps.dir/opt/my_lammps/src/OPT/pair_lj_cut_coul_long_opt.cpp.o
	[100%] Building CXX object CMakeFiles/lammps.dir/opt/my_lammps/src/OPT/pair_lj_cut_tip4p_long_opt.cpp.o
	[100%] Building CXX object CMakeFiles/lammps.dir/opt/my_lammps/src/OPT/pair_lj_long_coul_long_opt.cpp.o
	[100%] Building CXX object CMakeFiles/lammps.dir/opt/my_lammps/src/OPT/pair_eam_opt.cpp.o
	[100%] Building CXX object CMakeFiles/lammps.dir/opt/my_lammps/src/OPT/pair_eam_alloy_opt.cpp.o
	[100%] Building CXX object CMakeFiles/lammps.dir/opt/my_lammps/src/OPT/pair_eam_fs_opt.cpp.o
	[100%] Linking CXX shared library liblammps.so
	[100%] Built target lammps
	[100%] Building CXX object CMakeFiles/lmp.dir/opt/my_lammps/src/main.cpp.o
	[100%] Linking CXX executable lmp
	[100%] Built target lmp
	Installing LAMMPS Python module
	Requirement already satisfied: pip in ./buildwheel/lib/python3.10/site-packages (22.0.2)
	Collecting pip
	Downloading pip-25.3-py3-none-any.whl (1.8 MB)
	━━━━━━━━━━━━━━━━━━━━━━━━━━━━━━━━━━━━━━━━ 1.8/1.8 MB 123.4 kB/s eta 0:00:00
	Installing collected packages: pip
	Attempting uninstall: pip
	Found existing installation: pip 22.0.2
	Uninstalling pip-22.0.2:
	Successfully uninstalled pip-22.0.2
	Successfully installed pip-25.3
	Requirement already satisfied: pip in ./buildwheel/lib/python3.10/site-packages (from -r wheel_requirements.txt (line 1)) (25.3)
	Collecting build (from -r wheel_requirements.txt (line 2))
	Downloading build-1.3.0-py3-none-any.whl.metadata (5.6 kB)
	Collecting wheel (from -r wheel_requirements.txt (line 3))
	Downloading wheel-0.45.1-py3-none-any.whl.metadata (2.3 kB)
	Requirement already satisfied: setuptools in ./buildwheel/lib/python3.10/site-packages (from -r wheel_requirements.txt (line 4)) (59.6.0)
	Collecting setuptools (from -r wheel_requirements.txt (line 4))
	Downloading setuptools-80.9.0-py3-none-any.whl.metadata (6.6 kB)
	Collecting packaging>=19.1 (from build->-r wheel_requirements.txt (line 2))
	Using cached packaging-25.0-py3-none-any.whl.metadata (3.3 kB)
	Collecting pyproject_hooks (from build->-r wheel_requirements.txt (line 2))
	Downloading pyproject_hooks-1.2.0-py3-none-any.whl.metadata (1.3 kB)
	Collecting tomli>=1.1.0 (from build->-r wheel_requirements.txt (line 2))
	Using cached tomli-2.3.0-py3-none-any.whl.metadata (10 kB)
	Downloading build-1.3.0-py3-none-any.whl (23 kB)
	Downloading wheel-0.45.1-py3-none-any.whl (72 kB)
	Downloading setuptools-80.9.0-py3-none-any.whl (1.2 MB)
	━━━━━━━━━━━━━━━━━━━━━━━━━━━━━━━━━━━━━━━━ 1.2/1.2 MB 95.6 kB/s  0:00:12
	Using cached packaging-25.0-py3-none-any.whl (66 kB)
	Using cached tomli-2.3.0-py3-none-any.whl (14 kB)
	Downloading pyproject_hooks-1.2.0-py3-none-any.whl (10 kB)
	Installing collected packages: wheel, tomli, setuptools, pyproject_hooks, packaging, build
	Attempting uninstall: setuptools
	Found existing installation: setuptools 59.6.0
	Uninstalling setuptools-59.6.0:
	Successfully uninstalled setuptools-59.6.0
	
	Successfully installed build-1.3.0 packaging-25.0 pyproject_hooks-1.2.0 setuptools-80.9.0 tomli-2.3.0 wheel-0.45.1
	* Getting build dependencies for wheel...
	running egg_info
	creating lammps.egg-info
	writing lammps.egg-info/PKG-INFO
	writing dependency_links to lammps.egg-info/dependency_links.txt
	writing top-level names to lammps.egg-info/top_level.txt
	writing manifest file 'lammps.egg-info/SOURCES.txt'
	reading manifest file 'lammps.egg-info/SOURCES.txt'
	writing manifest file 'lammps.egg-info/SOURCES.txt'
	* Building wheel...
	running bdist_wheel
	running build
	running build_py
	creating build/lib.linux-x86_64-cpython-310/lammps
	copying lammps/numpy_wrapper.py -> build/lib.linux-x86_64-cpython-310/lammps
	copying lammps/data.py -> build/lib.linux-x86_64-cpython-310/lammps
	copying lammps/core.py -> build/lib.linux-x86_64-cpython-310/lammps
	copying lammps/constants.py -> build/lib.linux-x86_64-cpython-310/lammps
	copying lammps/__init__.py -> build/lib.linux-x86_64-cpython-310/lammps
	copying lammps/formats.py -> build/lib.linux-x86_64-cpython-310/lammps
	creating build/lib.linux-x86_64-cpython-310/lammps/mliap
	copying lammps/mliap/loader.py -> build/lib.linux-x86_64-cpython-310/lammps/mliap
	copying lammps/mliap/pytorch.py -> build/lib.linux-x86_64-cpython-310/lammps/mliap
	copying lammps/mliap/mliap_unified_abc.py -> build/lib.linux-x86_64-cpython-310/lammps/mliap
	copying lammps/mliap/__init__.py -> build/lib.linux-x86_64-cpython-310/lammps/mliap
	copying lammps/mliap/mliap_unified_lj.py -> build/lib.linux-x86_64-cpython-310/lammps/mliap
	creating build/lib.linux-x86_64-cpython-310/lammps/ipython
	copying lammps/ipython/magics.py -> build/lib.linux-x86_64-cpython-310/lammps/ipython
	copying lammps/ipython/__init__.py -> build/lib.linux-x86_64-cpython-310/lammps/ipython
	copying lammps/ipython/wrapper.py -> build/lib.linux-x86_64-cpython-310/lammps/ipython
	copying lammps/liblammps.so -> build/lib.linux-x86_64-cpython-310/lammps
	running build_ext
	installing to build/bdist.linux-x86_64/wheel
	running install
	running install_lib
	creating build/bdist.linux-x86_64/wheel
	creating build/bdist.linux-x86_64/wheel/lammps
	copying build/lib.linux-x86_64-cpython-310/lammps/numpy_wrapper.py -> build/bdist.linux-x86_64/wheel/./lammps
	creating build/bdist.linux-x86_64/wheel/lammps/ipython
	copying build/lib.linux-x86_64-cpython-310/lammps/ipython/magics.py -> build/bdist.linux-x86_64/wheel/./lammps/ipython
	copying build/lib.linux-x86_64-cpython-310/lammps/ipython/__init__.py -> build/bdist.linux-x86_64/wheel/./lammps/ipython
	copying build/lib.linux-x86_64-cpython-310/lammps/ipython/wrapper.py -> build/bdist.linux-x86_64/wheel/./lammps/ipython
	creating build/bdist.linux-x86_64/wheel/lammps/mliap
	copying build/lib.linux-x86_64-cpython-310/lammps/mliap/loader.py -> build/bdist.linux-x86_64/wheel/./lammps/mliap
	copying build/lib.linux-x86_64-cpython-310/lammps/mliap/pytorch.py -> build/bdist.linux-x86_64/wheel/./lammps/mliap
	copying build/lib.linux-x86_64-cpython-310/lammps/mliap/mliap_unified_abc.py -> build/bdist.linux-x86_64/wheel/./lammps/mliap
	copying build/lib.linux-x86_64-cpython-310/lammps/mliap/__init__.py -> build/bdist.linux-x86_64/wheel/./lammps/mliap
	copying build/lib.linux-x86_64-cpython-310/lammps/mliap/mliap_unified_lj.py -> build/bdist.linux-x86_64/wheel/./lammps/mliap
	copying build/lib.linux-x86_64-cpython-310/lammps/data.py -> build/bdist.linux-x86_64/wheel/./lammps
	copying build/lib.linux-x86_64-cpython-310/lammps/liblammps.so -> build/bdist.linux-x86_64/wheel/./lammps
	copying build/lib.linux-x86_64-cpython-310/lammps/core.py -> build/bdist.linux-x86_64/wheel/./lammps
	copying build/lib.linux-x86_64-cpython-310/lammps/constants.py -> build/bdist.linux-x86_64/wheel/./lammps
	copying build/lib.linux-x86_64-cpython-310/lammps/__init__.py -> build/bdist.linux-x86_64/wheel/./lammps
	copying build/lib.linux-x86_64-cpython-310/lammps/formats.py -> build/bdist.linux-x86_64/wheel/./lammps
	running install_egg_info
	running egg_info
	writing lammps.egg-info/PKG-INFO
	writing dependency_links to lammps.egg-info/dependency_links.txt
	writing top-level names to lammps.egg-info/top_level.txt
	reading manifest file 'lammps.egg-info/SOURCES.txt'
	writing manifest file 'lammps.egg-info/SOURCES.txt'
	Copying lammps.egg-info to build/bdist.linux-x86_64/wheel/./lammps-2025.12.10-py3.10.egg-info
	running install_scripts
	creating build/bdist.linux-x86_64/wheel/lammps-2025.12.10.dist-info/WHEEL
	creating '/opt/my_lammps/build/build-python/.tmp-mrm82vvi/lammps-2025.12.10-cp310-cp310-linux_x86_64.whl' and adding 'build/bdist.linux-x86_64/wheel' to it
	adding 'lammps/__init__.py'
	adding 'lammps/constants.py'
	adding 'lammps/core.py'
	adding 'lammps/data.py'
	adding 'lammps/formats.py'
	adding 'lammps/liblammps.so'
	adding 'lammps/numpy_wrapper.py'
	adding 'lammps/ipython/__init__.py'
	adding 'lammps/ipython/magics.py'
	adding 'lammps/ipython/wrapper.py'
	adding 'lammps/mliap/__init__.py'
	adding 'lammps/mliap/loader.py'
	adding 'lammps/mliap/mliap_unified_abc.py'
	adding 'lammps/mliap/mliap_unified_lj.py'
	adding 'lammps/mliap/pytorch.py'
	adding 'lammps-2025.12.10.dist-info/METADATA'
	adding 'lammps-2025.12.10.dist-info/WHEEL'
	adding 'lammps-2025.12.10.dist-info/top_level.txt'
	adding 'lammps-2025.12.10.dist-info/RECORD'
	removing build/bdist.linux-x86_64/wheel
	Successfully built lammps-2025.12.10-cp310-cp310-linux_x86_64.whl
	Building new binary wheel
	Purging existing wheels...
	
	Installing wheel into system site-packages folder
	Processing ./lammps-2025.12.10-cp310-cp310-linux_x86_64.whl
	Installing collected packages: lammps
	Successfully installed lammps-2025.12.10
	WARNING: Running pip as the 'root' user can result in broken permissions and conflicting behaviour with the system package manager, possibly rendering your system unusable. It is recommended to use a virtual environment instead: https://pip.pypa.io/warnings/venv. Use the --root-user-action option if you know what you are doing and want to suppress this warning.
	Built target install-python
[stage-0 23/29] RUN --mount=type=cache,target=/root/.cache/uv uv pip install --system mpi4py pylammpsmpi calphy cupy-cuda12x phonopy seekpath spglib ipi
	Using Python 3.10.12 environment at: /usr
	Resolved 52 packages in 21.27s
	Downloading cupy-cuda12x (107.0MiB)
	Downloaded cupy-cuda12x
	Prepared 17 packages in 25m 15s
	warning: Failed to hardlink files; falling back to full copy. This may lead to degraded performance.
	If the cache and target directories are on different filesystems, hardlinking may not be supported.
	If this is intentional, set `export UV_LINK_MODE=copy` or use `--link-mode=copy` to suppress this warning.
	Installed 36 packages in 882ms
	+ annotated-types==0.7.0
	+ calphy==1.4.6
	+ cloudpickle==3.1.2
	+ colorama==0.4.6
	+ cupy-cuda12x==13.6.0
	+ deprecated==1.3.1
	+ exceptiongroup==1.3.1
	+ executorlib==1.7.3
	+ fastrlock==0.8.3
	+ greenlet==3.3.0
	+ h5py==3.15.1
	+iniconfig==2.3.0
	+ipi==3.1.7
	+ mendeleev==1.1.0
	+mpi4py==4.1.1+ pandas==2.3.3
	+ phonopy==2.46.1
	+pluggy==1.6.0
	+ pybind11==3.0.1
	+ pydantic==2.12.5
	+ pydantic-core==2.41.5
	+ pyfiglet==0.8.post1
	+ pygments==2.19.2
	+ pylammpsmpi==0.3.7
	+ pyscal3==3.2.7
	+ pytest==9.0.2
	+ pytz==2025.2
	+ pyzmq==27.1.0
	+ seekpath==2.1.0
	+ spglib==2.6.0
	+ sqlalchemy==2.0.45
	+symfc==1.6.0
	+ tomli==2.3.0+typing-inspection==0.4.2+tzdata==2025.3
	+ wrapt==2.0.1
[stage-0 24/29] RUN --mount=type=cache,target=/root/.cache/uv uv pip install --system ase
	Using Python 3.10.12 environment at: /usr
	Audited 1 package in 16ms
[stage-0 25/29] RUN --mount=type=cache,target=/root/.cache/uv uv pip install --system nvidia-ml-py
	Using Python 3.10.12 environment at: /usr
	Audited 1 package in 13ms
[stage-0 26/29] RUN --mount=type=cache,target=/root/.cache/uv uv pip uninstall --system h5py || true &&     uv pip install --system h5py --no-binary h5py
	Using Python 3.10.12 environment at: /usr
	Uninstalled 1 package in 24ms- h5py==3.15.1
	Using Python 3.10.12 environment at: /usr
	Resolved 2 packages in 1.24s
	warning: Failed to hardlink files; falling back to full copy. This may lead to degraded performance.
	If the cache and target directories are on different filesystems, hardlinking may not be supported.
	If this is intentional, set `export UV_LINK_MODE=copy` or use `--link-mode=copy` to suppress this warning.
	Installed 1 package in 137ms
	+ h5py==3.15.1
[stage-0 27/29] RUN --mount=type=cache,target=/root/.cache/uv uv pip install --system mace-torch     e3nn     opt_einsum     torchmetrics     prettytable     matscipy     lmdb
	Using Python 3.10.12 environment at: /usr
	Resolved 62 packages in 3.37s
	Prepared 2 packages in 4.52s
	Uninstalled 1 package in 47ms
	warning: Failed to hardlink files; falling back to full copy. This may lead to degraded performance.
	If the cache and target directories are on different filesystems, hardlinking may not be supported.
	If this is intentional, set `export UV_LINK_MODE=copy` or use `--link-mode=copy` to suppress this warning.
	Installed 11 packages in 39ms
	+ configargparse==1.7.1
	- e3nn==0.5.9
	+ e3nn==0.4.4
	+ gitdb==4.0.12
	+ gitpython==3.1.45
	+ mace-torch==0.3.14
	+ orjson==3.11.5
	+ prettytable==3.17.0
	+ python-hostlist==2.3.0
	+ smmap==5.0.2
	+ torch-ema==0.3
	+ wcwidth==0.2.14
[stage-0 28/29] RUN python3 -c "import mace; import cupy; import numpy; print('MACE packages installed successfully')" &&     python3 -c "import cuequivariance; print(f'cuEquivariance {cuequivariance.__version__} is ready')" || echo "Warning: Some packages may not be importable at build time"
	MACE packages installed successfully
	cuEquivariance 0.8.0 is ready
[stage-0 29/29] WORKDIR /workspace
exporting to image
	exporting layers 0/0 210.511
	exporting manifest sha256:9a9c8c141b933dc48f345ea88258e571c9198bf9dffc4fa1f797fe55686f2f13 0/0 0.033
	exporting config sha256:c7a35d3959975880993502cc6b96c3b4ed7f366985958de0d34e688f0e0b9293 0/0 0.041
	exporting attestation manifest sha256:0d2d967b7ecda5398259d32264ff4219dc3e21d9f82eb2f88a90174950bfe847 0/0 0.069
	exporting manifest list sha256:ad2d8d8562426f882ab9bd33bbab7dc7ee6308f74b6af828fe0a5084c61f7e2d 0/0 0.033
	naming to docker.io/library/lammps-cvhd:rtx5080 0/0 0.008
	unpacking to docker.io/library/lammps-cvhd:rtx5080 0/0 166.915
